5302  1
    0   2532  1294  2443    -1
    1    803  2256   759    -1
    2    927  2473   839    -1
    3   1579   524  1491    -1
    4   2578  1207  2533    -1
    5    979  2347   935    -1
    6   1235  2384  1191    -1
    7   1756   349  1712    -1
    8   1251    65  1207    -1
    9   2437  1288  2347    -1
   10   2429  1368  2384    -1
   11    437  1889   349    -1
   12    109  1384    65    -1
   13   2528  1113  2483    -1
   14   1332  2483  1288    -1
   15   2520   295  1368    -1
   16    526  1890   482    -1
   17   1933   482  1889    -1
   18   1429   286  1384    -1
   19   1338  2533  1294    -1
   20   2622  1293  2576    -1
   21   2301   935  2256    -1
   22    758  1945   714    -1
   23   2564  1414  2520    -1
   24   2518  1191  2473    -1
   25    926  2113   882    -1
   26    568  1712   524    -1
   27   1578   215  1534    -1
   28   1432  1268  2650    -1
   29   1247  2575  1203    -1
   30   1026  2305   982    -1
   31   1157  2573  1113    -1
   32   1900   537  1856    -1
   33   2111   529  2067    -1
   34   1803   440  1759    -1
   35   1934   483  1890    -1
   36   1695  2650  1607    -1
   37    375  1607   331    -1
   38   1826   331  1782    -1
   39    374  1782   286    -1
   40   1337  2443  1293    -1
   41   2350  1203  2305    -1
   42   2619   982  2573    -1
   43   1989   759  1945    -1
   44    624  1856   536    -1
   45   1767   536  1723    -1
   46    491  1723   447    -1
   47   1459   447  1414    -1
   48   2157   839  2113    -1
   49    528  2067   440    -1
   50    527  1759   483    -1
   51    259  1491   215    -1
   52   1292  2576  1248    -1
   53   2621  1248  2575    -1
   54   1901   714  1857    -1
   55    581  1857   537    -1
   56   2024   882  1937    -1
   57    573  1937   529    -1
   58   2637  1534  2598    -1
   59   1312  2598  1268    -1
   60   1009  2093  2404    -1
   61   1010  2538   966    -1
   62    853  2261  2406    -1
   63    156  1796   858    -1
   64   1049     7  1005    -1
   65   2194  1741  2136    -1
   66   2378  1873   422    -1
   67   1821   466  1242    -1
   68   2134  2181   947    -1
   69   1511  2586  1980    -1
   70   1773  2004   290    -1
   71     91   158    92    -1
   72   2174   723  2219    -1
   73    764   853  1907    -1
   74   2092   806  1867    -1
   75    974  2271   642    -1
   76   1941  2314  1897    -1
   77     96  1415  2446    -1
   78   1451   174  1076    -1
   79    836   502  2108    -1
   80   2629  2359  2237    -1
   81   1100  2449  1012    -1
   82   1911  2451   393    -1
   83   2456  2001   127    -1
   84   1108    26  2591    -1
   85   2501   191  2025    -1
   86   1668  1624  1559    -1
   87    540  1860   623    -1
   88    659   804  2122    -1
   89   1649  1633   379    -1
   90   1605  1325  2475    -1
   91   1559  1624  2574    -1
   92   1515  2255  2326    -1
   93   2380  1957  2022    -1
   94   1514  1649    68    -1
   95   1435  1383  1470    -1
   96   2574  1580   392    -1
   97   2066  1983   791    -1
   98   2179  1111   102    -1
   99   1143   216   112    -1
  100   1503  1542   135    -1
  101   1370  1647  1003    -1
  102   2210  1205  1827    -1
  103   1865  1335  2270    -1
  104   2359  2120  1111    -1
  105     40  1405  1237    -1
  106    888  1627   351    -1
  107   1653  2596  2326    -1
  108   2629   138  1986    -1
  109    532  1719   576    -1
  110    136  2444  1021    -1
  111    358   402  2006    -1
  112   2640  1275    45    -1
  113    993     7    40    -1
  114   2337  2058   657    -1
  115     24   836  2382    -1
  116   1888   394  2302    -1
  117   1155  1487   376    -1
  118   2196  1183  2241    -1
  119    435  2108   502    -1
  120   1104  2250  2071    -1
  121    344  1957  2380    -1
  122   1871  1915  2486    -1
  123    892   848  2075    -1
  124    959  1076  1452    -1
  125   2644    96   930    -1
  126    194  1103  1377    -1
  127     68   435   502    -1
  128   2580    58  1691    -1
  129   2269   149  1514    -1
  130    510  2215  2126    -1
  131   1377  1059  2338    -1
  132   2179   102   149    -1
  133   1021  2399  1162    -1
  134    977  1532  2570    -1
  135   1202  2152   801    -1
  136   1722  1846   438    -1
  137   1101  1591   315    -1
  138   1180  2508  2463    -1
  139    371  1830   540    -1
  140   2109   449   163    -1
  141   2426  2471  1567    -1
  142    702  1886  1146    -1
  143   1842  2430  1042    -1
  144   1487  1969   102    -1
  145     13  1806  2026    -1
  146   2216   853  2406    -1
  147   2154  2199  1258    -1
  148   1954   547  1998    -1
  149   1884    97  1102    -1
  150    350   372   328    -1
  151   1202   168   832    -1
  152    101  2393    75    -1
  153   2075   848   659    -1
  154   2359  1986  2120    -1
  155    318   141  2446    -1
  156    125  1136    81    -1
  157   1822   678  1866    -1
  158   1864   412  1908    -1
  159    257  1738   242    -1
  160   2530  1915  1159    -1
  161    551  1469  1858    -1
  162   1424  1671   888    -1
  163   2335   441   735    -1
  164   2290  1635  1101    -1
  165   2599   887  1181    -1
  166    490  1673  1629    -1
  167    244   291   718    -1
  168    288  1823  1655    -1
  169    332  1699   302    -1
  170   2217   898  1225    -1
  171    175  1539    88    -1
  172    376  1750   845    -1
  173    415  1734   936    -1
  174     10  1957   344    -1
  175   2418   305  1668    -1
  176    844  1512  1135    -1
  177     97  1326  1102    -1
  178    464  1523   420    -1
  179   2177  2222   775    -1
  180   2463  2508  1657    -1
  181    420   158   464    -1
  182    200   784  1781    -1
  183    508   155  1475    -1
  184   1423  1653  2570    -1
  185    716  1329  2079    -1
  186    931   552  1126    -1
  187   2377  2158  2203    -1
  188    596   555  1482    -1
  189   1672     9  2163    -1
  190    782  1213  1067    -1
  191   2149   684  1346    -1
  192   1102    52  1169    -1
  193   2327   728   115    -1
  194    772   319  1727    -1
  195    379  1633  1309    -1
  196    124   442  1497    -1
  197   2093  2388  2343    -1
  198   1766    88  1760    -1
  199    531  2215  2260    -1
  200    904  2043  2219    -1
  201    477   521   687    -1
  202   1211   411  1887    -1
  203   1094  2016  1541    -1
  204    236   756   790    -1
  205   1777   991  1480    -1
  206   1064  1035  1831    -1
  207   1492  2560    85    -1
  208    775   384  2177    -1
  209    216   566   478    -1
  210   1718   222   266    -1
  211    837  1123  2425    -1
  212    640   680   723    -1
  213    816   906   268    -1
  214   1167   907   574    -1
  215   1375  1465   453    -1
  216   1093  2403   960    -1
  217   2207  2252  1082    -1
  218    675   154  2049    -1
  219   1255   916  1708    -1
  220   1299   643  2150    -1
  221   1928  1004  2153    -1
  222   1343  1618   488    -1
  223   1388  1913  2452    -1
  224   1433  2497  2192    -1
  225   2472   479  2035    -1
  226   1169  2541  1102    -1
  227    782    34  2482    -1
  228   2035   256  2609    -1
  229   1737   784   896    -1
  230     92   506    91    -1
  231   1685   479  1752    -1
  232   2351  1600   564    -1
  233   1477    71  1037    -1
  234   1603  1560  1398    -1
  235   1520   350   819    -1
  236   2129  1843  2085    -1
  237    100   144   994    -1
  238   2107  1051     6    -1
  239    964  1887  2494    -1
  240   2356  1341   944    -1
  241   1913  1608  1919    -1
  242    322   366  1962    -1
  243    826   210   481    -1
  244   2226  1776  1369    -1
  245   1390  2281  2481    -1
  246   2045  2461  2506    -1
  247   1696   634  1822    -1
  248   1696  1353  1133    -1
  249     55  1740  1114    -1
  250   1740  2645  1373    -1
  251   1784  1498  1503    -1
  252   1784    91   506    -1
  253    919  1828  2245    -1
  254   1828   875  2194    -1
  255    460  1872  2292    -1
  256   1872   416  1911    -1
  257    541  1916  1987    -1
  258   1916   497  1508    -1
  259   1959   276  1552    -1
  260   1959  1508  1446    -1
  261   1764  2003  2031    -1
  262   2003  1720   488    -1
  263   1096  2047  1988    -1
  264   2047  1052  2151    -1
  265   2091  1139  2196    -1
  266   2091  2151  1289    -1
  267   2135   990  2178    -1
  268   2135  2134   594    -1
  269   2180   460  1824    -1
  270   1662  2180  1780    -1
  271   2225   503  1954    -1
  272   2225  1911  1058    -1
  273    634  2270  1335    -1
  274   2270   590  1821    -1
  275    276  2315   525    -1
  276   2315   232  1330    -1
  277   2360  2524  1418    -1
  278   2360  1373   569    -1
  279   2405  2404  2387    -1
  280   2450  1764   401    -1
  281   2450   357  1545    -1
  282   2495  1675   532    -1
  283   2495   488  1618    -1
  284   1498  2539  1426    -1
  285   2539  1455  2606    -1
  286   1139  2585  2527    -1
  287   2585  1095  2195    -1
  288   2630   654  2239    -1
  289   2630  2194  2276    -1
  290     25   368  1864    -1
  291     25  1820   756    -1
  292    368    69   463    -1
  293     69   324  1511    -1
  294    113  1231  2640    -1
  295    113  2605    31    -1
  296   1231   157  1891    -1
  297    157  1187  2289    -1
  298    201  1033  2312    -1
  299    201  2267   156    -1
  300    245   681  2044    -1
  301   2000  2436  2563    -1
  302    503   289  1546    -1
  303    289   459  1353    -1
  304    545   333  2247    -1
  305    333   501  1820    -1
  306    499   377   444    -1
  307   1290  2351  2013    -1
  308    421  1817   656    -1
  309    421   454  1773    -1
  310    465    55  1374    -1
  311    465  1330    63    -1
  312    509  2478  1152    -1
  313    509  1108   207    -1
  314   2478   553  2516    -1
  315   2148  2448  2193    -1
  316    597  2251  1018    -1
  317    597   974  1513    -1
  318    641  2028   578    -1
  319    641   534  2314    -1
  320   1675   685  2391    -1
  321    685  1631    91    -1
  322   1188   729  1855    -1
  323    729  1144  2605    -1
  324   1098  2628   347    -1
  325   2628  1054  2378    -1
  326   1141   773  2608    -1
  327    773  1097  2422    -1
  328    817   919  2240    -1
  329    817  2195   705    -1
  330    740   580  1798    -1
  331    861   112   609    -1
  332    905  2178  1245    -1
  333    905   609  2134    -1
  334    990   948  1427    -1
  335    948   946  2267    -1
  336   1033  1234  2077    -1
  337   1234   989  2000    -1
  338    992   499  1555    -1
  339    992  1511    64    -1
  340   1598  1496  1453    -1
  341   1036  2494   454    -1
  342   1080  1018   462    -1
  343   1080  2387   974    -1
  344   2251  1124  1380    -1
  345   1124  2206   534    -1
  346   1168  1098  2334    -1
  347   1168  2289  2538    -1
  348   1212  1141  2423    -1
  349   1212  2378   823    -1
  350   1256   545  1865    -1
  351   1256  1821    16    -1
  352   2524  1300  1339    -1
  353   1300  2479  1108    -1
  354   1344  1188  2641    -1
  355   1344  2606  2449    -1
  356    654  1389  2244    -1
  357    681  1434  2112    -1
  358   1434   637  1780    -1
  359   1478   541  1817    -1
  360   1478  1773   800    -1
  361   2028  1521  2519    -1
  362   1521  1984   357    -1
  363   1565  1096  2467    -1
  364   1565  2422   106    -1
  365   1433  2004   410    -1
  366   1345  1818  1774    -1
  367   2150  2107     6    -1
  368     41   936  1734    -1
  369   2582   901  2266    -1
  370   1420   520   212    -1
  371   1035    26  2434    -1
  372   2149  1741   684    -1
  373   1388  1785  1608    -1
  374    410  2494   366    -1
  375   1829  1560  2646    -1
  376   2620  1443  1969    -1
  377    718  2333   422    -1
  378    552  2271  2342    -1
  379   2016  2554  2642    -1
  380    744  2208   933    -1
  381    959  1407  1076    -1
  382   1674  2616  1243    -1
  383   1960  2193  2493    -1
  384   1729   290  2192    -1
  385    640  2141   680    -1
  386     49  1047   484    -1
  387   2196  1988  2047    -1
  388   1608  1785   945    -1
  389   2291  1714   306    -1
  390   2295  1874  1105    -1
  391   1299  1609  1008    -1
  392    728  2327   947    -1
  393   2156  1935   559    -1
  394   1794  1530   138    -1
  395   1595   231  1799    -1
  396    552   931   642    -1
  397    222  1364   391    -1
  398   1482  2559   327    -1
  399    565   112   521    -1
  400   2361  1673   490    -1
  401    873   828  2417    -1
  402   2451  1520   393    -1
  403   2516   553  2405    -1
  404    849   623  1860    -1
  405   2540  1317  2639    -1
  406   2084   721  1315    -1
  407   2586   574  1980    -1
  408   2465     0  2510    -1
  409    144   188  1446    -1
  410   1457  1255   816    -1
  411   1225   720  2216    -1
  412   1064    26  1035    -1
  413   2342  2404  2252    -1
  414   1037   313  2147    -1
  415    420    47    92    -1
  416   2488   146  1917    -1
  417     58   949   151    -1
  418   1505   451  1462    -1
  419   1225  2216  2217    -1
  420   1810   443   486    -1
  421    596  2316  1100    -1
  422    574  2586  1167    -1
  423   2199   923   966    -1
  424    444   377  1036    -1
  425    991  1777  1242    -1
  426   1477   114  1941    -1
  427   2105   626  1725    -1
  428    302  1286   262    -1
  429   1957  2182  1471    -1
  430    443   928  1806    -1
  431   1089  1311   598    -1
  432   1904  2213   628    -1
  433   2615  2480  1285    -1
  434   2472   214  1664    -1
  435    285   961   917    -1
  436    595  1342  1562    -1
  437   1081   615  2504    -1
  438   1064  2388  2591    -1
  439   1190  1978  1574    -1
  440   2149   566  2136    -1
  441   1373   522  1065    -1
  442   1274   584   711    -1
  443    488   787  1343    -1
  444    991   466   546    -1
  445   1410  2471  2569    -1
  446   1520  2451   372    -1
  447   1051  1007  2106    -1
  448   1315  2127  2128    -1
  449   2124   943   515    -1
  450    452   845  2119    -1
  451   1771   274   363    -1
  452    457   369  1732    -1
  453    398  1628  1497    -1
  454    131  1379   175    -1
  455   2314   534  1632    -1
  456   1389  1143   112    -1
  457    175  1379   810    -1
  458   2026   928   885    -1
  459   1053   965  2332    -1
  460    893  2213  2081    -1
  461   1423    48   189    -1
  462   1461  1532  1066    -1
  463   1820  2297   790    -1
  464    672   147  1091    -1
  465   1386   107  1476    -1
  466    139   183   184    -1
  467    746  2191  2182    -1
  468   1543  2559  1099    -1
  469    903  2222  1796    -1
  470   2309   899   768    -1
  471   1662  1780  1706    -1
  472   1699   332   100    -1
  473   1595  1799  1639    -1
  474    222   391   266    -1
  475   1629  1766   490    -1
  476    453  1465  2389    -1
  477   1508  2389  1465    -1
  478   2186    98  1638    -1
  479    332   554   188    -1
  480   1125  2612  1194    -1
  481   2161   402  1632    -1
  482   1932   832  1931    -1
  483   1676  1588   400    -1
  484   1169    52  2611    -1
  485   2449  2606  2569    -1
  486   1167  2586   280    -1
  487   2538  2289  1543    -1
  488    684  1741   831    -1
  489    728  2181   565    -1
  490   2193    70  2148    -1
  491   1029  2129  2085    -1
  492    464   158  1587    -1
  493   2267  2117  1796    -1
  494    244  1873  1010    -1
  495   1223  2472  1664    -1
  496    809   676  1863    -1
  497   2259  2584   763    -1
  498   1706   593  1736    -1
  499   1677  2371  1708    -1
  500   1061  1754   902    -1
  501   2481  1370  1390    -1
  502   2422  1056   150    -1
  503   1479   984   940    -1
  504   1342  2493  2583    -1
  505    934   713   339    -1
  506   1711    82   779    -1
  507   2195   409   860    -1
  508   1610  1472  2631    -1
  509    372   416  1662    -1
  510   1045   413  2065    -1
  511   1508   497  2389    -1
  512   2380  1664   214    -1
  513   1545  1676   787    -1
  514   2151  1052  1609    -1
  515   2401  1385   988    -1
  516   2436   593  2563    -1
  517   1773   454  2004    -1
  518   1984   641  2314    -1
  519   1147  1103   194    -1
  520   2422  1097  1056    -1
  521   1796   156  2267    -1
  522   1058   393   288    -1
  523    916  1677  1708    -1
  524   1330   232   554    -1
  525   1065  1285  2344    -1
  526   1587  1631  1618    -1
  527   1698  1939  1895    -1
  528   2195  1095   409    -1
  529   2267   946  2117    -1
  530   2000   989  1785    -1
  531   2027   929   928    -1
  532   1211   964   455    -1
  533   1267   487  2158    -1
  534    410   454  2494    -1
  535    801  2152  1928    -1
  536    974  2387  2271    -1
  537    396   459  1058    -1
  538    534  2206  1632    -1
  539   1054  1168  2538    -1
  540    823  1053  1056    -1
  541   1904  1947  2258    -1
  542    945   989   156    -1
  543   1786  1932  1840    -1
  544    455   964   377    -1
  545   1513  2161  1632    -1
  546   1830   805   761    -1
  547   2378  1054  1873    -1
  548   2134   609  2181    -1
  549    594   903  2117    -1
  550    202  1226  1182    -1
  551   1224  1180  1589    -1
  552   1820   501  2297    -1
  553   1172  1701  1050    -1
  554    280   324   756    -1
  555    415   936   396    -1
  556   1511   324  2586    -1
  557    826  2339  1844    -1
  558    207  2388  1009    -1
  559   2433  1009   553    -1
  560    762  2125  2213    -1
  561   2342  2387  2404    -1
  562   2461  1778   639    -1
  563   2605  1144  2316    -1
  564    723   854   640    -1
  565     31  2559  1543    -1
  566   1929   829   828    -1
  567   2289  1187  1543    -1
  568   1961  1634  2165    -1
  569    565   609   112    -1
  570   1780   637  1706    -1
  571   1181  2073  2599    -1
  572   2085  2262  2226    -1
  573    800   453  2389    -1
  574   2400   900  1120    -1
  575   1373  2645   522    -1
  576   1504  1548  1462    -1
  577    357  1984   114    -1
  578   1918   539   495    -1
  579    506  1410  2569    -1
  580   1449  2638   172    -1
  581   1008  1052   106    -1
  582   1946   672  1079    -1
  583   2194   875  1741    -1
  584   1911   416  2451    -1
  585    293  2282   345    -1
  586     16   457  2297    -1
  587   2090   495  1091    -1
  588    188   232  1446    -1
  589   1155  2005  1969    -1
  590   1108  2479    26    -1
  591   2083  2127  1315    -1
  592    488  1720   787    -1
  593   1238  1282  1125    -1
  594   1144  1344  2449    -1
  595   2536  2581  1816    -1
  596   1289  1051   409    -1
  597     42    86  2540    -1
  598    610  1143  1389    -1
  599   1353   459   396    -1
  600   1060   883  2250    -1
  601   1821   590   466    -1
  602   1024  2227   850    -1
  603     63  2615   522    -1
  604   2272   228   184    -1
  605   2434  2479   569    -1
  606   2317  1626  1582    -1
  607     91  1631   158    -1
  608   2203  2362  2071    -1
  609   2606  1455  2569    -1
  610   2407   943  1030    -1
  611    831   875   705    -1
  612   2276   566  1143    -1
  613   2452   549  1388    -1
  614   2452  1869  1527    -1
  615    985   812  2041    -1
  616   2497   278  1641    -1
  617    790  1732   236    -1
  618   1853   358  1809    -1
  619   2587  2332   965    -1
  620   2587   922  1747    -1
  621      1  1736   549    -1
  622      1   505  1262    -1
  623     27   365  1729    -1
  624     27  1641  1306    -1
  625   2156  2224  1132    -1
  626     71  1809   269    -1
  627    860   705  2195    -1
  628    877  2287   833    -1
  629   1273    59  2414    -1
  630    115   433  2046    -1
  631   1065   569  1373    -1
  632    814  2177   770    -1
  633    159  1554   411    -1
  634    159   367  1130    -1
  635    203  1107  2343    -1
  636    203  2298  2592    -1
  637    247  2029   931    -1
  638    247   843  1174    -1
  639   1081   571  1977    -1
  640    291   879  2288    -1
  641    284  1692   240    -1
  642    335  1732   369    -1
  643    150   106  2422    -1
  644    192  1688   148    -1
  645    423  1375   365    -1
  646    423   321   780    -1
  647    467  2343  1064    -1
  648    467  1020  1835    -1
  649    511  1588   313    -1
  650    511   269   824    -1
  651    880   788   701    -1
  652    555   925  2515    -1
  653    599  1099  2559    -1
  654    599  2515  2632    -1
  655    814   858  2222    -1
  656    643   833  2063    -1
  657   1343   400  1499    -1
  658    687  1665   433    -1
  659    731   859  2327    -1
  660    731  2046    32    -1
  661    775  2222   859    -1
  662     47  1410    92    -1
  663    819   240  1779    -1
  664    863   458  1734    -1
  665    863  1690  2187    -1
  666    907   148  1378    -1
  667    411   950   367    -1
  668    950  1378   472    -1
  669   2141  2172  2171    -1
  670    994  1331    56    -1
  671   1038  1285  2480    -1
  672    652  1061   446    -1
  673   1082  1063  2162    -1
  674   1833  2216  2406    -1
  675   1126  2162   843    -1
  676   1170   400  1588    -1
  677   1214  1365    47    -1
  678   1214  2607  2367    -1
  679   1258  2199  1099    -1
  680    923  2154   879    -1
  681   1302  1007  2107    -1
  682   1302  2063  2412    -1
  683     88  1145    44    -1
  684   1346   655  2061    -1
  685   1391  2480  1286    -1
  686   1391  1154  1440    -1
  687    900  2400   856    -1
  688    699  2062   655    -1
  689   1436  1734   283    -1
  690   1436   239  1571    -1
  691   2153  2022  1471    -1
  692   1480   414  1733    -1
  693   2299  1241  2254    -1
  694   1523  1411  2607    -1
  695   1567  2471  1365    -1
  696   1611   478  2149    -1
  697   1611  2061  2098    -1
  698   1655   283   288    -1
  699   1655  1779   912    -1
  700    175    88    44    -1
  701   1699   100    56    -1
  702   1456   356  1411    -1
  703   1743  2106  1007    -1
  704   1787   369  1777    -1
  705   1787  1733    76    -1
  706   1831  2254  1020    -1
  707   1094  1541  1359    -1
  708    968  2426   925    -1
  709   1875  1709   478    -1
  710   1875   434   340    -1
  711   1919   770   428    -1
  712    379    68  1649    -1
  713   1962  1510   278    -1
  714   2006   402  2029    -1
  715   2050   965  2333    -1
  716   2050  2288   692    -1
  717   2094   548  1912    -1
  718   2094  1868   504    -1
  719   2138  1640   629    -1
  720   2138   585  1596    -1
  721   2183  2614  1506    -1
  722   2183  1463  2568    -1
  723   2228  1852   489    -1
  724   2228   445  1808    -1
  725   2273  2286  1184    -1
  726   2273  1140  2241    -1
  727   2318   742  2329    -1
  728   2318  2284   698    -1
  729   2363  1952   722    -1
  730   2363   678  1909    -1
  731   2408    90  1586    -1
  732   2408  1542    46    -1
  733   2453  2402  1078    -1
  734   2453  1034  2357    -1
  735   2498  2042   548    -1
  736   2498   504  1998    -1
  737   2542   587  1643    -1
  738   2542  1599   543    -1
  739   2588   364  1640    -1
  740   2588  1596   320    -1
  741      2  1106  2522    -1
  742      2  2477   462    -1
  743     28   620  1852    -1
  744     28  1808   576    -1
  745     72  1186  2424    -1
  746     72  2379  1142    -1
  747    116  1227  2286    -1
  748    116  2241  1183    -1
  749    160  2132  1121    -1
  750    160  1077  2088    -1
  751    204  1912   769    -1
  752    204   725  1868    -1
  753    248  1910   591    -1
  754    248   547  1866    -1
  755    292   722  1910    -1
  756    292  1866   678    -1
  757    336   629  1905    -1
  758    336  1861   585    -1
  759    380   143  1464    -1
  760    380  1419    99    -1
  761    424   666  2341    -1
  762    424  2296   622    -1
  763    468   489  2116    -1
  764    468  2072   445    -1
  765    512   179  1763    -1
  766    512  1719   135    -1
  767    556  1586   179    -1
  768    556   135  1542    -1
  769    600  1184  2556    -1
  770    600  2512  1140    -1
  771    644  1006  2330    -1
  772    644  2285   962    -1
  773    688  2268   741    -1
  774    688   697  1245    -1
  775    732  1121  2402    -1
  776    732  2357  1077    -1
  777    776   456  1951    -1
  778    776  1908   412    -1
  779    820  1686   587    -1
  780    820   543  1642    -1
  781    864   586  1686    -1
  782    864  1642   542    -1
  783    908  1506   143    -1
  784    908    99  1463    -1
  785    951  1239  2567    -1
  786    951  2523  1195    -1
  787    995  2341  1106    -1
  788    995  1062  2296    -1
  789   1039  1319    89    -1
  790   1039    45  1275    -1
  791   1083  2513  1186    -1
  792   1083  1142  2468    -1
  793   1127  1229  2513    -1
  794   1127  2468  1185    -1
  795   1171  2329  1006    -1
  796   1171   962  2284    -1
  797   1215  1078  2268    -1
  798   1215  2223  1034    -1
  799   1259   769  2132    -1
  800   1259  2088   725    -1
  801   1303   633  1952    -1
  802   1303  1909   589    -1
  803   1347  1643   456    -1
  804   1347   412  1599    -1
  805   1392  1240  2614    -1
  806   1392  2568  1196    -1
  807   1437  2522  1239    -1
  808   1437  1195  2477    -1
  809   1481  2116   666    -1
  810   1481   622  2072    -1
  811   1524  1276    90    -1
  812   1524    46  1232    -1
  813   1568  2424  1319    -1
  814   1568  1275  2379    -1
  815   1612  1841   742    -1
  816   1612   698  1797    -1
  817   1656  1905   586    -1
  818   1656   542   656    -1
  819   1700  2556  1229    -1
  820   1700  1185  2512    -1
  821   1744   591  2042    -1
  822   1744  1998   547    -1
  823   1788  1464   364    -1
  824   1788   320  1419    -1
  825   1832  1763   620    -1
  826   1832   576  1719    -1
  827   1876  2330  1227    -1
  828   1876  1183  2285    -1
  829   1920  1951   633    -1
  830   1920   589  1908    -1
  831   1963  2567  1240    -1
  832   1963  1196  2523    -1
  833   2007    89  1276    -1
  834   2007  1232    45    -1
  835   2051   741  1841    -1
  836   2051  1797   697    -1
  837   2095   679  2130    -1
  838   2095  2086   635    -1
  839   2344  2434   569    -1
  840   2139   408  1507    -1
  841   2184  1851   708    -1
  842   2184   664  1807    -1
  843   2420  2229  1701    -1
  844   2229  1271  2375    -1
  845   2274   636  1999    -1
  846   2274  1955   592    -1
  847   2319   717  1992    -1
  848   2319  1948   673    -1
  849   2364  1728   717    -1
  850   2364   673  1684    -1
  851   2409  1940  1564    -1
  852   2409   533  1896    -1
  853   2454  1272  2639    -1
  854   2454  2602  1228    -1
  855   2499  2376  1272    -1
  856   2499  1228  2331    -1
  857   2543  1166  2372    -1
  858   2543  2313  1122    -1
  859   2589   857  2221    -1
  860   2589  2176   813    -1
  861      3  1999   857    -1
  862      3   813  1955    -1
  863   2040    29   689    -1
  864     29   766  1996    -1
  865     73  2039   721    -1
  866     73   677  1995    -1
  867    117  1731   544    -1
  868    117   500  1687    -1
  869    161  1992   674    -1
  870    161   630  1948    -1
  871    205    54  1594    -1
  872    205  1550    14    -1
  873    249  2613  1283    -1
  874    249  1284  2613    -1
  875   2612  1327   334    -1
  876   1833   811  2217    -1
  877    754   337   381    -1
  878    337   710  2160    -1
  879   2642  1237  2466    -1
  880    381  2160   533    -1
  881    178   425   777    -1
  882    425  1630   134    -1
  883    469   177  1364    -1
  884    469  1320   133    -1
  885    513  2514  1408    -1
  886    513  1363  2469    -1
  887    557  2639  1317    -1
  888   1273  2647  1201    -1
  889    601   830  2419    -1
  890    601  2374   786    -1
  891    645   829  1929    -1
  892    645  1885   785    -1
  893    689   721  2040    -1
  894    689  1996   677    -1
  895    733  1328    54    -1
  896    733    14  1284    -1
  897    777  1364   178    -1
  898    777   134  1320    -1
  899    821  1929   830    -1
  900    821   786  1885    -1
  901    865  2130   636    -1
  902    865   592  2086    -1
  903   1997   909    29    -1
  904    909  1953   766    -1
  905    952  1551  1728    -1
  906    952  1684   408    -1
  907    996  1594   231    -1
  908    996   187  1550    -1
  909   1040   708  1940    -1
  910   1040  1896   664    -1
  911    267  1084   425    -1
  912   1084   223  1630    -1
  913   1128  2229  1620    -1
  914   1128  2331  1271    -1
  915   1172  1050  2374    -1
  916   1216  2372   829    -1
  917   1216   785  2313    -1
  918   1260  2221  1209    -1
  919   1260  1165  2176    -1
  920   1304  1997   679    -1
  921   1304   635  1953    -1
  922   1348   544  2039    -1
  923   1348  1995   500    -1
  924   1393   674  1345    -1
  925   1393  1730   630    -1
  926   1438   231  2139    -1
  927   1438  1507   187    -1
  928   1283  2566   334    -1
  929   1482  2316   596    -1
  930   1525   754  2431    -1
  931   1525  2386   710    -1
  932   1569   267  1851    -1
  933   1569  1807   223    -1
  934   1613  1408   177    -1
  935   1613   133  1363    -1
  936   1317  2603  2231    -1
  937    115   728   477    -1
  938   1701  2419  2420    -1
  939   1701  2375  1050    -1
  940   1745  2492  1166    -1
  941   1745  1122  2447    -1
  942   1731  1789  1964    -1
  943   1789  1687   631    -1
  944   2566  1194  2612    -1
  945   1126   552  2207    -1
  946   1877  1230  2557    -1
  947   1877  2469  1230    -1
  948   1921  1209  2492    -1
  949   1921  2447  1165    -1
  950   1964   631  1730    -1
  951   2008  2431  1194    -1
  952   2008  1150  2386    -1
  953   2557   557  2231    -1
  954   2052  1647  1710    -1
  955   2096  1996   766    -1
  956   2096   722  1952    -1
  957   2140    14  1550    -1
  958   2140  1506  2614    -1
  959   2185   134  1630    -1
  960   2185  1586    90    -1
  961   2230   786  2374    -1
  962   2230  2329   742    -1
  963   2275   677  1996    -1
  964   2275  1952   633    -1
  965   2320  1284    14    -1
  966   2320  2614  1240    -1
  967   2365  1320   134    -1
  968   2365    90  1276    -1
  969   2410  1885   786    -1
  970   2410   742  1841    -1
  971   2455   630  1730    -1
  972   2455  1686   586    -1
  973   2500   557  2557    -1
  974   2500  2513  1229    -1
  975   2544  1165  2447    -1
  976   2544  2402  1121    -1
  977   2590  2176  1165    -1
  978   2590  1121  2132    -1
  979      4   813  2176    -1
  980      4  2132   769    -1
  981     30   635  2086    -1
  982     30  2042   591    -1
  983     74   766  1953    -1
  984     74  1910   722    -1
  985    118  1995   677    -1
  986    118   633  1951    -1
  987    162  1730   631    -1
  988    162   587  1686    -1
  989    206  1948   630    -1
  990    206   586  1905    -1
  991    250  1507   408    -1
  992    250   364  1464    -1
  993    294  2613  1284    -1
  994    294  1240  2567    -1
  995    338  2386  1150    -1
  996    338  1106  2341    -1
  997    382   710  2386    -1
  998    382  2341   666    -1
  999    426  2160   710    -1
 1000    426   666  2116    -1
 1001    470  1807   664    -1
 1002    470   620  1763    -1
 1003    514  1630   223    -1
 1004    514   179  1586    -1
 1005    558   133  1320    -1
 1006    558  1276    89    -1
 1007    602  2557  1230    -1
 1008    602  1186  2513    -1
 1009    646  2602   557    -1
 1010    646  1229  2556    -1
 1011    690  2375  1271    -1
 1012    690  1227  2330    -1
 1013    734   785  1885    -1
 1014    734  1841   741    -1
 1015    778  1550   187    -1
 1016    778   143  1506    -1
 1017    822  2374  1050    -1
 1018    822  1006  2329    -1
 1019    866  1122  2313    -1
 1020    866  2268  1078    -1
 1021    910  2447  1122    -1
 1022    910  1078  2402    -1
 1023    953  1687   500    -1
 1024    953   456  1643    -1
 1025    997   631  1687    -1
 1026    997  1643   587    -1
 1027   1041  2566  1283    -1
 1028   1041  1239  2522    -1
 1029   1085  1150  2566    -1
 1030   1085  2522  1106    -1
 1031   1129  2469  1363    -1
 1032   1129  1319  2424    -1
 1033   1173  1230  2469    -1
 1034   1173  2424  1186    -1
 1035   1217  1955   813    -1
 1036   1217   769  1912    -1
 1037   1261   592  1955    -1
 1038   1261  1912   548    -1
 1039   1305   673  1948    -1
 1040   1305  1905   629    -1
 1041   1349  1684   673    -1
 1042   1349   629  1640    -1
 1043   1394   533  2160    -1
 1044   1394  2116   489    -1
 1045   1439  1896   533    -1
 1046   1439   489  1852    -1
 1047   1483  1228  2602    -1
 1048   1483  2556  1184    -1
 1049   1526  2331  1228    -1
 1050   1526  1184  2286    -1
 1051   1570  2086   592    -1
 1052   1570   548  2042    -1
 1053   1614   408  1684    -1
 1054   1614  1640   364    -1
 1055   1658   664  1896    -1
 1056   1658  1852   620    -1
 1057   1702  1271  2331    -1
 1058   1702  2286  1227    -1
 1059   1746  1953   635    -1
 1060   1746   591  1910    -1
 1061   1790   187  1507    -1
 1062   1790  1464   143    -1
 1063   1834   223  1807    -1
 1064   1834  1763   179    -1
 1065   1878  1050  2375    -1
 1066   1878  2330  1006    -1
 1067   1922  2313   785    -1
 1068   1922   741  2268    -1
 1069   1965   500  1995    -1
 1070   1965  1951   456    -1
 1071   2009  1283  2613    -1
 1072   2009  2567  1239    -1
 1073   2053  1363   133    -1
 1074   2053    89  1319    -1
 1075   1307  1263   375    -1
 1076    165  2233  1429    -1
 1077   1351   209  2532    -1
 1078   2323  1836  1292    -1
 1079   1441  1396  1026    -1
 1080    297  2368  2528    -1
 1081   1485  2458   803    -1
 1082   1967  1924  1901    -1
 1083   1572  1528  1767    -1
 1084    385  2503  2564    -1
 1085   1616   429   927    -1
 1086   2593  2055  2024    -1
 1087   1704  1660  1803    -1
 1088    517  2633   526    -1
 1089   1748    77  1579    -1
 1090   2188  2143  2637    -1
 1091    121  1307  1826    -1
 1092   1836  1087  2622    -1
 1093    253  1441  2619    -1
 1094   1924  1131   758    -1
 1095    341  1572   491    -1
 1096   2055  1175   926    -1
 1097    473  1704   527    -1
 1098   2143  1219  1578    -1
 1099   1792   561  1432    -1
 1100   1263  1792  1695    -1
 1101   2233   121   374    -1
 1102   2278   605  1251    -1
 1103    913  2278  2578    -1
 1104   1087  1351  1337    -1
 1105    649  2323  2621    -1
 1106   1880   649  1247    -1
 1107   1396  1880  2350    -1
 1108   2368   253  1157    -1
 1109   2413   693  2437    -1
 1110    956  2413   979    -1
 1111   1131  1485  1989    -1
 1112    737  1967   581    -1
 1113   2011   737  1900    -1
 1114   1528  2011   624    -1
 1115   2503   341  1459    -1
 1116   2547   781  2429    -1
 1117   1000  2547  1235    -1
 1118   1175  1616  2157    -1
 1119    825  2593   573    -1
 1120   2099   825  2111    -1
 1121   1660  2099   528    -1
 1122   2633   473  1934    -1
 1123     33   869   437    -1
 1124   1044    33  1756    -1
 1125   1219  1748   259    -1
 1126    561  2188  1312    -1
 1127    605   165   109    -1
 1128    209   913  1338    -1
 1129    693   297  1332    -1
 1130   2458   956  2301    -1
 1131    781   385  1413    -1
 1132    429  1000  2518    -1
 1133    869   517  1933    -1
 1134     77  1044   568    -1
 1135    163   405  1724    -1
 1136    998   119  1158    -1
 1137    954   383  1899    -1
 1138    603   559  1935    -1
 1139   1042  2385  1236    -1
 1140    911  1249  2531    -1
 1141   2097   867   507    -1
 1142   2333  1053   422    -1
 1143   2097  1610   550    -1
 1144     31  1187   113    -1
 1145   2240   962  2285    -1
 1146     75  2348  1156    -1
 1147    251   998  1466    -1
 1148    295  2475  1842    -1
 1149    339   251   934    -1
 1150   1752   906   224    -1
 1151    948   201  2312    -1
 1152   1418  2568  1463    -1
 1153    427    50    11    -1
 1154   2641  1232    46    -1
 1155    691   603  2064    -1
 1156    735   397  1936    -1
 1157    779   691  1711    -1
 1158    823  1097  1212    -1
 1159   2021   613  2165    -1
 1160    119  2631  1425    -1
 1161   1865   589  1909    -1
 1162   2456    83  1447    -1
 1163    207  2433   509    -1
 1164    383   339   713    -1
 1165   2090  1505   450    -1
 1166    427   954    50    -1
 1167    559   471  2156    -1
 1168   2276   610  2630    -1
 1169   2501  1981   794    -1
 1170    647   287  1738    -1
 1171    867   779    82    -1
 1172   2321  1224  1589    -1
 1173   1871  2441  1115    -1
 1174    119  1425  1158    -1
 1175    383   757  2617    -1
 1176    883  1016  1654    -1
 1177    874   873  2358    -1
 1178    867    82   507    -1
 1179   2097   507  1561    -1
 1180   1470   119   998    -1
 1181   2461  2045   683    -1
 1182   1406   130  2466    -1
 1183    954  1899    50    -1
 1184    704   238  2550    -1
 1185    998  1158  1466    -1
 1186    603  1935  2064    -1
 1187   2097   550   126    -1
 1188    506  1455  1784    -1
 1189   1894   487  1850    -1
 1190   1561  1472  1610    -1
 1191   2631  1383   550    -1
 1192    241  1668   480    -1
 1193   1420  1930   520    -1
 1194   2465  2420     0    -1
 1195     64   455   992    -1
 1196     63  2645   465    -1
 1197   2631  1472  1425    -1
 1198     20  1147  2428    -1
 1199   1679  1635  2290    -1
 1200   1471  2191   801    -1
 1201   2304   763   850    -1
 1202    105   892  2211    -1
 1203   1289  1095  2091    -1
 1204    103  2489  1250    -1
 1205    124  1497   959    -1
 1206   2175   680  2141    -1
 1207     16   501  1256    -1
 1208   2485   251  2617    -1
 1209    934   251  1486    -1
 1210   2571   480  1448    -1
 1211    141   318   274    -1
 1212   2563   245  2000    -1
 1213   2596  2146  2005    -1
 1214   2015  2174   679    -1
 1215   2121   564   237    -1
 1216    383   713  1899    -1
 1217    757   954   427    -1
 1218   1590  2428   795    -1
 1219    890  1694  1738    -1
 1220     11  2224   427    -1
 1221   2609   180  2427    -1
 1222   1545  1720  2450    -1
 1223   1138    84  2553    -1
 1224   1367  2211   715    -1
 1225    471  2201  1634    -1
 1226   2156   471  2224    -1
 1227   1058   459  2225    -1
 1228    705   875   817    -1
 1229    603  2021  2201    -1
 1230    114  1984  1941    -1
 1231    515   943  2445    -1
 1232    658  1250  2398    -1
 1233   2021   691   779    -1
 1234   1711   691  1881    -1
 1235    569  2479  2360    -1
 1236   1949   805   371    -1
 1237   1697   344   214    -1
 1238    700   439  1846    -1
 1239   1566  1179  1476    -1
 1240   1939   840   753    -1
 1241   1785   989   945    -1
 1242   2366   639  1309    -1
 1243   1446   232  1959    -1
 1244    551  1814   626    -1
 1245   1827  1161  2442    -1
 1246    119  1470  1383    -1
 1247    106  1052  1565    -1
 1248   2032   895  1516    -1
 1249    890   243  2049    -1
 1250    756   324    25    -1
 1251   1541  2016  2642    -1
 1252   1057   403  1325    -1
 1253    867   126   613    -1
 1254   2550  2337  1558    -1
 1255   2316  1144  1100    -1
 1256    660  2529  1069    -1
 1257   1086   770  2177    -1
 1258   1086  2133   726    -1
 1259   1130  1510   159    -1
 1260   1130   323  1467    -1
 1261   1174  1985   247    -1
 1262   1174   799  1942    -1
 1263   1218  2288   879    -1
 1264   1218   835  2243    -1
 1265   1262  1692     1    -1
 1266   1262   461  1648    -1
 1267   1306   321    27    -1
 1268   1306  1597   277    -1
 1269   1350   269  1809    -1
 1270   1350  1765   225    -1
 1271   1395   833  2287    -1
 1272   1395  2242   789    -1
 1273   1440  2435  1391    -1
 1274   1440  1110  2390    -1
 1275   1484   655  2062    -1
 1276   1484  2018   611    -1
 1277   1527   505  2452    -1
 1278   1527  1825   461    -1
 1279   1571  1690  1436    -1
 1280   1571   195  1646    -1
 1281   1615  1641   278    -1
 1282   1615   234  1597    -1
 1283   1659  1809   358    -1
 1284   1659   314  1765    -1
 1285   1703  2607  1411    -1
 1286   1703  1366  2561    -1
 1287   1747  2287  2587    -1
 1288   1747   878  2242    -1
 1289    325  1791   335    -1
 1290   1791   281  1644    -1
 1291   1835  2298   467    -1
 1292   1835   976  2253    -1
 1293   1879  2515   925    -1
 1294   1879   881  2470    -1
 1295   1923   433  1665    -1
 1296   1923  1621   389    -1
 1297   1966  1733   414    -1
 1298   1966   370  1689    -1
 1299   2010  2254  1241    -1
 1300   2010  1197  2209    -1
 1301   1321  2054  1567    -1
 1302   2054  1277  2381    -1
 1303   2098   434  1611    -1
 1304   2098  2017   390    -1
 1305   2142  1779   240    -1
 1306   2142   196  1735    -1
 1307   2187   414   863    -1
 1308   2187  1646   370    -1
 1309   2232    56  1331    -1
 1310   2232  1287    15    -1
 1311   2435  2277  1038    -1
 1312   2277  2390  1197    -1
 1313   1544  2322  1170    -1
 1314   2322  1500   312    -1
 1315   2367  1321  1214    -1
 1316   2367  2561  1277    -1
 1317   2412   963  1302    -1
 1318   2412  2019   920    -1
 1319   2457  2061   655    -1
 1320   2457   611  2017    -1
 1321   2502  2046   433    -1
 1322   2502   389  2002    -1
 1323   2546   148  1688    -1
 1324   2546  1644   104    -1
 1325   2592  1063   203    -1
 1326   2592  2253  1019    -1
 1327   2632  1055   599    -1
 1328   2632  2470  1011    -1
 1329     32   815   731    -1
 1330     32  2002   771    -1
 1331     76   325  1787    -1
 1332     76  1689   281    -1
 1333    120  1378   148    -1
 1334    120   104  1334    -1
 1335    164  1020  2254    -1
 1336    164  2209   976    -1
 1337    208  2162  1063    -1
 1338    208  1019  2118    -1
 1339    252   925  2426    -1
 1340    252  2381   881    -1
 1341   1055   296  1258    -1
 1342    296  1011  2110    -1
 1343    340  1665  1875    -1
 1344    340   390  1621    -1
 1345    815   384   775    -1
 1346    384   771  2133    -1
 1347    428  1869  1919    -1
 1348    428   726  1825    -1
 1349    472   367   950    -1
 1350    472  1334   323    -1
 1351    516   278  1510    -1
 1352    516  1467   234    -1
 1353    560   843  2162    -1
 1354    560  2118   799    -1
 1355   1985   604  2006    -1
 1356    604  1942   314    -1
 1357    648   879  2154    -1
 1358    648  2110   835    -1
 1359    692   922  2050    -1
 1360    692  2243   878    -1
 1361    736   240  1692    -1
 1362    736  1648   196    -1
 1363    780  1331   423    -1
 1364    780   277  1287    -1
 1365    824  1544   511    -1
 1366    824   225  1500    -1
 1367    868  2063   833    -1
 1368    868   789  2019    -1
 1369    912   239  1655    -1
 1370    912  1735   195    -1
 1371    955  1154    56    -1
 1372    955    15  1110    -1
 1373    999  1411   356    -1
 1374    999   312  1366    -1
 1375    963  1043  1743    -1
 1376   1043   920  2018    -1
 1377   1087    19  1381    -1
 1378   1087  1337  2622    -1
 1379   1131   802  2033    -1
 1380   1131  1989   758    -1
 1381   1175   969  2202    -1
 1382   1175  2157   926    -1
 1383   1219  1622   303    -1
 1384   1219   259  1578    -1
 1385   1263   419  1739    -1
 1386   1263  1695   375    -1
 1387   1307  1870   419    -1
 1388   1307   375  1826    -1
 1389   1351  1381  2577    -1
 1390   1351  2532  1337    -1
 1391   1396  1070  2395    -1
 1392   1396  2350  1026    -1
 1393   1441  2647  1070    -1
 1394   1441  1026  2619    -1
 1395   1485  2033   847    -1
 1396   1485   803  1989    -1
 1397   1528  1811   668    -1
 1398   1528   624  1767    -1
 1399   1572   535  1811    -1
 1400   1572  1767   491    -1
 1401   1616  2202   970    -1
 1402   1616   927  2157    -1
 1403   1660  1847   572    -1
 1404   1660   528  1803    -1
 1405   1704   571  1847    -1
 1406   1704  1803   527    -1
 1407   1748   303  1623    -1
 1408   1748  1579   259    -1
 1409   1792  1739   169    -1
 1410   1792  1432  1695    -1
 1411   1836  1336    19    -1
 1412   1836  2622  1292    -1
 1413   1880  2395  1291    -1
 1414   1880  1247  2350    -1
 1415   1924  1944   802    -1
 1416   1924   758  1901    -1
 1417   1967   625  1944    -1
 1418   1967  1901   581    -1
 1419   2011   668  1943    -1
 1420   2011  1900   624    -1
 1421   2055  2068   969    -1
 1422   2055   926  2024    -1
 1423   2099   572  2155    -1
 1424   2099  2111   528    -1
 1425   2143    38  1622    -1
 1426   2143  1578  2637    -1
 1427   2188  1356    38    -1
 1428   2188  2637  1312    -1
 1429   2233  1474   418    -1
 1430   2233   374  1429    -1
 1431   2278  2624  1295    -1
 1432   2278  1251  2578    -1
 1433   2323    18  1336    -1
 1434   2323  1292  2621    -1
 1435   2368  2572  1201    -1
 1436   2368  1157  2528    -1
 1437   2413  1023  2482    -1
 1438   2413  2437   979    -1
 1439   2458   847  2346    -1
 1440   2458  2301   803    -1
 1441   2503  2610  1502    -1
 1442   2503  1459  2564    -1
 1443   2547  1279  2474    -1
 1444   2547  2429  1235    -1
 1445   2593   617  2068    -1
 1446   2593  2024   573    -1
 1447   2633   570  1977    -1
 1448   2633  1934   526    -1
 1449     33  1800   481    -1
 1450     33   437  1756    -1
 1451     77  1623   612    -1
 1452     77   568  1579    -1
 1453    121   418  1870    -1
 1454    121  1826   374    -1
 1455    165   153  1474    -1
 1456    165  1429   109    -1
 1457    209  2577  1382    -1
 1458    209  1338  2532    -1
 1459    253  1201  2647    -1
 1460    253  2619  1157    -1
 1461    297  1376  2572    -1
 1462    297  2528  1332    -1
 1463    341  1502   535    -1
 1464    341   491  1459    -1
 1465    385  1458  2610    -1
 1466    385  2564  1413    -1
 1467    429   970  2562    -1
 1468    429  2518   927    -1
 1469    473  1977   571    -1
 1470    473   527  1934    -1
 1471    517  1976   570    -1
 1472    517   526  1933    -1
 1473    561   169  1356    -1
 1474    561  1312  1432    -1
 1475    605  1295   153    -1
 1476    605   109  1251    -1
 1477    649  1291    18    -1
 1478    649  2621  1247    -1
 1479    693  2482  1376    -1
 1480    693  1332  2437    -1
 1481    737  1943   625    -1
 1482    737   581  1900    -1
 1483    781  2474  1458    -1
 1484    781  1413  2429    -1
 1485    825  2155   617    -1
 1486    825   573  2111    -1
 1487    869   481  1976    -1
 1488    869  1933   437    -1
 1489    913  1382  2624    -1
 1490    913  2578  1338    -1
 1491    956  2346  1023    -1
 1492    956   979  2301    -1
 1493   1000  2562  1279    -1
 1494   1000  1235  2518    -1
 1495   1044   612  1800    -1
 1496   1044  1756   568    -1
 1497   2369   386    19    -1
 1498   2414  2647  1273    -1
 1499   2459   650   969    -1
 1500   2504   571  1081    -1
 1501   2594  2369    18    -1
 1502   2414  2594  2395    -1
 1503    122  2459   617    -1
 1504   2504   122   572    -1
 1505   2548   254   419    -1
 1506    298   870   153    -1
 1507   1213   782  1023    -1
 1508    474   430  1944    -1
 1509     78   518  1811    -1
 1510    562   957  1458    -1
 1511   2339   826  1800    -1
 1512    738   694    38    -1
 1513    342   298  2624    -1
 1514    518   474  1943    -1
 1515    606   562  1279    -1
 1516    254   738   169    -1
 1517    870  2548   418    -1
 1518    386   342  2577    -1
 1519   2572  1376    34    -1
 1520    430   914  2033    -1
 1521    957    78  1502    -1
 1522    650   606   970    -1
 1523    570  1976   210    -1
 1524    694  1001   303    -1
 1525   1176  2012  1914    -1
 1526   1220  1176  1517    -1
 1527   2144  2100   846    -1
 1528   1573  2144   669    -1
 1529   1617  2189   579    -1
 1530   1661  1617  2643    -1
 1531   2324  2279  1666    -1
 1532   1968  2324  1401    -1
 1533   1308  1264  2648    -1
 1534   1681  1421  1067    -1
 1535   2189  1573   712    -1
 1536   2604  2020  1844    -1
 1537   2012  1968  1783    -1
 1538   1264  1220   197    -1
 1539   2100  1529   891    -1
 1540   1705  1661  1501    -1
 1541   2279  1925  1667    -1
 1542   1088  1308  2623    -1
 1543   1442  2618  1421    -1
 1544   1837   614  2020    -1
 1545   1352  1088    62    -1
 1546   1442  1397    59    -1
 1547   1749  1132  1013    -1
 1548   1837  1793   615    -1
 1549   2056  1352    61    -1
 1550   1397  2056  2440    -1
 1551   2234  1749   661    -1
 1552   1793  2234   616    -1
 1553    431   387   727    -1
 1554    167  2325  2208    -1
 1555    783   739  2074    -1
 1556    343     5   345    -1
 1557     79  2145  1600    -1
 1558    123   563  1290    -1
 1559    255  2460  2425    -1
 1560    299   915  2066    -1
 1561   2057   431  2089    -1
 1562    475  1444   152    -1
 1563   1134   475  1691    -1
 1564   2145  1575   237    -1
 1565   2190   123   279    -1
 1566    651  1178  1243    -1
 1567   1222   651  2616    -1
 1568   2325  1663   933    -1
 1569   2370   783   755    -1
 1570    827  1488  1457    -1
 1571   1310   827   268    -1
 1572   2460  1751   837    -1
 1573   2505   299   791    -1
 1574   1002  1354  1975    -1
 1575   1399  1002   876    -1
 1576      5  1839  1577    -1
 1577   1090    35   417    -1
 1578   1444  1090  1604    -1
 1579   2101  1134   151    -1
 1580   1178   607   233    -1
 1581   2280  1222  1066    -1
 1582   1619  2280  2345    -1
 1583   1266   211  1721    -1
 1584   1488  1266   181    -1
 1585   2415  1310  1322    -1
 1586   1354   958   745    -1
 1587   2595  1399  1974    -1
 1588   1795  2595   567    -1
 1589    387   343  2282    -1
 1590   1531  2101  1602    -1
 1591    563    79    60    -1
 1592    607  2235  1553    -1
 1593    739   167   975    -1
 1594   1707  2415  2517    -1
 1595    915   255   967    -1
 1596    958  2549  2197    -1
 1597     35  1883  1781    -1
 1598    519  1531   326    -1
 1599   2235  1927   190    -1
 1600    695  1619  1153    -1
 1601    211  1970   270    -1
 1602    871  1707  1233    -1
 1603   2549  2014   834    -1
 1604   1046  1795  1973    -1
 1605   1883  2057   682    -1
 1606   1575   519  1645    -1
 1607   1927  2190  1422    -1
 1608   1663   695  2164    -1
 1609   1970  2370  1898    -1
 1610   1751   871  2336    -1
 1611   2014  2505  2198    -1
 1612   1839  1046   346    -1
 1613     20  2473  1191    -1
 1614   1088  2623    62    -1
 1615   2100   713   934    -1
 1616   2100   891   846    -1
 1617    288   415   396    -1
 1618   1132  1014  1013    -1
 1619   2279    82  1711    -1
 1620   2279  1667  1666    -1
 1621   1176  1561   507    -1
 1622   2272  1547   272    -1
 1623   2380   214   344    -1
 1624   1176  1914  1517    -1
 1625   1410   506    92    -1
 1626    462  2432  1080    -1
 1627   1220  1472  1561    -1
 1628   1220  1517   197    -1
 1629    241   524  1712    -1
 1630   1264   197  2648    -1
 1631    108   719  1775    -1
 1632   1918  1770   583    -1
 1633   1468  1211    64    -1
 1634   1308  2648  2623    -1
 1635    106   150   921    -1
 1636   1352    62    61    -1
 1637   1352  1158  1425    -1
 1638   1355   580   346    -1
 1639   2605  2316   327    -1
 1640   1397  2440    59    -1
 1641   1397  1466  1158    -1
 1642    103  1294  2533    -1
 1643   1442    59  2618    -1
 1644   2371   256  1412    -1
 1645   1245   653   905    -1
 1646    457    16  1242    -1
 1647   1486  1442  1681    -1
 1648   1067  1529  1681    -1
 1649   2571  1491   524    -1
 1650    902   608  1061    -1
 1651   2310  2205   798    -1
 1652   1529  1067   891    -1
 1653    890  1738   287    -1
 1654   2144   846   669    -1
 1655    628  1859  1904    -1
 1656   1617    50  1899    -1
 1657   2407  2354   987    -1
 1658   1806   486   443    -1
 1659   1617   579  2643    -1
 1660   1590   839  2473    -1
 1661   1956   916  2104    -1
 1662   1661    11    50    -1
 1663   1661  2643  1501    -1
 1664   1545  2147   313    -1
 1665   1705  1501  1323    -1
 1666   1555   499   543    -1
 1667    147  1946  1903    -1
 1668   1367   759  2256    -1
 1669     11  2651  2652    -1
 1670   1057  1414   447    -1
 1671   1749  1013   661    -1
 1672   1749  1935  2156    -1
 1673     48   872  1674    -1
 1674    660  1113  2573    -1
 1675   1793   616   615    -1
 1676   1793  2064  1935    -1
 1677   1734   458    41    -1
 1678    357   114  2147    -1
 1679   1837   615   614    -1
 1680    550  1610  2631    -1
 1681    362   363   318    -1
 1682    658  2443  1294    -1
 1683   1881  1837  2604    -1
 1684    126  1383  1435    -1
 1685   1844  1925  2604    -1
 1686    569  1065  2344    -1
 1687   1379   131   218    -1
 1688   1255  1721  2104    -1
 1689   1925  1844  1667    -1
 1690   2481  1710  1647    -1
 1691   2324  1666  1401    -1
 1692   1968   507    82    -1
 1693    595   199  1387    -1
 1694   1827  2487  2210    -1
 1695   2012  1783  1914    -1
 1696    377   964  2494    -1
 1697   2227  2303   894    -1
 1698   1308  1425  1472    -1
 1699   2175   767   724    -1
 1700   1471  2022  1957    -1
 1701   2059  1651   652    -1
 1702    105  2256   935    -1
 1703   2056    61  2440    -1
 1704   2436  1388   593    -1
 1705   2362  1015  2115    -1
 1706   2141   767  2175    -1
 1707   1479  2396  1028    -1
 1708   1573  1899   713    -1
 1709   1573   669   712    -1
 1710   2031   576  1808    -1
 1711   2553    84    94    -1
 1712    280   756   236    -1
 1713   2189   712   579    -1
 1714   1798  1753   740    -1
 1715   2292  1998   504    -1
 1716   2317   306  1670    -1
 1717    705   860   743    -1
 1718   2234   661   616    -1
 1719   2245  2284   962    -1
 1720    700  1890   483    -1
 1721    656   498   421    -1
 1722   2000  1785  2436    -1
 1723   2361   353  1717    -1
 1724   1446  1465   144    -1
 1725   1968  1401  1783    -1
 1726   2369    61    62    -1
 1727   2369    19  1336    -1
 1728   2414    59  2440    -1
 1729   2414  2395  1070    -1
 1730   1114  1463    99    -1
 1731   2414  1070  2647    -1
 1732    430   669   846    -1
 1733    430   802  1944    -1
 1734   2459   661  1013    -1
 1735   2459   969  2068    -1
 1736   2504   615   616    -1
 1737   2504   572  1847    -1
 1738   1891  2379  1275    -1
 1739   2504  1847   571    -1
 1740    694  1401  1666    -1
 1741    694  1622    38    -1
 1742    254  1914  1783    -1
 1743    254  1739   419    -1
 1744    463  1599   412    -1
 1745   2548   419  1870    -1
 1746    870   197  1517    -1
 1747    870  1474   153    -1
 1748   1426    46  1542    -1
 1749    386  1381    19    -1
 1750   2594  2440    61    -1
 1751   2594    18  1291    -1
 1752   1335  1909   678    -1
 1753   2594  1291  2395    -1
 1754   2618    59  1273    -1
 1755   1201  2634  1273    -1
 1756     34  1421  2618    -1
 1757     34  2634  2572    -1
 1758    474   712   669    -1
 1759    474   625  1943    -1
 1760    518   579   712    -1
 1761    518   668  1811    -1
 1762   1855    45  1232    -1
 1763     78  1811   535    -1
 1764    957  1501  2643    -1
 1765    957  2610  1458    -1
 1766   2247  1908   589    -1
 1767    650  2202   969    -1
 1768    122   616   661    -1
 1769    122   617  2155    -1
 1770   2516  1195  2523    -1
 1771    122  2155   572    -1
 1772    614   615  1081    -1
 1773   1977   166  1081    -1
 1774    210  2020   614    -1
 1775    210   166   570    -1
 1776    738  1783  1401    -1
 1777    738  1356   169    -1
 1778   2244  1797   698    -1
 1779    254   169  1739    -1
 1780   2548  1517  1914    -1
 1781   2548  1870   418    -1
 1782    298  2648   197    -1
 1783    298   153  1295    -1
 1784   1339  1196  2568    -1
 1785    298  1295  2624    -1
 1786    342  2623  2648    -1
 1787    342  2624  1382    -1
 1788    386    62  2623    -1
 1789    386  2577  1381    -1
 1790   1380   622  2296    -1
 1791   2369  1336    18    -1
 1792     34   782  1067    -1
 1793     34  1376  2482    -1
 1794    846   891   914    -1
 1795    914   847  2033    -1
 1796   2077  2088  1077    -1
 1797    430  2033   802    -1
 1798   1988  2241  1140    -1
 1799    474  1944   625    -1
 1800   1987  1596   585    -1
 1801    518  1943   668    -1
 1802     78  2643   579    -1
 1803     78   535  1502    -1
 1804    562  1323  1501    -1
 1805    562  1458  2474    -1
 1806   2519   445  2072    -1
 1807    562  2474  1279    -1
 1808    606  1014  1323    -1
 1809    606  1279  2562    -1
 1810    650  1013  1014    -1
 1811    650   970  2202    -1
 1812   2112  1868   725    -1
 1813   2459  2068   617    -1
 1814    210   826  1844    -1
 1815    210  1976   481    -1
 1816   1666  1667  1001    -1
 1817   1001  1623   303    -1
 1818    347  2468  1142    -1
 1819    694   303  1622    -1
 1820    444  1642   543    -1
 1821    738    38  1356    -1
 1822   2527  2285  1183    -1
 1823    782  2482  1023    -1
 1824   1023  2346  1213    -1
 1825    525  1419   320    -1
 1826    826   481  1800    -1
 1827   1800   612  2339    -1
 1828    462  1062     2    -1
 1829    870   418  1474    -1
 1830   1427  2357  1034    -1
 1831    342  1382  2577    -1
 1832   2391   135  1719    -1
 1833    847   914  1213    -1
 1834   1546  1866   547    -1
 1835    957  1502  2610    -1
 1836   2608  2512  1185    -1
 1837    606  2562   970    -1
 1838    656  1861  1656    -1
 1839   1623  1001  2339    -1
 1840   1245  2223   688    -1
 1841   2634  1201  2572    -1
 1842    166  1977   570    -1
 1843   1045   246   149    -1
 1844   1982  1762   884    -1
 1845   1618  1343  1499    -1
 1846   1574   836  1190    -1
 1847   1649  1398  1633    -1
 1848   2507    23  2551    -1
 1849    435  1265  1882    -1
 1850   1309  1265   379    -1
 1851   1662  1706   328    -1
 1852   1969  1443   102    -1
 1853   1487  2120   376    -1
 1854   1530  1750  1986    -1
 1855   2382  1838  2526    -1
 1856    372  1662   328    -1
 1857   2445  1120   515    -1
 1858   1926  1398  1649    -1
 1859   2168   849  2496    -1
 1860    149  1443  1045    -1
 1861   2356  2220   988    -1
 1862   1601   657  1556    -1
 1863    285  2551  1005    -1
 1864    546  1133    41    -1
 1865   1574  1838  2382    -1
 1866   2151  1609     6    -1
 1867   2108  1882  1177    -1
 1868   1330   554   262    -1
 1869    246  1045  2030    -1
 1870   1567  2054  2426    -1
 1871   1443   149   102    -1
 1872    845  2255   376    -1
 1873   1983  2198   791    -1
 1874   1838   749  1697    -1
 1875   1940   752   621    -1
 1876      8  1317  2540    -1
 1877   2366  1693   330    -1
 1878   2511    40    94    -1
 1879     24  2629  2237    -1
 1880    929   930   885    -1
 1881   1487  1111  2120    -1
 1882   1530   182   667    -1
 1883   1530  1986   138    -1
 1884   2108  1177  1190    -1
 1885   1555   543  1599    -1
 1886   2302  1801  1888    -1
 1887   1309   639   301    -1
 1888   1018  2296  1062    -1
 1889   1490   981   171    -1
 1890    329   273  1548    -1
 1891   2603     8  2558    -1
 1892   1926  1649  1514    -1
 1893    653   697  1797    -1
 1894    670  1075  1902    -1
 1895   1710  1558  2052    -1
 1896   2574   436  1559    -1
 1897   2312  1077  2357    -1
 1898    838  1116  2069    -1
 1899   1377  2383   194    -1
 1900   1850   618  1629    -1
 1901   2210  2531  1249    -1
 1902   2423  1185  2468    -1
 1903   1750  2120  1986    -1
 1904    652  1651  1754    -1
 1905   2334  1142  2379    -1
 1906   2465  2421  1620    -1
 1907    435    68   379    -1
 1908   2304  2200   807    -1
 1909    180  1794  2427    -1
 1910   1794   138  2526    -1
 1911   2246  2508  1224    -1
 1912   2432  2477  1195    -1
 1913   2335  2023  1678    -1
 1914    880  1177  1882    -1
 1915   1574  2382   836    -1
 1916    749  1574  1978    -1
 1917   1743  1043  2062    -1
 1918    659  2166  2075    -1
 1919   2044   725  2088    -1
 1920   2109  1812  1428    -1
 1921    479  2472  1223    -1
 1922   1882  2108   435    -1
 1923   1159   213  2530    -1
 1924   1972  1017   139    -1
 1925    198  1340   242    -1
 1926    270  2545  2104    -1
 1927   1559   480  1668    -1
 1928   1926   238  1603    -1
 1929    194  2428  1147    -1
 1930   1776  1994   939    -1
 1931    102  1111  1487    -1
 1932   2526   138  2382    -1
 1933   1152  2523  1196    -1
 1934   1021  1206   136    -1
 1935   1750  2119   845    -1
 1936   2075  2211   892    -1
 1937   2125  1907  2081    -1
 1938    888   395  1424    -1
 1939   2570  1532  1461    -1
 1940   1794   180    93    -1
 1941    136  1250  2489    -1
 1942    498   542  1642    -1
 1943   1101   359  2290    -1
 1944   1888  1845   748    -1
 1945    880  1882   702    -1
 1946   2552  2066   360    -1
 1947    702   788   880    -1
 1948   1842  1324   295    -1
 1949   1265   301  1886    -1
 1950    257   286  1782    -1
 1951   1398  1560  1693    -1
 1952   1516  2484  2032    -1
 1953   2178  1034  2223    -1
 1954   2049  1694   890    -1
 1955   1552   320  1596    -1
 1956    101  1244  1333    -1
 1957    578  2072   622    -1
 1958   1152  1339  1300    -1
 1959   1530    93   182    -1
 1960   2489  2444   136    -1
 1961   1234   245  2044    -1
 1962    701  1177   880    -1
 1963   2295  1017  2250    -1
 1964   1073   942  2173    -1
 1965   2057   726  2133    -1
 1966   2057  2089   682    -1
 1967   2101  1646   195    -1
 1968   2101   151  1602    -1
 1969   2145  1644   281    -1
 1970   2145   237  1600    -1
 1971   2190  1467   323    -1
 1972   2190   279  1422    -1
 1973   2235  1597   234    -1
 1974   2235   190  1553    -1
 1975   2280  2390  1110    -1
 1976   2280  1066  2345    -1
 1977   2325  2253   976    -1
 1978   2325   933  2208    -1
 1979   2370  1942   799    -1
 1980   2370   755  1898    -1
 1981   2415  2561  1366    -1
 1982   2415  1322  2517    -1
 1983   2460  2470   881    -1
 1984   2460   837  2425    -1
 1985   2505  2243   835    -1
 1986   2505   791  2198    -1
 1987   2549  2242   878    -1
 1988   2549   834  2197    -1
 1989   2595   611  2018    -1
 1990   2595  1974   567    -1
 1991      5   389  1621    -1
 1992      5  1577   345    -1
 1993     35   461  1825    -1
 1994     35  1781   417    -1
 1995     79   104  1644    -1
 1996     79  1600    60    -1
 1997    123   323  1334    -1
 1998    123  1290   279    -1
 1999    167  1019  2253    -1
 2000    167  2208   975    -1
 2001    211  1765   314    -1
 2002    211   270  1721    -1
 2003    255  1011  2470    -1
 2004    255  2425   967    -1
 2005    299   835  2110    -1
 2006    299  2066   791    -1
 2007    343  2002   389    -1
 2008    343   345  2282    -1
 2009    387   771  2002    -1
 2010    387  2282   727    -1
 2011    431  2133   771    -1
 2012    431   727  2089    -1
 2013    475  1735   196    -1
 2014    475   152  1691    -1
 2015    519  1689   370    -1
 2016    519   326  1645    -1
 2017    563  1334   104    -1
 2018    563    60  1290    -1
 2019    607   277  1597    -1
 2020    607  1553   233    -1
 2021    651    15  1287    -1
 2022    651  1243  2616    -1
 2023    695  2209  1197    -1
 2024    695  1153  2164    -1
 2025    739  2118  1019    -1
 2026    739   975  2074    -1
 2027    783   799  2118    -1
 2028    783  2074   755    -1
 2029    827   312  1500    -1
 2030    827  1457   268    -1
 2031    871  2381  1277    -1
 2032    871  1233  2336    -1
 2033    915  2110  1011    -1
 2034    915   967  2066    -1
 2035    958   789  2242    -1
 2036    958  2197   745    -1
 2037   1002   920  2019    -1
 2038   1002  1975   876    -1
 2039   1046   390  2017    -1
 2040   1046  1973   346    -1
 2041   1090  1648   461    -1
 2042   1090   417  1604    -1
 2043   1134   195  1735    -1
 2044   1134  1691   151    -1
 2045   1178  1287   277    -1
 2046   1178   233  1243    -1
 2047   1222  1110    15    -1
 2048   1222  2616  1066    -1
 2049   1266   225  1765    -1
 2050   1266  1721   181    -1
 2051   1310  1366   312    -1
 2052   1310   268  1322    -1
 2053   1354  2019   789    -1
 2054   1354   745  1975    -1
 2055   1399  2018   920    -1
 2056   1399   876  1974    -1
 2057   1444   196  1648    -1
 2058   1444  1604   152    -1
 2059   1488  1500   225    -1
 2060   1488   181  1457    -1
 2061   1531   370  1646    -1
 2062   1531  1602   326    -1
 2063   1575   281  1689    -1
 2064   1575  1645   237    -1
 2065   1619  1197  2390    -1
 2066   1619  2345  1153    -1
 2067   1663   976  2209    -1
 2068   1663  2164   933    -1
 2069   1707  1277  2561    -1
 2070   1707  2517  1233    -1
 2071   1751   881  2381    -1
 2072   1751  2336   837    -1
 2073   1795  2017   611    -1
 2074   1795   567  1973    -1
 2075   1839  1621   390    -1
 2076   1839   346  1577    -1
 2077   1883  1825   726    -1
 2078   1883   682  1781    -1
 2079   1927   234  1467    -1
 2080   1927  1422   190    -1
 2081   1970   314  1942    -1
 2082   1970  1898   270    -1
 2083   2014   878  2243    -1
 2084   2014  2198   834    -1
 2085    977  1135  1512    -1
 2086    975   902  1754    -1
 2087    132  1716   176    -1
 2088   2059  1854  1956    -1
 2089    598  1930  1798    -1
 2090    683  1400  1137    -1
 2091    744  1512   844    -1
 2092   1601   564  2121    -1
 2093    854   723  2174    -1
 2094    862  1246    49    -1
 2095   1153  1535  1512    -1
 2096   1243   233  1576    -1
 2097    546   590  1133    -1
 2098    860  2106   743    -1
 2099    580   740  1577    -1
 2100   1856   537  1428    -1
 2101   2022  1004  2552    -1
 2102   2582  1999   636    -1
 2103    484  1047  1422    -1
 2104   2013   279  1290    -1
 2105   2045  1400   683    -1
 2106   2067   529  1678    -1
 2107    564   862  2351    -1
 2108    790   756  1820    -1
 2109   1412   224  2070    -1
 2110   1038  2277  1241    -1
 2111    696  2380  2552    -1
 2112   1932  1311  1840    -1
 2113    150  2332   921    -1
 2114   1657  1447  2463    -1
 2115   1029  2085  2226    -1
 2116   1840  2076  1786    -1
 2117   1445   784   373    -1
 2118   1881   691  2064    -1
 2119     41  1133  1353    -1
 2120   1286  2615   262    -1
 2121     65  1384  1755    -1
 2122    438  1846   394    -1
 2123   1486   251  1466    -1
 2124   1400   896   200    -1
 2125    235  1047    49    -1
 2126   1758  1163  2489    -1
 2127    896  2045  1737    -1
 2128   1829  2281  1390    -1
 2129    704  2550  1710    -1
 2130   1515  2326  2596    -1
 2131    182    93  2103    -1
 2132   2609  2427  1697    -1
 2133   2236  2191   701    -1
 2134   2416   168   788    -1
 2135   2058  2550   238    -1
 2136   2102   388   413    -1
 2137    212   301  1778    -1
 2138   2646  1603   704    -1
 2139   1582   810  1379    -1
 2140    452  2119   667    -1
 2141    180   256  2103    -1
 2142    168  2236   701    -1
 2143    330  1693  1829    -1
 2144   1729   453   800    -1
 2145    413   388  2065    -1
 2146    432  2326  2255    -1
 2147   2635   432   845    -1
 2148    476    36   667    -1
 2149     80   476   182    -1
 2150    730  1950  2169    -1
 2151    531  1115  2215    -1
 2152   1958   492  1679    -1
 2153    212   520  1886    -1
 2154    193  1893   485    -1
 2155   2058   238  2030    -1
 2156    889  1769   493    -1
 2157    432  2255   845    -1
 2158    793  1159   170    -1
 2159   1697  2427  1838    -1
 2160   1533   838  1893    -1
 2161    768   899  2265    -1
 2162    931  2161   642    -1
 2163   2461   639   330    -1
 2164   1693  1560  1829    -1
 2165   2102   146   235    -1
 2166    146  2146  1917    -1
 2167    145  2300   432    -1
 2168    226  2023   352    -1
 2169    476   667   182    -1
 2170    137  1563   287    -1
 2171   1817   585  1861    -1
 2172   1497   442    13    -1
 2173    701   746  1177    -1
 2174    373  1390  1370    -1
 2175    396   936  1353    -1
 2176   1838  2427  2526    -1
 2177   1199  1324  2294    -1
 2178   2146  2620  2005    -1
 2179   2326  2300  1653    -1
 2180   1155  2255  1515    -1
 2181   1813    36   476    -1
 2182   1406  1405  1407    -1
 2183   2436  1785  1388    -1
 2184    256   180  2609    -1
 2185    291   244   923    -1
 2186    724   811  2220    -1
 2187    523   670  1769    -1
 2188   1371  2612  1125    -1
 2189   2461   683  1778    -1
 2190   2258   762  1904    -1
 2191   1737  2506  1390    -1
 2192    502  2269    68    -1
 2193   1818   108  1774    -1
 2194   2646  2281  1829    -1
 2195    282  2525  1563    -1
 2196   1603   238   704    -1
 2197    703   352  1715    -1
 2198   1715  1671  1424    -1
 2199    300  1246  1556    -1
 2200   2065   300  2030    -1
 2201   1509  1296   978    -1
 2202    313  1676  1545    -1
 2203   1109  1244  2257    -1
 2204    598  1931  1930    -1
 2205   2163   486   442    -1
 2206   2635   845   452    -1
 2207    940  1369   939    -1
 2208     80  1677  1854    -1
 2209   1398  1693  2366    -1
 2210   1225   898   809    -1
 2211    170  2260   895    -1
 2212   1766  1145    88    -1
 2213   1137   293   740    -1
 2214    621   752   796    -1
 2215    200  2089  1400    -1
 2216   1742   142    98    -1
 2217   2265  1032  2392    -1
 2218    832  2416  1931    -1
 2219    168   701   788    -1
 2220   1931  2416  1930    -1
 2221   2416   788  1146    -1
 2222   1420   212  1753    -1
 2223   2467  1140  2512    -1
 2224    401  2519  1521    -1
 2225    401  1808   445    -1
 2226    107  1386   199    -1
 2227   1278  1812   492    -1
 2228   2269   502  2237    -1
 2229    217  2257   892    -1
 2230   1210   917  2358    -1
 2231     17  1845   305    -1
 2232   1771   319   274    -1
 2233    363  1815  1274    -1
 2234   1454  1628   398    -1
 2235    924  1204  2530    -1
 2236   1468   411  1211    -1
 2237    887   960  1254    -1
 2238    642  1513   974    -1
 2239    966  2538  2199    -1
 2240    318   185   362    -1
 2241   1226  1449  1182    -1
 2242   1476   107   243    -1
 2243    638  2531  1204    -1
 2244    807  1994   763    -1
 2245   2406   941  2309    -1
 2246    388   235  1246    -1
 2247   2239  2245  1828    -1
 2248   2300   145  1135    -1
 2249    932    21  1163    -1
 2250   1824   504  1868    -1
 2251    667    36   452    -1
 2252    476  1854  1813    -1
 2253    290   800  1773    -1
 2254   1688  1732   335    -1
 2255   2246  1268  2598    -1
 2256    747  1490  2508    -1
 2257    703  1759   440    -1
 2258   1798  1930  1420    -1
 2259    510  2126   851    -1
 2260    329   448  1971    -1
 2261    918  2358   961    -1
 2262    564  1600   237    -1
 2263   2049   154  1694    -1
 2264   1962   366  1554    -1
 2265   1974  1311  1089    -1
 2266   2208   744   902    -1
 2267   1620  2421  2376    -1
 2268   1850  1673   662    -1
 2269    696   360  2425    -1
 2270   1796  2222   858    -1
 2271   2552  1983  2066    -1
 2272   1697   749   344    -1
 2273    740   345  1577    -1
 2274    784   417  1781    -1
 2275   2147   114  1037    -1
 2276   1553   190  2488    -1
 2277   1509    21  1755    -1
 2278   1674   872  1461    -1
 2279   2104   916  1255    -1
 2280   1327  1372  1328    -1
 2281   2103    80   182    -1
 2282    876  1975  1840    -1
 2283    832  1932  1202    -1
 2284    302   554   332    -1
 2285    393  1058  1911    -1
 2286    151  1691    58    -1
 2287    355   686  2121    -1
 2288    170  1189   793    -1
 2289    237  1645  2121    -1
 2290    193   529  1937    -1
 2291   1047   190  1422    -1
 2292   2464   828   874    -1
 2293   1066  2616  1461    -1
 2294   1555   463    69    -1
 2295   2417   828   829    -1
 2296   1135   145   844    -1
 2297    270  1898  2545    -1
 2298    226   440  2067    -1
 2299    268  1457   816    -1
 2300   1322   268   906    -1
 2301   1278   536  1856    -1
 2302   1223  2336  1522    -1
 2303   2336  1223  1123    -1
 2304    793  2305  1203    -1
 2305    834  2198   774    -1
 2306   2136  2276  2194    -1
 2307   1311  1974   876    -1
 2308    260  1449  1226    -1
 2309    346  1973  1355    -1
 2310   1928  2153   801    -1
 2311   1958  1723   536    -1
 2312   1400  2089   727    -1
 2313   2103   256  2371    -1
 2314   1604  1445  2580    -1
 2315   1370  2580  1445    -1
 2316   1602   151   949    -1
 2317    326  1602   355    -1
 2318    282  1607  2650    -1
 2319     17   349  1889    -1
 2320    279  2013   484    -1
 2321   2388  2093  1009    -1
 2322   1576  1674  1243    -1
 2323   1199  2384  1368    -1
 2324   1532  2345  1066    -1
 2325   2570  1653  2300    -1
 2326   1153  2345  1535    -1
 2327   1109  2347  1288    -1
 2328    933  2164  1512    -1
 2329    889   537  1857    -1
 2330    975  2208   902    -1
 2331    932  1207    65    -1
 2332   2074  1754  1651    -1
 2333    711   363  1274    -1
 2334   1457   181  1255    -1
 2335    598  1311  1931    -1
 2336   1752  2517  1322    -1
 2337   1233  2517  1522    -1
 2338   1189   982  2305    -1
 2339    967  2425   360    -1
 2340    924  2575  1248    -1
 2341    747  2598  1534    -1
 2342    718  1873   244    -1
 2343   2466   130  1431    -1
 2344   2131  2087  2219    -1
 2345    523  1857   714    -1
 2346   2506  2461   330    -1
 2347   1577   346   580    -1
 2348   1533  1937   882    -1
 2349    792   214  2472    -1
 2350    638  1248  2576    -1
 2351   1422   279   484    -1
 2352    233  1553  1576    -1
 2353   1898  1651  2545    -1
 2354   2603  2558  2514    -1
 2355   2198  1983   774    -1
 2356   1522  2336  1233    -1
 2357    745  2197  2076    -1
 2358   1604   417  1445    -1
 2359   1584  1407  1628    -1
 2360    137   331  1607    -1
 2361   1799   231  1594    -1
 2362    213  1203  2575    -1
 2363   1595  1772  1551    -1
 2364    792  2472  2035    -1
 2365    376  2255  1155    -1
 2366    391  1364   177    -1
 2367   1298   155  2583    -1
 2368   1327  1371  1372    -1
 2369   2043  2130  2174    -1
 2370    508  1120  2535    -1
 2371    319   772   186    -1
 2372    674  2036  1818    -1
 2373   2290   403  1679    -1
 2374   2582  2266   857    -1
 2375   2081  2037  2168    -1
 2376    939   983   940    -1
 2377   1558  1710  2550    -1
 2378   2417   829  2372    -1
 2379   2464   830   828    -1
 2380   1816  2417  1166    -1
 2381     94    84  2511    -1
 2382   1722   482  1890    -1
 2383    422   823  2378    -1
 2384   1548  1505  1462    -1
 2385     26  2479  2434    -1
 2386   1980    64  1511    -1
 2387   2237   502    24    -1
 2388    236  1732  1688    -1
 2389    801  2153  1471    -1
 2390    857  2266  2221    -1
 2391     41   458   546    -1
 2392   2193  1960  2238    -1
 2393   2510   874  1094    -1
 2394   1512  2164  1153    -1
 2395    222   311   178    -1
 2396   2425  1123   696    -1
 2397   2171  2172   765    -1
 2398   2310   798   577    -1
 2399    801  2236  1202    -1
 2400   1424   439  1715    -1
 2401   2366  1633  1398    -1
 2402    108  1775  1774    -1
 2403    544  1775  2083    -1
 2404   1638    54  2186    -1
 2405   2163     9  1495    -1
 2406   1473  1714  2291    -1
 2407   1818  2036  2080    -1
 2408   1605  2520  1414    -1
 2409   1258   296  2154    -1
 2410    373   784  1737    -1
 2411   1358  2294  1147    -1
 2412   1956  1677   916    -1
 2413    156   989   201    -1
 2414   2552  2380  2022    -1
 2415   2224   471   427    -1
 2416   1557  1093   960    -1
 2417   2449  1100  1144    -1
 2418    158  1631  1587    -1
 2419   1516   895  2215    -1
 2420   2004   454   410    -1
 2421     23  2403  2551    -1
 2422   2586   324   280    -1
 2423    949  1489  1602    -1
 2424   2181   609   565    -1
 2425   1851   752   708    -1
 2426   1986  2359  2629    -1
 2427    466   590   546    -1
 2428   2076  1975   745    -1
 2429   1111  2179  2359    -1
 2430   1873  1054  1010    -1
 2431   1741   875   831    -1
 2432    149  2269  2179    -1
 2433   2314  1941  1984    -1
 2434   1993  2168  2037    -1
 2435   2538  1010  1054    -1
 2436     68  2269  1514    -1
 2437   2271  2387  2342    -1
 2438    797   884   841    -1
 2439    301  1265  1309    -1
 2440    554   232   188    -1
 2441   1265  1886   702    -1
 2442   1662   416  2180    -1
 2443   1609  1052  1008    -1
 2444   1978  1190   746    -1
 2445   1618  1631  2495    -1
 2446    749  1838  1574    -1
 2447   1133   590  1696    -1
 2448   2591   207  1108    -1
 2449   2259   852   730    -1
 2450     93  1530  1794    -1
 2451   1257  1360  1316    -1
 2452   1750  1530  2119    -1
 2453   2104  1721   270    -1
 2454   1628  1407   959    -1
 2455   1155  1969  1487    -1
 2456   1973  1089  1355    -1
 2457   1443   413  1045    -1
 2458    613   126  2649    -1
 2459    238  1926   246    -1
 2460    988  1385    23    -1
 2461   1398  1926  1603    -1
 2462   1706   637  2563    -1
 2463   2366  1309  1633    -1
 2464   1930  2416   520    -1
 2465    212  1778  1753    -1
 2466    904   901  2582    -1
 2467   1170  2322   356    -1
 2468    168  2416   832    -1
 2469   2236   168  1202    -1
 2470   1754  2074   975    -1
 2471    515  1120   900    -1
 2472   1685   256  2035    -1
 2473    774  1983  1004    -1
 2474   1198   794  1849    -1
 2475   1854   476    80    -1
 2476   2401  2137   768    -1
 2477   2635    36   446    -1
 2478    432  2635   145    -1
 2479   2300  2326   432    -1
 2480   1423   189  2596    -1
 2481   1549   855  1593    -1
 2482    146  2102  2146    -1
 2483    235   388  2102    -1
 2484   1246   300   388    -1
 2485   2058   300   657    -1
 2486   2550  2058  2337    -1
 2487   1710  2481   704    -1
 2488   1390  2506  1829    -1
 2489   2506  1737  2045    -1
 2490   1798  1355   598    -1
 2491   1798   580  1355    -1
 2492   1647  1370  2481    -1
 2493   1973   567  1089    -1
 2494   1860  2496   849    -1
 2495   2636   595  1387    -1
 2496    566   216  1143    -1
 2497   1564   381  2409    -1
 2498    774  1004  1928    -1
 2499   1124   641   578    -1
 2500   1012  2449  2471    -1
 2501   2006   604   358    -1
 2502   2600  1489   949    -1
 2503   1598    43  1361    -1
 2504   1123  1223  1664    -1
 2505   1916  1959  1552    -1
 2506   1522  1752   479    -1
 2507   2439   510  2394    -1
 2508    224   906   816    -1
 2509   1255  1708  2070    -1
 2510    371  1993  1949    -1
 2511   2150  1609  1299    -1
 2512   2642  1431  1541    -1
 2513   1123  1664   696    -1
 2514   1412  2070  1708    -1
 2515   1620  2229  2420    -1
 2516   2351    60  1600    -1
 2517   2265  2392  2401    -1
 2518   1535  1532   977    -1
 2519   2260  2215   895    -1
 2520   1461   872  2570    -1
 2521   1947  1904  1903    -1
 2522   1576  2488  1917    -1
 2523   2481  2281  2646    -1
 2524   1037   114  1477    -1
 2525   2015  1997  2040    -1
 2526   2174  2219  2043    -1
 2527    107  1650   675    -1
 2528   1290    60  2351    -1
 2529   1589   125  1566    -1
 2530   1473  2302  1802    -1
 2531   1897  2314   402    -1
 2532   1538  1379   218    -1
 2533   2269  2237  2179    -1
 2534   2600   949    58    -1
 2535   2580   152  1604    -1
 2536   1417   140   229    -1
 2537   1166  2417  2372    -1
 2538   1781   682   200    -1
 2539   1102  2541   230    -1
 2540   1151  2152  1786    -1
 2541    727  2282  1652    -1
 2542   2002   343   387    -1
 2543    389     5   343    -1
 2544   1621  1839     5    -1
 2545    390  1046  1839    -1
 2546   2017  1795  1046    -1
 2547    611  2595  1795    -1
 2548   2018  1399  2595    -1
 2549    920  1002  1399    -1
 2550   2019  1354  1002    -1
 2551    789   958  1354    -1
 2552   2242  2549   958    -1
 2553    878  2014  2549    -1
 2554   2243  2505  2014    -1
 2555    835   299  2505    -1
 2556   2110   915   299    -1
 2557   1011   255   915    -1
 2558   2470  2460   255    -1
 2559    881  1751  2460    -1
 2560   2381   871  1751    -1
 2561   1277  1707   871    -1
 2562   2561  2415  1707    -1
 2563   1366  1310  2415    -1
 2564    312   827  1310    -1
 2565   1500  1488   827    -1
 2566    225  1266  1488    -1
 2567   1765   211  1266    -1
 2568    314  1970   211    -1
 2569   1942  2370  1970    -1
 2570    799   783  2370    -1
 2571   2118   739   783    -1
 2572   1019   167   739    -1
 2573   2253  2325   167    -1
 2574    976  1663  2325    -1
 2575   2209   695  1663    -1
 2576   1197  1619   695    -1
 2577   2390  2280  1619    -1
 2578   1110  1222  2280    -1
 2579     15   651  1222    -1
 2580   1287  1178   651    -1
 2581    277   607  1178    -1
 2582   1597  2235   607    -1
 2583    234  1927  2235    -1
 2584   1467  2190  1927    -1
 2585    323   123  2190    -1
 2586   1334   563   123    -1
 2587    104    79   563    -1
 2588   1644  2145    79    -1
 2589    281  1575  2145    -1
 2590   1689   519  1575    -1
 2591    370  1531   519    -1
 2592   1646  2101  1531    -1
 2593    195  1134  2101    -1
 2594   1735   475  1134    -1
 2595    196  1444   475    -1
 2596   1648  1090  1444    -1
 2597    461    35  1090    -1
 2598   1825  1883    35    -1
 2599    726  2057  1883    -1
 2600   2133   431  2057    -1
 2601    771   387   431    -1
 2602   2502  2002    32    -1
 2603   2502   433  1923    -1
 2604   1923   389  2502    -1
 2605   1923  1665   340    -1
 2606    340  1621  1923    -1
 2607    340   434  2098    -1
 2608   2098   390   340    -1
 2609   2098  2061  2457    -1
 2610   2457  2017  2098    -1
 2611   2457   655  1484    -1
 2612   1484   611  2457    -1
 2613   1484  2062  1043    -1
 2614   1043  2018  1484    -1
 2615   1043   963  2412    -1
 2616   2412   920  1043    -1
 2617   2412  2063   868    -1
 2618    868  2019  2412    -1
 2619    868   833  1395    -1
 2620   1395   789   868    -1
 2621   1395  2287  1747    -1
 2622   1747  2242  1395    -1
 2623   1747   922   692    -1
 2624    692   878  1747    -1
 2625    692  2288  1218    -1
 2626   1218  2243   692    -1
 2627   1218   879   648    -1
 2628    648   835  1218    -1
 2629    648  2154   296    -1
 2630    296  2110   648    -1
 2631    296  1055  2632    -1
 2632   2632  1011   296    -1
 2633   2632  2515  1879    -1
 2634   1879  2470  2632    -1
 2635   1879   925   252    -1
 2636    252   881  1879    -1
 2637    252  2426  2054    -1
 2638   2054  2381   252    -1
 2639   2054  1321  2367    -1
 2640   2367  1277  2054    -1
 2641   2367  2607  1703    -1
 2642   1703  2561  2367    -1
 2643   1703  1411   999    -1
 2644    999  1366  1703    -1
 2645    999   356  2322    -1
 2646   2322   312   999    -1
 2647   2322  1544   824    -1
 2648    824  1500  2322    -1
 2649    824   269  1350    -1
 2650   1350   225   824    -1
 2651   1350  1809  1659    -1
 2652   1659  1765  1350    -1
 2653   1659   358   604    -1
 2654    604   314  1659    -1
 2655    604  1985  1174    -1
 2656   1174  1942   604    -1
 2657   1174   843   560    -1
 2658    560   799  1174    -1
 2659    560  2162   208    -1
 2660    208  2118   560    -1
 2661    208  1063  2592    -1
 2662   2592  1019   208    -1
 2663   2592  2298  1835    -1
 2664   1835  2253  2592    -1
 2665   1835  1020   164    -1
 2666    164   976  1835    -1
 2667    164  2254  2010    -1
 2668   2010  2209   164    -1
 2669   2010  1241  2277    -1
 2670   2277  1197  2010    -1
 2671   2277  2435  1440    -1
 2672   1440  2390  2277    -1
 2673   1440  1154   955    -1
 2674    955  1110  1440    -1
 2675    955    56  2232    -1
 2676   2232    15   955    -1
 2677   2232  1331   780    -1
 2678    780  1287  2232    -1
 2679    780   321  1306    -1
 2680   1306   277   780    -1
 2681   1306  1641  1615    -1
 2682   1615  1597  1306    -1
 2683   1615   278   516    -1
 2684    516   234  1615    -1
 2685    516  1510  1130    -1
 2686   1130  1467   516    -1
 2687   1130   367   472    -1
 2688    472   323  1130    -1
 2689    472  1378   120    -1
 2690    120  1334   472    -1
 2691    120   148  2546    -1
 2692   2546   104   120    -1
 2693   2546  1688  1791    -1
 2694   1791  1644  2546    -1
 2695   1791   325    76    -1
 2696     76   281  1791    -1
 2697     76  1733  1966    -1
 2698   1966  1689    76    -1
 2699   1966   414  2187    -1
 2700   2187   370  1966    -1
 2701   2187  1690  1571    -1
 2702   1571  1646  2187    -1
 2703   1571   239   912    -1
 2704    912   195  1571    -1
 2705    912  1779  2142    -1
 2706   2142  1735   912    -1
 2707   2142   240   736    -1
 2708    736   196  2142    -1
 2709    736  1692  1262    -1
 2710   1262  1648   736    -1
 2711   1262   505  1527    -1
 2712   1527   461  1262    -1
 2713   1527  1869   428    -1
 2714    428  1825  1527    -1
 2715    428   770  1086    -1
 2716   1086   726   428    -1
 2717   1086  2177   384    -1
 2718    384  2133  1086    -1
 2719    384   815    32    -1
 2720     32   771   384    -1
 2721     32  2046  2502    -1
 2722    115  2046   731    -1
 2723    477   687   433    -1
 2724    433   115   477    -1
 2725   1709  1875  1665    -1
 2726   1665   687  1709    -1
 2727    478  1611   434    -1
 2728    434  1875   478    -1
 2729   1611  2149  1346    -1
 2730   1346  2061  1611    -1
 2731   1452   124   959    -1
 2732    699   655  1346    -1
 2733   2062   699   743    -1
 2734   1007  1302   963    -1
 2735    963  1743  1007    -1
 2736   1302  2107  2150    -1
 2737    643  2063  1302    -1
 2738   1692   284  1736    -1
 2739    877   833   643    -1
 2740   2287   877   921    -1
 2741   2401   988  2220    -1
 2742    965  2050   922    -1
 2743    922  2587   965    -1
 2744   2050  2333   718    -1
 2745    291  2288  2050    -1
 2746    856  1843  2114    -1
 2747    923   879   291    -1
 2748    923  2199  2154    -1
 2749    366  2494  1887    -1
 2750   1099   599  1055    -1
 2751   1055  1258  1099    -1
 2752    599  2559  1482    -1
 2753    555  2515   599    -1
 2754   2553   887  2599    -1
 2755    968   925   555    -1
 2756    968  2471  2426    -1
 2757   2382   138  2629    -1
 2758   1365  1214  1321    -1
 2759   1321  1567  1365    -1
 2760   1214    47   420    -1
 2761   1523  2607  1214    -1
 2762    639  1778   301    -1
 2763   1456  1411  1523    -1
 2764    356  1456  1499    -1
 2765    574   950  1468    -1
 2766   1588   511  1544    -1
 2767   1544  1170  1588    -1
 2768    511   313  1037    -1
 2769     71   269   511    -1
 2770   2287  2332  2587    -1
 2771   1853  1809    71    -1
 2772   1853   402   358    -1
 2773    393  1520  1823    -1
 2774   2029   247  1985    -1
 2775   1985  2006  2029    -1
 2776    247   931  1126    -1
 2777   1126   843   247    -1
 2778   1495  1145   309    -1
 2779   1082  2162  2207    -1
 2780   1107   203  1063    -1
 2781   1063  1082  1107    -1
 2782   2343   467  2298    -1
 2783   2298   203  2343    -1
 2784    467  1064  1831    -1
 2785   1831  1020   467    -1
 2786   2299  2254  1831    -1
 2787   1241  2299  2344    -1
 2788   2480  1391  2435    -1
 2789   2435  1038  2480    -1
 2790   1391  1286   302    -1
 2791   1699  1154  1391    -1
 2792    100   994    56    -1
 2793     56  1154  1699    -1
 2794    994  1375   423    -1
 2795    423  1331   994    -1
 2796    365    27   321    -1
 2797    321   423   365    -1
 2798     27  1729  2192    -1
 2799   2497  1641    27    -1
 2800   1079   980  1867    -1
 2801   1962   278   322    -1
 2802   1554   159  1510    -1
 2803   1510  1962  1554    -1
 2804    367   159   411    -1
 2805    907   950   574    -1
 2806    907  1378   950    -1
 2807    379  1265   435    -1
 2808    192   148   907    -1
 2809   1688   192   236    -1
 2810   1132  2224    11    -1
 2811    369  1787   325    -1
 2812    325   335   369    -1
 2813   1787  1777  1480    -1
 2814   1480  1733  1787    -1
 2815    458   863   414    -1
 2816    414  1480   458    -1
 2817   1734  1436  1690    -1
 2818   1690   863  1734    -1
 2819    283  1655   239    -1
 2820    239  1436   283    -1
 2821   1823   819  1779    -1
 2822   1779  1655  1823    -1
 2823   2599  2073   128    -1
 2824    284   240   819    -1
 2825    549  2452   505    -1
 2826    505     1   549    -1
 2827   1913  1919  1869    -1
 2828   1869  2452  1913    -1
 2829   1123   837  2336    -1
 2830    814   770  1919    -1
 2831    814  2222  2177    -1
 2832     58  1003  2600    -1
 2833    859   731   815    -1
 2834    815   775   859    -1
 2835    731  2327   115    -1
 2836   2563   637   245    -1
 2837   1742  1416    12    -1
 2838    477   728   565    -1
 2839    521   112   216    -1
 2840   1557    94  1093    -1
 2841    478   566  2149    -1
 2842    478  1709   216    -1
 2843    687   521  1709    -1
 2844    124  1452  1672    -1
 2845   1431  2642  2466    -1
 2846    743   699   684    -1
 2847   1345  1964  1393    -1
 2848   1007  1051  2107    -1
 2849    170   938  1189    -1
 2850   2497  1433   322    -1
 2851    921   877  1299    -1
 2852   1651  1898   755    -1
 2853    487  1267  2048    -1
 2854    965  1053  2333    -1
 2855   1946  1947  1903    -1
 2856    743  2106  2062    -1
 2857   1104  1874  2295    -1
 2858    355  1645   326    -1
 2859    966   923   244    -1
 2860   2038  2200  2082    -1
 2861   1005     7   993    -1
 2862   1099  2199  1543    -1
 2863    921  2332  2287    -1
 2864   2041   897  2262    -1
 2865    947   594  2134    -1
 2866   1012   968   596    -1
 2867    575   818   619    -1
 2868    701  2191   746    -1
 2869   1365  1410    47    -1
 2870   1365  2471  1410    -1
 2871   1777   457  1242    -1
 2872    662   818  1894    -1
 2873    139  1105   183    -1
 2874   1499  1456   464    -1
 2875   1105  1874  1149    -1
 2876    260  2560  1492    -1
 2877   1588  1676   313    -1
 2878     98   142  1682    -1
 2879   1512  1535   977    -1
 2880   2158   575  2203    -1
 2881   1897  1853  1477    -1
 2882    896  1400  2045    -1
 2883     95  1017  1972    -1
 2884   2029  2161   931    -1
 2885   2029   402  2161    -1
 2886    128  2073   172    -1
 2887    852  1994  1776    -1
 2888    939  2038   983    -1
 2889   2207   552  2342    -1
 2890   2252  2404  2093    -1
 2891   2343  2388  1064    -1
 2892   2343  1107  2093    -1
 2893   1652  1400   727    -1
 2894   1518  2626  1562    -1
 2895   2344  2299  1035    -1
 2896    258    22  2626    -1
 2897    971   443  2048    -1
 2898   2480  2615  1286    -1
 2899   1005  2554   285    -1
 2900   1887   964  1211    -1
 2901     24   502   836    -1
 2902    144   100   332    -1
 2903    144  1465  1375    -1
 2904   2093  1107  2252    -1
 2905    365   453  1729    -1
 2906    365  1375   453    -1
 2907   2486  1915  2530    -1
 2908    284   328  1736    -1
 2909      0  2420  2419    -1
 2910    322  1433   410    -1
 2911    484  2013    49    -1
 2912    186    97  1884    -1
 2913   2062  2106  1743    -1
 2914    854  2128  2172    -1
 2915   1858  1469  1902    -1
 2916   2114  1843  2129    -1
 2917   2238  1960  1048    -1
 2918    236   192  1167    -1
 2919   2030   300  2058    -1
 2920   2035  2609   792    -1
 2921    369   457  1777    -1
 2922    127  2001   171    -1
 2923   1539  1716   132    -1
 2924   2526  2427  1794    -1
 2925    328  1706  1736    -1
 2926   2541   274   230    -1
 2927   1022  1851   267    -1
 2928   1223  1522   479    -1
 2929    531  2260  1159    -1
 2930   1867   850  2584    -1
 2931   1823   288   393    -1
 2932   2121   686  1601    -1
 2933    328   284   350    -1
 2934   2535  1164  1518    -1
 2935   2451   416   372    -1
 2936   2217  2216  1833    -1
 2937   1388   549   593    -1
 2938   1060    95  1016    -1
 2939   1608  1913  1388    -1
 2940    718   291  2050    -1
 2941    858   814  1608    -1
 2942   1213  2346   847    -1
 2943    740  1753  1137    -1
 2944    903   947  2327    -1
 2945    859  2222   903    -1
 2946   2025   191  2069    -1
 2947   2173   942  2218    -1
 2948    565   521   477    -1
 2949   2423   347  2628    -1
 2950   1564   621   577    -1
 2951   2052  1558  1489    -1
 2952   1030   943  2124    -1
 2953    495   494  1918    -1
 2954    831   743   684    -1
 2955    378  2073    70    -1
 2956   1120  1164  2535    -1
 2957   1482   555   599    -1
 2958    490  1804  2361    -1
 2959    761   805  2080    -1
 2960   1871   531  1915    -1
 2961   1008   921  1299    -1
 2962     53  1416  1742    -1
 2963   2264  1843   856    -1
 2964   1736     1  1692    -1
 2965   1318    43  1598    -1
 2966    551  2105  1469    -1
 2967   1010   966   244    -1
 2968    302  1699  1391    -1
 2969    406  1462   451    -1
 2970   2092  2214  2258    -1
 2971    819  1823  1520    -1
 2972    202    39  1270    -1
 2973    907  1167   192    -1
 2974   2501  1198   191    -1
 2975   1100  1012   596    -1
 2976   1585   309  1145    -1
 2977   1492  2638  1449    -1
 2978   1813   446    36    -1
 2979   1516   510  2439    -1
 2980     10   344   749    -1
 2981   1587  1499   464    -1
 2982    598  1355  1089    -1
 2983   1691   152  2580    -1
 2984   1022   752  1851    -1
 2985   1519   287  1563    -1
 2986   1727   540  1683    -1
 2987   2456  1657  2001    -1
 2988   1941  1897  1477    -1
 2989   1780  2180  1434    -1
 2990    584   893  2168    -1
 2991   2635   446   145    -1
 2992    317  1505   273    -1
 2993   1829  2506   330    -1
 2994    716   672  1990    -1
 2995   2344  1285  1241    -1
 2996   2342  2252  2207    -1
 2997     70  2238  1269    -1
 2998   1762  2026   884    -1
 2999   1151  2197   834    -1
 3000   1592   855   317    -1
 3001    806  2258  1947    -1
 3002   1499   400   356    -1
 3003   2434  2344  1035    -1
 3004    806  1991  1867    -1
 3005   2636  1960  1342    -1
 3006   2600  1003  1647    -1
 3007   1242    16  1821    -1
 3008    188   144   332    -1
 3009   1969  2005  2620    -1
 3010   2179  2237  2359    -1
 3011   1489  1558   686    -1
 3012   2464  2510     0    -1
 3013   1882  1265   702    -1
 3014    410   366   322    -1
 3015   2244   861   653    -1
 3016    415   283  1734    -1
 3017    200   682  2089    -1
 3018   1917    48  1576    -1
 3019   2539  1344  2641    -1
 3020      0  2419  2464    -1
 3021    219   175   810    -1
 3022    280   236  1167    -1
 3023    289  1696  1822    -1
 3024   1169    96   141    -1
 3025   1125  1282  1416    -1
 3026   2192   290  2004    -1
 3027   2540    86    43    -1
 3028   1716   263  1583    -1
 3029    546   458   991    -1
 3030   1255   181  1721    -1
 3031    157  1168  2334    -1
 3032    578  1380  1124    -1
 3033   2339   612  1623    -1
 3034   2312  1427   948    -1
 3035    184   183  2272    -1
 3036   1520   372   350    -1
 3037   1740  2360  1418    -1
 3038    402  1853  1897    -1
 3039   2003  2495   532    -1
 3040   1552  1987  1916    -1
 3041   1179  1566   125    -1
 3042   1917  2146   189    -1
 3043    945   858  1608    -1
 3044    444  1036   498    -1
 3045   1480   991   458    -1
 3046    333    25  1864    -1
 3047   2585   817  2240    -1
 3048   2516  2405  2432    -1
 3049   2307  1029  1301    -1
 3050   1353   936    41    -1
 3051    522  2645    63    -1
 3052    273   329   228    -1
 3053     52  2565   886    -1
 3054    522  2615  1285    -1
 3055    787  1720  1545    -1
 3056    942  2352  1117    -1
 3057   1990   672  1091    -1
 3058   1423  2570   872    -1
 3059    787  1676   400    -1
 3060    455    64  1211    -1
 3061   1390   373  1737    -1
 3062    311  1718  1895    -1
 3063   1009  2433   207    -1
 3064   2558     8  1318    -1
 3065     40     7    94    -1
 3066   1372  1371    53    -1
 3067   1919  1608   814    -1
 3068   1143   610  2276    -1
 3069   2584   850   763    -1
 3070   1056  1097   823    -1
 3071   2421  2465  1359    -1
 3072   1412  1685   224    -1
 3073   1522  2517  1752    -1
 3074   1056  1053  2332    -1
 3075   1543  1187    31    -1
 3076    274  2541   141    -1
 3077   1543  2199  2538    -1
 3078   1632  2206  1513    -1
 3079   2073  2148    70    -1
 3080    345   740   293    -1
 3081     13  2026  1762    -1
 3082   1632   402  2314    -1
 3083   2117   946   594    -1
 3084   1860   540  1727    -1
 3085   1274   893   584    -1
 3086   1796  2117   903    -1
 3087   2297   501    16    -1
 3088    125  1589  1180    -1
 3089   1566  1519  1563    -1
 3090   2297   457  1732    -1
 3091   2389   497   800    -1
 3092     10  1978  2182    -1
 3093    773  1565  2467    -1
 3094   1465  1446  1508    -1
 3095   2569  1455   506    -1
 3096   2044  2077  1234    -1
 3097    834   774  1151    -1
 3098    267   178  1022    -1
 3099   1486  1466  1442    -1
 3100   2569  2471  2449    -1
 3101    409  1095  1289    -1
 3102   2371  1677    80    -1
 3103    409  1051  2106    -1
 3104    944  1341  2627    -1
 3105   1881  2064  1837    -1
 3106   2604  1837  2020    -1
 3107   1202  1932  1786    -1
 3108    906  1752  1322    -1
 3109   2102   413  2620    -1
 3110   1833  2137   811    -1
 3111   2191  2236   801    -1
 3112   1499  1587  1618    -1
 3113    446  1813   652    -1
 3114   1274   628   893    -1
 3115   1652  2282   293    -1
 3116   1047   235   146    -1
 3117   2629    24  2382    -1
 3118    807  2200  2038    -1
 3119   2137  2220   811    -1
 3120   1209  2266  2536    -1
 3121   2312  1033  1077    -1
 3122   2337  1601   686    -1
 3123   1816  1166  2492    -1
 3124   1864   368   412    -1
 3125   1824   460   504    -1
 3126   1894   818   575    -1
 3127   1822   634   678    -1
 3128   2044   681   725    -1
 3129   2423  1141  1185    -1
 3130   2640  1231  1275    -1
 3131    885   841   884    -1
 3132   2431   798  1238    -1
 3133    311   752  1022    -1
 3134     71  1477  1853    -1
 3135    243   107  2049    -1
 3136    411  1554  1887    -1
 3137   2640  1855   729    -1
 3138   2334  1098  1142    -1
 3139   2240   919   962    -1
 3140    914   891  1213    -1
 3141   1523   464  1456    -1
 3142   2553    94  1557    -1
 3143   1267  2377   883    -1
 3144    717  1772  2036    -1
 3145     42  1272  2421    -1
 3146    532  1675  1719    -1
 3147   1961  1435  2485    -1
 3148   2628  1212  2423    -1
 3149   1887  1554   366    -1
 3150   1094   874   918    -1
 3151    288   283   415    -1
 3152   2641  1188  1232    -1
 3153    246  2030   238    -1
 3154   1374   525  2315    -1
 3155    757  1634  1961    -1
 3156   2467  1096  1140    -1
 3157   1610  2097  1561    -1
 3158   2650  1268  2321    -1
 3159    350   284   819    -1
 3160   1738  1694   242    -1
 3161    578  2028  2072    -1
 3162    448  1548  1504    -1
 3163    905  2134  2135    -1
 3164    905   653   861    -1
 3165    861   609   905    -1
 3166    285  2554   961    -1
 3167   1389   112   861    -1
 3168    654   610  1389    -1
 3169    610   654  2630    -1
 3170   1828  2630  2239    -1
 3171   1828  2194  2630    -1
 3172    919   875  1828    -1
 3173    875   919   817    -1
 3174   2195   817  2585    -1
 3175   1139  1095  2585    -1
 3176   1095  1139  2091    -1
 3177   2047  2091  2196    -1
 3178   2047  2151  2091    -1
 3179   1096  1052  2047    -1
 3180   1052  1096  1565    -1
 3181   2422  1565   773    -1
 3182   1141  1097   773    -1
 3183   1097  1141  1212    -1
 3184   2628  2378  1212    -1
 3185   1098  1054  2628    -1
 3186   1054  1098  1168    -1
 3187    334  2566  2612    -1
 3188   2289  1168   157    -1
 3189   1231  1187   157    -1
 3190   1187  1231   113    -1
 3191    729   113  2640    -1
 3192    729  2605   113    -1
 3193   1188  1144   729    -1
 3194   1144  1188  1344    -1
 3195    816  1255  2070    -1
 3196   2606  1344  2539    -1
 3197   1498  1455  2539    -1
 3198   1455  1498  1784    -1
 3199    685  1784  1503    -1
 3200    685    91  1784    -1
 3201   1675  1631   685    -1
 3202   1631  1675  2495    -1
 3203   2015  2040  2084    -1
 3204    488  2495  2003    -1
 3205   1764  1720  2003    -1
 3206   1720  1764  2450    -1
 3207   1521  2450   401    -1
 3208   1521   357  2450    -1
 3209   2028  1984  1521    -1
 3210   1984  2028   641    -1
 3211   1991  1947  1946    -1
 3212    534   641  1124    -1
 3213   2251  2206  1124    -1
 3214   2206  2251   597    -1
 3215    597  1018  1080    -1
 3216   1080   974   597    -1
 3217   1080  2432  2405    -1
 3218   2405  2387  1080    -1
 3219   2200  2349   851    -1
 3220    553  2404  2405    -1
 3221   2478  2433   553    -1
 3222   2433  2478   509    -1
 3223   1300   509  1152    -1
 3224   1300  1108   509    -1
 3225   2524  2479  1300    -1
 3226   2479  2524  2360    -1
 3227   1798  1420  1753    -1
 3228   1373  2360  1740    -1
 3229     55  2645  1740    -1
 3230   2645    55   465    -1
 3231   2315   465  1374    -1
 3232   2315  1330   465    -1
 3233    276   232  2315    -1
 3234    232   276  1959    -1
 3235    539  1091   495    -1
 3236   1508  1959  1916    -1
 3237    541   497  1916    -1
 3238    497   541  1478    -1
 3239   1478  1817   421    -1
 3240    421  1773  1478    -1
 3241    421   498  1036    -1
 3242   1036   454   421    -1
 3243   1980   574  1468    -1
 3244    377  2494  1036    -1
 3245    499   455   377    -1
 3246    455   499   992    -1
 3247     69   992  1555    -1
 3248     69  1511   992    -1
 3249    368   324    69    -1
 3250    324   368    25    -1
 3251   1820    25   333    -1
 3252    545   501   333    -1
 3253    501   545  1256    -1
 3254   2270  1256  1865    -1
 3255   2270  1821  1256    -1
 3256    634   590  2270    -1
 3257    590   634  1696    -1
 3258   2552   360   696    -1
 3259   1353  1696   289    -1
 3260    503   459   289    -1
 3261    459   503  2225    -1
 3262   1911  2225  1872    -1
 3263    460   416  1872    -1
 3264    416   460  2180    -1
 3265    723   680  2219    -1
 3266   2048   618   487    -1
 3267    681   637  1434    -1
 3268    637   681   245    -1
 3269   2597  2148  1181    -1
 3270   2000   245  1234    -1
 3271   1033   989  1234    -1
 3272    989  1033   201    -1
 3273   2545  1651  2059    -1
 3274   2267   201   948    -1
 3275    990   946   948    -1
 3276    946   990  2135    -1
 3277   2135  2178   905    -1
 3278   2178  2223  1245    -1
 3279    697   653  1245    -1
 3280    420  1523  1214    -1
 3281    621  2310   577    -1
 3282    653  1797  2244    -1
 3283    698   654  2244    -1
 3284   1503  2391   685    -1
 3285   2239  2284  2245    -1
 3286    962   919  2245    -1
 3287     94     7  1049    -1
 3288   2240  2285  2527    -1
 3289   1183  1139  2527    -1
 3290   2196  2241  1988    -1
 3291   1140  1096  1988    -1
 3292   2467  2512  2608    -1
 3293   1185  1141  2608    -1
 3294    231  1595  1551    -1
 3295   1698  1718   310    -1
 3296   2423  2468   347    -1
 3297   1142  1098   347    -1
 3298   2207  2162  1126    -1
 3299   1830   496  1683    -1
 3300   2334  2379  1891    -1
 3301   1275  1231  1891    -1
 3302   2640    45  1855    -1
 3303   1232  1188  1855    -1
 3304   1872  2225  1954    -1
 3305   2641    46  1426    -1
 3306   1542  1498  1426    -1
 3307      9  1494  1495    -1
 3308   1503   135  2391    -1
 3309   1719  1675  2391    -1
 3310   1434  2180  1824    -1
 3311    532   576  2031    -1
 3312   1808  1764  2031    -1
 3313   2013  2351   862    -1
 3314    401   445  2519    -1
 3315   2072  2028  2519    -1
 3316    578   622  1380    -1
 3317   1380  2296  2251    -1
 3318   2219  2087   904    -1
 3319   1018  1062   462    -1
 3320   2477  2432   462    -1
 3321    900  2114  2124    -1
 3322   2432  1195  2516    -1
 3323   2523  2478  2516    -1
 3324   1067  1213   891    -1
 3325   1978   746  2182    -1
 3326   1152  1196  1339    -1
 3327   2568  2524  1339    -1
 3328   1844  2339  1667    -1
 3329    246  1926  1514    -1
 3330   1418  1463  1114    -1
 3331     99    55  1114    -1
 3332   1374  1419   525    -1
 3333    320   276   525    -1
 3334   2105  1769   670    -1
 3335   1552  1596  1987    -1
 3336   1987   585   541    -1
 3337   1198  1893   838    -1
 3338   1817  1861   656    -1
 3339    542   498   656    -1
 3340    498  1642   444    -1
 3341    543   499   444    -1
 3342   2563   593  1706    -1
 3343   1405  1451  1407    -1
 3344   1555  1599   463    -1
 3345    412   368   463    -1
 3346    900   856  2114    -1
 3347   1581  1582  1538    -1
 3348   1864  1908  2247    -1
 3349    589   545  2247    -1
 3350   1629  1585  1766    -1
 3351   1865  1909  1335    -1
 3352    678   634  1335    -1
 3353   1774  1775  1731    -1
 3354   1867  1991  1079    -1
 3355   1822  1866  1546    -1
 3356    547   503  1546    -1
 3357    940  1301  1369    -1
 3358   2596  2005  1515    -1
 3359   1954  1998  2292    -1
 3360    504   460  2292    -1
 3361    184   329  1971    -1
 3362   1753   683  1137    -1
 3363   1824  1868  2112    -1
 3364    725   681  2112    -1
 3365   1581    85  1625    -1
 3366   1961  2165  2649    -1
 3367   2044  2088  2077    -1
 3368   1077  1033  2077    -1
 3369    980  2079  1024    -1
 3370   1346   684   699    -1
 3371   2312  2357  1427    -1
 3372   1427  1034   990    -1
 3373   2223  1215  2268    -1
 3374    688   741  2051    -1
 3375   2051   697   688    -1
 3376   2051  1841  1612    -1
 3377   1612  1797  2051    -1
 3378   1612   742  2318    -1
 3379   2318   698  1612    -1
 3380   2318  2329  1171    -1
 3381   1171  2284  2318    -1
 3382   1171  1006   644    -1
 3383    644   962  1171    -1
 3384    644  2330  1876    -1
 3385   1876  2285   644    -1
 3386   1876  1227   116    -1
 3387    116  1183  1876    -1
 3388    116  2286  2273    -1
 3389   2273  2241   116    -1
 3390   2273  1184   600    -1
 3391    600  1140  2273    -1
 3392    600  2556  1700    -1
 3393   1700  2512   600    -1
 3394   1700  1229  1127    -1
 3395   1127  1185  1700    -1
 3396   1127  2513  1083    -1
 3397   1083  2468  1127    -1
 3398   1083  1186    72    -1
 3399     72  1142  1083    -1
 3400     72  2424  1568    -1
 3401   1568  2379    72    -1
 3402   1568  1319  1039    -1
 3403   1039  1275  1568    -1
 3404   1039    89  2007    -1
 3405   2007    45  1039    -1
 3406   2007  1276  1524    -1
 3407   1524  1232  2007    -1
 3408   1524    90  2408    -1
 3409   2408    46  1524    -1
 3410   2408  1586   556    -1
 3411    556  1542  2408    -1
 3412    556   179   512    -1
 3413    512   135   556    -1
 3414    512  1763  1832    -1
 3415   1832  1719   512    -1
 3416   1832   620    28    -1
 3417     28   576  1832    -1
 3418     28  1852  2228    -1
 3419   2228  1808    28    -1
 3420   2228   489   468    -1
 3421    468   445  2228    -1
 3422    468  2116  1481    -1
 3423   1481  2072   468    -1
 3424   1481   666   424    -1
 3425    424   622  1481    -1
 3426    424  2341   995    -1
 3427    995  2296   424    -1
 3428   1106     2  1062    -1
 3429   1062   995  1106    -1
 3430      2  2522  1437    -1
 3431   1437  2477     2    -1
 3432   1437  1239   951    -1
 3433    951  1195  1437    -1
 3434    951  2567  1963    -1
 3435   1963  2523   951    -1
 3436   1963  1240  1392    -1
 3437   1392  1196  1963    -1
 3438   1392  2614  2183    -1
 3439   2183  2568  1392    -1
 3440   2183  1506   908    -1
 3441    908  1463  2183    -1
 3442    908   143   380    -1
 3443    380    99   908    -1
 3444    380  1464  1788    -1
 3445   1788  1419   380    -1
 3446   1788   364  2588    -1
 3447   2588   320  1788    -1
 3448   2588  1640  2138    -1
 3449   2138  1596  2588    -1
 3450   2138   629   336    -1
 3451    336   585  2138    -1
 3452   1905  1656  1861    -1
 3453   1861   336  1905    -1
 3454   1656   586   864    -1
 3455    864   542  1656    -1
 3456    864  1686   820    -1
 3457    820  1642   864    -1
 3458    820   587  2542    -1
 3459   2542   543   820    -1
 3460   2542  1643  1347    -1
 3461   1347  1599  2542    -1
 3462   1347   456   776    -1
 3463    776   412  1347    -1
 3464    776  1951  1920    -1
 3465   1920  1908   776    -1
 3466   1920   633  1303    -1
 3467   1303   589  1920    -1
 3468   1303  1952  2363    -1
 3469   2363  1909  1303    -1
 3470   2363   722   292    -1
 3471    292   678  2363    -1
 3472    292  1910   248    -1
 3473    248  1866   292    -1
 3474    248   591  1744    -1
 3475   1744   547   248    -1
 3476   1744  2042  2498    -1
 3477   2498  1998  1744    -1
 3478   2498   548  2094    -1
 3479   2094   504  2498    -1
 3480   2094  1912   204    -1
 3481    204  1868  2094    -1
 3482    204   769  1259    -1
 3483   1259   725   204    -1
 3484   1259  2132   160    -1
 3485    160  2088  1259    -1
 3486    160  1121   732    -1
 3487    732  1077   160    -1
 3488    732  2402  2453    -1
 3489   2453  2357   732    -1
 3490   2453  1078  1215    -1
 3491   1215  1034  2453    -1
 3492   2268   688  2223    -1
 3493   1922  2268   866    -1
 3494   1922   785   734    -1
 3495    734   741  1922    -1
 3496    734  1885  2410    -1
 3497   2410  1841   734    -1
 3498   2410   786  2230    -1
 3499   2230   742  2410    -1
 3500   2230  2374   822    -1
 3501    822  2329  2230    -1
 3502    822  1050  1878    -1
 3503   1878  1006   822    -1
 3504   1878  2375   690    -1
 3505    690  2330  1878    -1
 3506    690  1271  1702    -1
 3507   1702  1227   690    -1
 3508   1702  2331  1526    -1
 3509   1526  2286  1702    -1
 3510   1526  1228  1483    -1
 3511   1483  1184  1526    -1
 3512   1483  2602   646    -1
 3513    646  2556  1483    -1
 3514    646   557  2500    -1
 3515   2500  1229   646    -1
 3516   2500  2557   602    -1
 3517    602  2513  2500    -1
 3518    602  1230  1173    -1
 3519   1173  1186   602    -1
 3520   1173  2469  1129    -1
 3521   1129  2424  1173    -1
 3522   1129  1363  2053    -1
 3523   2053  1319  1129    -1
 3524   2053   133   558    -1
 3525    558    89  2053    -1
 3526    558  1320  2365    -1
 3527   2365  1276   558    -1
 3528   2365   134  2185    -1
 3529   2185    90  2365    -1
 3530   2185  1630   514    -1
 3531    514  1586  2185    -1
 3532    514   223  1834    -1
 3533   1834   179   514    -1
 3534   1834  1807   470    -1
 3535    470  1763  1834    -1
 3536    470   664  1658    -1
 3537   1658   620   470    -1
 3538   1658  1896  1439    -1
 3539   1439  1852  1658    -1
 3540   1439   533  1394    -1
 3541   1394   489  1439    -1
 3542   1394  2160   426    -1
 3543    426  2116  1394    -1
 3544    426   710   382    -1
 3545    382   666   426    -1
 3546    382  2386   338    -1
 3547    338  2341   382    -1
 3548    338  1150  1085    -1
 3549   1085  1106   338    -1
 3550   1085  2566  1041    -1
 3551   1041  2522  1085    -1
 3552   1041  1283  2009    -1
 3553   2009  1239  1041    -1
 3554   2009  2613   294    -1
 3555    294  2567  2009    -1
 3556    294  1284  2320    -1
 3557   2320  1240   294    -1
 3558   2320    14  2140    -1
 3559   2140  2614  2320    -1
 3560   2140  1550   778    -1
 3561    778  1506  2140    -1
 3562    778   187  1790    -1
 3563   1790   143   778    -1
 3564   1790  1507   250    -1
 3565    250  1464  1790    -1
 3566    250   408  1614    -1
 3567   1614   364   250    -1
 3568   1614  1684  1349    -1
 3569   1349  1640  1614    -1
 3570   1349   673  1305    -1
 3571   1305   629  1349    -1
 3572   1305  1948   206    -1
 3573    206  1905  1305    -1
 3574    206   630  2455    -1
 3575   2455   586   206    -1
 3576   2455  1730   162    -1
 3577    162  1686  2455    -1
 3578    162   631   997    -1
 3579    997   587   162    -1
 3580    997  1687   953    -1
 3581    953  1643   997    -1
 3582    953   500  1965    -1
 3583   1965   456   953    -1
 3584   1965  1995   118    -1
 3585    118  1951  1965    -1
 3586    118   677  2275    -1
 3587   2275   633   118    -1
 3588   2275  1996  2096    -1
 3589   2096  1952  2275    -1
 3590   2096   766    74    -1
 3591     74   722  2096    -1
 3592     74  1953  1746    -1
 3593   1746  1910    74    -1
 3594   1746   635    30    -1
 3595     30   591  1746    -1
 3596     30  2086  1570    -1
 3597   1570  2042    30    -1
 3598   1570   592  1261    -1
 3599   1261   548  1570    -1
 3600   1261  1955  1217    -1
 3601   1217  1912  1261    -1
 3602   1217   813     4    -1
 3603      4   769  1217    -1
 3604      4  2176  2590    -1
 3605   2590  2132     4    -1
 3606   2590  1165  2544    -1
 3607   2544  1121  2590    -1
 3608   2544  2447   910    -1
 3609    910  2402  2544    -1
 3610    910  1122   866    -1
 3611    866  1078   910    -1
 3612    866  2313  1922    -1
 3613   1216  2313  2543    -1
 3614   1216   829   645    -1
 3615    645   785  1216    -1
 3616    645  1929   821    -1
 3617    821  1885   645    -1
 3618    821   830   601    -1
 3619    601   786   821    -1
 3620    601  2419  1172    -1
 3621   1172  2374   601    -1
 3622    986  2173  1030    -1
 3623   2419  1701  1172    -1
 3624   1315   721  2039    -1
 3625   2229  2375  1701    -1
 3626   1620  2376  1128    -1
 3627   1128  1271  2229    -1
 3628   1128  2376  2499    -1
 3629   2499  2331  1128    -1
 3630   2499  1272  2454    -1
 3631   2454  1228  2499    -1
 3632   2454  2639   557    -1
 3633    557  2602  2454    -1
 3634   2165  2201  2021    -1
 3635   1760   132  1804    -1
 3636    862  1556  1246    -1
 3637    679  2174  2130    -1
 3638   2603  2514  1877    -1
 3639   2557  2231  1877    -1
 3640   1877  2514   513    -1
 3641    513  2469  1877    -1
 3642    513  1408  1613    -1
 3643   1613  1363   513    -1
 3644   1613   177   469    -1
 3645    469   133  1613    -1
 3646    469  1364   777    -1
 3647    777  1320   469    -1
 3648    940   983  1479    -1
 3649    425   134   777    -1
 3650    425   178   267    -1
 3651   1084  1630   425    -1
 3652   1084   267  1569    -1
 3653   1569   223  1084    -1
 3654   1569  1851  2184    -1
 3655   2184  1807  1569    -1
 3656   2184   708  1040    -1
 3657   1040   664  2184    -1
 3658   1040  1940  2409    -1
 3659   2409  1896  1040    -1
 3660    577   381  1564    -1
 3661    381   533  2409    -1
 3662    381   577   754    -1
 3663    337  2160   381    -1
 3664    337   754  1525    -1
 3665   1525   710   337    -1
 3666   1525  2431  2008    -1
 3667   2008  2386  1525    -1
 3668   2008  1194  2566    -1
 3669   2566  1150  2008    -1
 3670   1652   293  1137    -1
 3671   1874  1148  2340    -1
 3672    310   354  2411    -1
 3673   2150   643  1302    -1
 3674   1327  1328   249    -1
 3675   1283   334   249    -1
 3676    249  1328   733    -1
 3677    733  1284   249    -1
 3678    733    54   205    -1
 3679    205    14   733    -1
 3680    205  1594   996    -1
 3681    996  1550   205    -1
 3682    996   231  1438    -1
 3683   1438   187   996    -1
 3684    452    36  2635    -1
 3685   2139  1507  1438    -1
 3686   2139  1551   952    -1
 3687    952   408  2139    -1
 3688    952  1728  2364    -1
 3689   2364  1684   952    -1
 3690   2364   717  2319    -1
 3691   2319   673  2364    -1
 3692   2319  1992   161    -1
 3693    161  1948  2319    -1
 3694    161   674  1393    -1
 3695   1393   630   161    -1
 3696   1774  1964  1345    -1
 3697   1964  1730  1393    -1
 3698   1964  1774  1731    -1
 3699   1789   631  1964    -1
 3700   1789  1731   117    -1
 3701    117  1687  1789    -1
 3702    117   544  1348    -1
 3703   1348   500   117    -1
 3704   1348  2039    73    -1
 3705     73  1995  1348    -1
 3706     73   721   689    -1
 3707    689   677    73    -1
 3708   1182  1313   202    -1
 3709     29  1996   689    -1
 3710     29  2040  1997    -1
 3711    909   766    29    -1
 3712    909  1997  1304    -1
 3713   1304  1953   909    -1
 3714   1304   679  2095    -1
 3715   2095   635  1304    -1
 3716   2095  2130   865    -1
 3717    865  2086  2095    -1
 3718    865   636  2274    -1
 3719   2274   592   865    -1
 3720   2274  1999     3    -1
 3721      3  1955  2274    -1
 3722      3   857  2589    -1
 3723   2589   813     3    -1
 3724   2589  2221  1260    -1
 3725   1260  2176  2589    -1
 3726   1260  1209  1921    -1
 3727   1921  1165  1260    -1
 3728   1921  2492  1745    -1
 3729   1745  2447  1921    -1
 3730   1745  1166  2543    -1
 3731   2543  1122  1745    -1
 3732   2543  2372  1216    -1
 3733    902   744   608    -1
 3734   1515  2005  1155    -1
 3735    360  2066   967    -1
 3736    830  1929   828    -1
 3737   1431  1257  1541    -1
 3738   2464  2419   830    -1
 3739   1651   755  2074    -1
 3740    774  1928  1151    -1
 3741   1620  2420  2465    -1
 3742   1272  2376  2421    -1
 3743    317   855  1549    -1
 3744     42  2639  1272    -1
 3745   2639    42  2540    -1
 3746    887  1557   960    -1
 3747   2244  1389   861    -1
 3748   2600  1647  2052    -1
 3749   2291  1757  2302    -1
 3750   1179    81  1476    -1
 3751   1408  2514  1221    -1
 3752   1242   466   991    -1
 3753    221   177  1408    -1
 3754    177   221   391    -1
 3755   1418  1114  1740    -1
 3756    222   178  1364    -1
 3757   2262  2306  2226    -1
 3758   2131   680  2175    -1
 3759    327  2316  1482    -1
 3760   1674  1576    48    -1
 3761   1864  2247   333    -1
 3762    708   752  1940    -1
 3763   1940   621  1564    -1
 3764      6  1609  2150    -1
 3765   2186  1328  1372    -1
 3766   1512   744   933    -1
 3767    754   798  2431    -1
 3768   1238  1194  2431    -1
 3769   1194  1238  1125    -1
 3770   1954  2292  1872    -1
 3771   1221  2514  2558    -1
 3772   1504  1460   448    -1
 3773   2192  2497    27    -1
 3774     54  1328  2186    -1
 3775   1362    87  1584    -1
 3776   1638  1594    54    -1
 3777   1594  1638  1799    -1
 3778   1822  1546   289    -1
 3779   1022   178   311    -1
 3780    862    49  2013    -1
 3781    593   549  1736    -1
 3782   1728  1772   717    -1
 3783   1037    71   511    -1
 3784   2036  1992   717    -1
 3785   1992  2036   674    -1
 3786   1708  2371  1412    -1
 3787    674  1818  1345    -1
 3788    262   554   302    -1
 3789    335  1791  1688    -1
 3790   1731  1775   544    -1
 3791   2334  1891   157    -1
 3792   2083  2039   544    -1
 3793   2039  2083  1315    -1
 3794   2467  2608   773    -1
 3795   2084  2040   721    -1
 3796    679  1997  2015    -1
 3797    376  2120  1750    -1
 3798    636  2130  2043    -1
 3799    636  2043  2582    -1
 3800    857  1999  2582    -1
 3801   2221  2266  1209    -1
 3802    327    31  2605    -1
 3803   2536  2492  1209    -1
 3804   2492  2536  1816    -1
 3805   2358   917   961    -1
 3806   2147  1545   357    -1
 3807    873  2417  2462    -1
 3808   2552  1004  1983    -1
 3809    874   828   873    -1
 3810    874  2510  2464    -1
 3811    356   400  1170    -1
 3812   1359  2465  2510    -1
 3813   1359  1316  2421    -1
 3814   2048  1810   530    -1
 3815     86    42  1316    -1
 3816    768  2137  2309    -1
 3817     43     8  2540    -1
 3818   1318     8    43    -1
 3819   1318  1453  1221    -1
 3820   1221  2558  1318    -1
 3821    265   221  1453    -1
 3822    221   265   391    -1
 3823    448  1972  1971    -1
 3824    222  1718   311    -1
 3825   1895   752   311    -1
 3826    796   752  1895    -1
 3827    665  2310   621    -1
 3828    621   796   665    -1
 3829    422  1873   718    -1
 3830   2476   798  2205    -1
 3831   2476  1238   798    -1
 3832   1282  1238  2476    -1
 3833   1416  1371  1125    -1
 3834     53  1371  1416    -1
 3835     53    98  2186    -1
 3836   2186  1372    53    -1
 3837   1682  1638    98    -1
 3838   1638  1682  1799    -1
 3839    496  1772  1595    -1
 3840    761  1772   496    -1
 3841    761  2036  1772    -1
 3842   2080  2036   761    -1
 3843    224  1685  1752    -1
 3844   1862   108  1818    -1
 3845   1818  2080  1862    -1
 3846   2591    26  1064    -1
 3847    588  1775   719    -1
 3848    588  2083  1775    -1
 3849   2127  2083   588    -1
 3850    993  1237  2642    -1
 3851   2128  2084  1315    -1
 3852    854  2084  2128    -1
 3853   2084   854  2015    -1
 3854   2174  2015   854    -1
 3855   2226  1301  1029    -1
 3856   2617   251   339    -1
 3857   2300   977  2570    -1
 3858   2087   901   904    -1
 3859   2582  2043   904    -1
 3860   1253  2266   901    -1
 3861   1253  2536  2266    -1
 3862   2581  2536  1253    -1
 3863   2471   968  1012    -1
 3864    898  2217   767    -1
 3865   2016  1094   918    -1
 3866   2358   873  2462    -1
 3867   2358   918   874    -1
 3868   1538  1537  2601    -1
 3869    872    48  1423    -1
 3870   1102  1326    52    -1
 3871   1029  1073  2129    -1
 3872   1359  2510  1094    -1
 3873     92   158   420    -1
 3874   1316  1359  1257    -1
 3875   1431  1360  1257    -1
 3876   1360  1361    86    -1
 3877     86  1316  1360    -1
 3878   1361  1362  1598    -1
 3879     43    86  1361    -1
 3880   1181   887  2597    -1
 3881   2136  1741  2149    -1
 3882   1453  1318  1598    -1
 3883   1598  1362  1540    -1
 3884   1496  1409   265    -1
 3885    265  1453  1496    -1
 3886   1409   266   265    -1
 3887    310   266  1409    -1
 3888   1718   266   310    -1
 3889   1895  1718  1698    -1
 3890   1698   310  2411    -1
 3891   1939   665   796    -1
 3892    709   665  1939    -1
 3893    709   842  2205    -1
 3894   2205   665   709    -1
 3895    842  2476  2205    -1
 3896   2521  2476   842    -1
 3897   2521    12  1282    -1
 3898   1282  2476  2521    -1
 3899     12    97  1742    -1
 3900   1416  1282    12    -1
 3901   1461  2616  1674    -1
 3902   2004  1433  2192    -1
 3903     98    53  1742    -1
 3904   1742    97   186    -1
 3905    142   275  1682    -1
 3906    275  1639  1682    -1
 3907   1683  1639   275    -1
 3908   1683   540  1830    -1
 3909    496  1639  1683    -1
 3910    761   496  1830    -1
 3911    540   623   371    -1
 3912   1840  1311   876    -1
 3913    642  2271   552    -1
 3914    805  1862  2080    -1
 3915   1906  1862   805    -1
 3916   1906  1819   719    -1
 3917    719  1862  1906    -1
 3918   1819   588   719    -1
 3919    632   588  1819    -1
 3920    632   765  2127    -1
 3921   2127   588   632    -1
 3922    765  2172  2128    -1
 3923   2128  2127   765    -1
 3924   2172   640   854    -1
 3925   1079  1991  1946    -1
 3926    446  1061   608    -1
 3927   2219   680  2131    -1
 3928   2087  2131  2311    -1
 3929   2311   901  2087    -1
 3930   2311  1253   901    -1
 3931   1297  1253  2311    -1
 3932   1297  1210  2581    -1
 3933   2581  1253  1297    -1
 3934   1210  2358  2462    -1
 3935   2462  2581  1210    -1
 3936   1657  2508  1490    -1
 3937   2016   961  2554    -1
 3938   1884   230   186    -1
 3939    918   961  2016    -1
 3940    947  2181   728    -1
 3941    411  1468   950    -1
 3942   2307   942  1073    -1
 3943   1757  2291  1713    -1
 3944    130  1360  1431    -1
 3945    130  1361  1360    -1
 3946    130    87  1362    -1
 3947   2604  1925  1881    -1
 3948    288   396  1058    -1
 3949   1540  1496  1598    -1
 3950   1540   354  1409    -1
 3951   1409  1496  1540    -1
 3952    354   310  1409    -1
 3953   2327   859   903    -1
 3954    355  1602  1489    -1
 3955    977  2300  1135    -1
 3956    840  1939  1698    -1
 3957    753   709  1939    -1
 3958   2565   709   753    -1
 3959   2565   842   709    -1
 3960   2565  2521   842    -1
 3961   1326  2521  2565    -1
 3962   1326    12  2521    -1
 3963     12  1326    97    -1
 3964    400  1343   787    -1
 3965    141    96  2446    -1
 3966    186   142  1742    -1
 3967   1727   275   772    -1
 3968    142   186   772    -1
 3969   1727  1683   275    -1
 3970   1895  1939   796    -1
 3971   1816  2581  2462    -1
 3972   2251  2296  1018    -1
 3973    805  1830   371    -1
 3974   1840  1975  2076    -1
 3975    450  1549   494    -1
 3976   1949  1906   805    -1
 3977    676  1906  1949    -1
 3978    676  1819  1906    -1
 3979    676   632  1819    -1
 3980   2171   632   676    -1
 3981   2171   765   632    -1
 3982   2171   898  2141    -1
 3983   2172  2141   640    -1
 3984   2182  2191  1471    -1
 3985   2175    57  2131    -1
 3986    944  2131    57    -1
 3987    944  2311  2131    -1
 3988    944  2627  1297    -1
 3989   1297  2311   944    -1
 3990   2627  1210  1297    -1
 3991   2627   917  1210    -1
 3992    541   585  1817    -1
 3993    917  2507   285    -1
 3994    608   844   145    -1
 3995    170  1159  2260    -1
 3996   2121  1645   355    -1
 3997   1813  1854  2059    -1
 3998   1848   353  2361    -1
 3999   1027  2396  1479    -1
 4000    652  1813  2059    -1
 4001   1362  1361   130    -1
 4002   1584  1540  1362    -1
 4003   1454  1540  1584    -1
 4004   1454   354  1540    -1
 4005   1454   399   354    -1
 4006    399  1982  2411    -1
 4007   2411   840  1698    -1
 4008    797   840  1982    -1
 4009    797   753   840    -1
 4010    886   753   797    -1
 4011    886  2565   753    -1
 4012   1681  1442  1421    -1
 4013   1326  2565    52    -1
 4014    186   230   319    -1
 4015    319  1860  1727    -1
 4016    849  1993   371    -1
 4017    371   623   849    -1
 4018   1863  1949  1993    -1
 4019   1863   676  1949    -1
 4020   2171   676   809    -1
 4021   2171   809   898    -1
 4022    767  2141   898    -1
 4023    724  2356    57    -1
 4024     57  2175   724    -1
 4025    538  1770  1918    -1
 4026    944    57  2356    -1
 4027   2507  2627  1341    -1
 4028   2507   917  2627    -1
 4029   2551  1049  1005    -1
 4030   2509  1069  2438    -1
 4031   1956  1854  1677    -1
 4032   1405  1406  2466    -1
 4033   2466  1237  1405    -1
 4034    227  1547  2272    -1
 4035   2106   860   409    -1
 4036   1406  1407    87    -1
 4037   1606   199   595    -1
 4038   1584  1628  1454    -1
 4039   1669   306  2317    -1
 4040    398   399  1454    -1
 4041   1762   399   398    -1
 4042    399  1762  1982    -1
 4043   1068  2303  2227    -1
 4044   1982   884   797    -1
 4045   2248  1015  2362    -1
 4046    797   841   886    -1
 4047   1074  2354  2407    -1
 4048    886  2611    52    -1
 4049   2411  1982   840    -1
 4050   2310   665  2205    -1
 4051   1169   141  2541    -1
 4052    230  1884  1102    -1
 4053   2124  2114   986    -1
 4054   2620  2146  2102    -1
 4055   1771  1860   319    -1
 4056   1860  1771  2496    -1
 4057   2496   584  2168    -1
 4058   1089   567  1974    -1
 4059    849  2168  1993    -1
 4060   2092  2584  2259    -1
 4061   1993  2037  1863    -1
 4062   1831  1035  2299    -1
 4063   1863   720   809    -1
 4064    858   945   156    -1
 4065   2217   811   767    -1
 4066    767   811   724    -1
 4067   2238  1048  2283    -1
 4068    724  2220  2356    -1
 4069    818   706  1938    -1
 4070    988    23  1341    -1
 4071   1341  2356   988    -1
 4072   1341    23  2507    -1
 4073    746  1190  1177    -1
 4074   2551  2403  1049    -1
 4075   2060   242  1340    -1
 4076   2079  1329  2123    -1
 4077   2509  2483  1113    -1
 4078   2076  2197  1151    -1
 4079   2511  1405    40    -1
 4080   2511  1451  1405    -1
 4081    108  1862   719    -1
 4082   1221  1453   221    -1
 4083    256  1685  1412    -1
 4084   2580  1370  1003    -1
 4085    398  1497    13    -1
 4086   2496  1771   711    -1
 4087    884  2026   885    -1
 4088    930   841   885    -1
 4089    930  2611   841    -1
 4090     96  2611   930    -1
 4091   2611    96  1169    -1
 4092   1003    58  2580    -1
 4093    378  1182  1449    -1
 4094    530   618  2048    -1
 4095    816  2070   224    -1
 4096   1771   363   711    -1
 4097   2596  1653  1423    -1
 4098   2168   893  2081    -1
 4099   1907  2037  2081    -1
 4100   1907   720  2037    -1
 4101    853   720  1907    -1
 4102    853  2216   720    -1
 4103   1833  2406  2309    -1
 4104   2220  2137  2401    -1
 4105    862   564  1556    -1
 4106   1954   503   547    -1
 4107   1385  2403    23    -1
 4108   2239   698  2284    -1
 4109    145   446   608    -1
 4110   2060  1384   286    -1
 4111   2636  1387    37    -1
 4112   1450  2511    84    -1
 4113    174  1451  1450    -1
 4114    174  1452  1076    -1
 4115   1889   482   748    -1
 4116   1672   442   124    -1
 4117    442  1806    13    -1
 4118   1681  1529  1486    -1
 4119   2644   930   929    -1
 4120   1415    96  2644    -1
 4121   1415   185  2446    -1
 4122   1288  2483  1333    -1
 4123   1815   363   362    -1
 4124   1815   628  1274    -1
 4125   1327  2612  1371    -1
 4126   1595  1639   496    -1
 4127    388   300  2065    -1
 4128    764  1907  2125    -1
 4129   2261   853   764    -1
 4130    941  2406  2261    -1
 4131   1049  1093    94    -1
 4132   1576  1553  2488    -1
 4133    520  2416  1146    -1
 4134   1385  2401  2392    -1
 4135     67  2403  1385    -1
 4136    960  2403    67    -1
 4137   2583  1562  1342    -1
 4138   1557   887  2553    -1
 4139   1138  2553  2599    -1
 4140   2555    84  1138    -1
 4141   2555  1450    84    -1
 4142   1493  1450  2555    -1
 4143   1493  1494   174    -1
 4144    174  1450  1493    -1
 4145   1494  1452   174    -1
 4146   1452  1494     9    -1
 4147      9  1672  1452    -1
 4148    844   608   744    -1
 4149    442  1672  2163    -1
 4150    442   486  1806    -1
 4151   2027   928   443    -1
 4152    972   929  2027    -1
 4153    973   929   972    -1
 4154    973  2644   929    -1
 4155     51  2644   973    -1
 4156     51   140  1415    -1
 4157   1415  2644    51    -1
 4158    140   185  1415    -1
 4159    185   140  1417    -1
 4160   1417   362   185    -1
 4161    407   362  1417    -1
 4162    407  1815   362    -1
 4163   1859  1815   407    -1
 4164   1815  1859   628    -1
 4165    762  2213  1904    -1
 4166   2169  2125   762    -1
 4167   1950  2125  2169    -1
 4168   1950   764  2125    -1
 4169    808   764  1950    -1
 4170    808   897  2261    -1
 4171   2261   764   808    -1
 4172    897   941  2261    -1
 4173    941   897  2041    -1
 4174   2041   899   941    -1
 4175    812   899  2041    -1
 4176    812  2265   899    -1
 4177   2265   812  2355    -1
 4178   1032  1430  2392    -1
 4179   1430    67  2392    -1
 4180   1254    67  1430    -1
 4181   1254   960    67    -1
 4182   1241  1285  1038    -1
 4183   1254  2597   887    -1
 4184   2104  2545  1956    -1
 4185    322   278  2497    -1
 4186    128  1138  2599    -1
 4187   1404  1138   128    -1
 4188   1404  2555  1138    -1
 4189   1537  2555  1404    -1
 4190   1537  1493  2555    -1
 4191    218  1493  1537    -1
 4192    218  1494  1493    -1
 4193    218   131  1494    -1
 4194   1495  1494   131    -1
 4195   2488  1047   146    -1
 4196   1495   309  2163    -1
 4197   1810  2163   309    -1
 4198    309   530  1810    -1
 4199   1810   486  2163    -1
 4200   2048   443  1810    -1
 4201   2027   443   971    -1
 4202    972   971  1654    -1
 4203    972  2027   971    -1
 4204     95   973  1016    -1
 4205     95    51   973    -1
 4206   1460    51    95    -1
 4207   1460   140    51    -1
 4208   1460  1504   140    -1
 4209    229   140  1504    -1
 4210    406  1417   229    -1
 4211    406   407  1417    -1
 4212   1726   407   406    -1
 4213   1726  1903  1859    -1
 4214   1859   407  1726    -1
 4215   1904  1859  1903    -1
 4216   1947  1991   806    -1
 4217   1359  1541  1257    -1
 4218   2258  2214  2169    -1
 4219   2169   762  2258    -1
 4220   2169  2214   730    -1
 4221    852  1950   730    -1
 4222    852   808  1950    -1
 4223   2306   808   852    -1
 4224   2306   897   808    -1
 4225   2306  2262   897    -1
 4226   2262   985  2041    -1
 4227   2332   150  1056    -1
 4228    985  1843  2264    -1
 4229   2264   812   985    -1
 4230    553  1009  2404    -1
 4231   2355  1032  2265    -1
 4232   2355  2491  1032    -1
 4233   1475  1032  2491    -1
 4234   1475  1430  1032    -1
 4235    111  1430  1475    -1
 4236    111  1254  1430    -1
 4237    111  2597  1254    -1
 4238   2148  2597  2448    -1
 4239   2073  1181  2148    -1
 4240   1956  2545  2059    -1
 4241    378   172  2073    -1
 4242    172  2601  1404    -1
 4243   1404   128   172    -1
 4244   1404  2601  1537    -1
 4245   2445   258  1164    -1
 4246    994   144  1375    -1
 4247    218  1537  1538    -1
 4248   1551  2139   231    -1
 4249     44  1495   131    -1
 4250   1495    44  1145    -1
 4251    363   274   318    -1
 4252    309  1585   530    -1
 4253   1732   790  2297    -1
 4254   1497  1628   959    -1
 4255   1267   971  2048    -1
 4256    971  1267  1654    -1
 4257   2250   883  2071    -1
 4258    730  2214  2259    -1
 4259   2601  2638  1538    -1
 4260   1972  1460    95    -1
 4261   1460  1972   448    -1
 4262   1016   973   972    -1
 4263   1462   229  1504    -1
 4264    229  1462   406    -1
 4265    643  1299   877    -1
 4266    451  1726   406    -1
 4267   1726   451   147    -1
 4268   1903  1726   147    -1
 4269   1778   683  1753    -1
 4270    214   792  1697    -1
 4271   2258   806  2092    -1
 4272   1786  2076  1151    -1
 4273   1697   792  2609    -1
 4274   1776  2306   852    -1
 4275   2306  1776  2226    -1
 4276   2085   985  2262    -1
 4277    985  2085  1843    -1
 4278   1589  2525  2321    -1
 4279    258  2490  1208    -1
 4280   2264   856  2400    -1
 4281   2400  2355  2264    -1
 4282   2491  2355  2400    -1
 4283   1076  1407  1451    -1
 4284    155  1298  1475    -1
 4285   1298   111  1475    -1
 4286    111  1298  2448    -1
 4287   2448  2597   111    -1
 4288   2448  2493  2193    -1
 4289    577   798   754    -1
 4290   1449   172   378    -1
 4291   2638  2601   172    -1
 4292    139  1017  2295    -1
 4293    175    44   131    -1
 4294   2158   487  1894    -1
 4295    401  1764  1808    -1
 4296    618   530  1585    -1
 4297   2114  2129   986    -1
 4298   2196  1139  1183    -1
 4299   1060  1016   883    -1
 4300   1017    95  1060    -1
 4301   2355   812  2264    -1
 4302   1548   448   329    -1
 4303   2421  1316    42    -1
 4304   1503  1498  1542    -1
 4305    672  1946   147    -1
 4306   1475  2491   508    -1
 4307   1865   545   589    -1
 4308   2259  2214  2092    -1
 4309   1994   852  2259    -1
 4310    896   784   200    -1
 4311   1374    55    99    -1
 4312   2226  1369  1301    -1
 4313     93   180  2103    -1
 4314   1152  2478  2523    -1
 4315   1120   508  2400    -1
 4316   2491  2400   508    -1
 4317   2535   155   508    -1
 4318   2493  2448  1298    -1
 4319   1004  2022  2153    -1
 4320   2193  2238    70    -1
 4321     70  1269   378    -1
 4322   1269  1182   378    -1
 4323    216  1709   521    -1
 4324   1581  2638  1492    -1
 4325   1629   618  1585    -1
 4326   1581  1538  2638    -1
 4327    810  1582  1626    -1
 4328   1760    88  1539    -1
 4329   2071   883  2377    -1
 4330   1766  1585  1145    -1
 4331   2554  1005   993    -1
 4332    618  1850   487    -1
 4333   1159  1915   531    -1
 4334   1267  2158  2377    -1
 4335   1060  2250  1017    -1
 4336   1972   139  1971    -1
 4337    228  1592   273    -1
 4338    273  1505  1548    -1
 4339    450  1505   317    -1
 4340     85  2560   129    -1
 4341    451  1505  2090    -1
 4342    450   495  2090    -1
 4343    147   451  2090    -1
 4344   1990  1091   539    -1
 4345    716   980  1079    -1
 4346   2035   479  1685    -1
 4347    555   596   968    -1
 4348   1867   980  1024    -1
 4349   1867  2584  2092    -1
 4350   2259   763  1994    -1
 4351   1776   939  1369    -1
 4352   2307  1301   984    -1
 4353    986  2129  1073    -1
 4354   1846   395  1802    -1
 4355   1551  1772  1728    -1
 4356   1445   373  1370    -1
 4357   2535  1518   155    -1
 4358    155  1518  2583    -1
 4359   2583  2493  1298    -1
 4360   1960  2493  1342    -1
 4361   2636  1048  1960    -1
 4362    772   275   142    -1
 4363   2238  2283  1269    -1
 4364      6  1289  2151    -1
 4365   1269  1313  1182    -1
 4366   1379  1538  1582    -1
 4367   1492  1449   260    -1
 4368     85  1581  1492    -1
 4369    711   584  2496    -1
 4370    262    63  1330    -1
 4371   1581  1625  1582    -1
 4372     13  1762   398    -1
 4373   1626   219   810    -1
 4374   1539   175   219    -1
 4375   1091   147  2090    -1
 4376    132  1760  1539    -1
 4377   2065  2030  1045    -1
 4378    189  2146  2596    -1
 4379   1760  1804   490    -1
 4380   2649  2165   613    -1
 4381   1629  1673  1850    -1
 4382   1894  1850   662    -1
 4383    686   355  1489    -1
 4384    575  2158  1894    -1
 4385   1654  1016   972    -1
 4386   1082  2252  1107    -1
 4387   2203  2071  2377    -1
 4388   2295  2250  1104    -1
 4389   2583  1518  1562    -1
 4390   1105   139  2295    -1
 4391   1329  2034   760    -1
 4392   2560   304  1536    -1
 4393    184  1971   139    -1
 4394   2634    34  2618    -1
 4395    317   273  1592    -1
 4396   1079   672   716    -1
 4397   1549   450   317    -1
 4398    166   210   614    -1
 4399    652  1754  1061    -1
 4400    450   494   495    -1
 4401    490  1766  1760    -1
 4402   1990  1329   716    -1
 4403    883  1654  1267    -1
 4404   2079   980   716    -1
 4405     64  1980  1468    -1
 4406   1024   850  1867    -1
 4407     87  1407  1584    -1
 4408    807   763  2304    -1
 4409   2038   939   807    -1
 4410    219  1716  1539    -1
 4411   2446   185   318    -1
 4412   1073  1029  2307    -1
 4413   2173   986  1073    -1
 4414    986  1030  2124    -1
 4415    515   900  2124    -1
 4416   1164  1120  2445    -1
 4417   2626  1518  1164    -1
 4418     37  1092  1048    -1
 4419   1048  2636    37    -1
 4420   2328  1048  1092    -1
 4421   2328  2283  1048    -1
 4422   1357  2283  2328    -1
 4423   1357  1313  2283    -1
 4424    921  1008   106    -1
 4425    202  1313  1357    -1
 4426   1270  1226   202    -1
 4427    304  1226  1270    -1
 4428    304   260  1226    -1
 4429    304  2560   260    -1
 4430   1536   129  2560    -1
 4431   1669    85   129    -1
 4432   1669  1625    85    -1
 4433    743   831   705    -1
 4434   2317  1625  1669    -1
 4435   1670  1626  2317    -1
 4436    263  1626  1670    -1
 4437    263   219  1626    -1
 4438    263  1716   219    -1
 4439   1583   176  1716    -1
 4440   1848   132   176    -1
 4441   1848  1804   132    -1
 4442   1514   149   246    -1
 4443   2361  1804  1848    -1
 4444   1717  1673  2361    -1
 4445    706  1673  1717    -1
 4446    706   662  1673    -1
 4447    706   818   662    -1
 4448   1938   619   818    -1
 4449   2248   575   619    -1
 4450   2248  2203   575    -1
 4451   1001  1667  2339    -1
 4452   2362  2203  2248    -1
 4453   2115  2071  2362    -1
 4454   1148  2071  2115    -1
 4455   1148  1104  2071    -1
 4456   1148  1874  1104    -1
 4457   2340  1149  1874    -1
 4458    227  1105  1149    -1
 4459    227   183  1105    -1
 4460    855  1636   361    -1
 4461   2272   183   227    -1
 4462    272   228  2272    -1
 4463   1636   228   272    -1
 4464   1636  1592   228    -1
 4465   1636   855  1592    -1
 4466    361  1593   855    -1
 4467    538  1549  1593    -1
 4468    538   494  1549    -1
 4469   1269  2283  1313    -1
 4470   1918   494   538    -1
 4471    583   539  1918    -1
 4472   2034   539   583    -1
 4473   2034  1990   539    -1
 4474   2034  1329  1990    -1
 4475    760  2123  1329    -1
 4476   1068  2079  2123    -1
 4477   1068  1024  2079    -1
 4478    984  1301   940    -1
 4479   2227  1024  1068    -1
 4480    894   850  2227    -1
 4481   2349   850   894    -1
 4482   2349  2304   850    -1
 4483   2349  2200  2304    -1
 4484    851  2082  2200    -1
 4485   1027  2038  2082    -1
 4486   1027   983  2038    -1
 4487   2401   768  2265    -1
 4488   1479   983  1027    -1
 4489   1028   984  1479    -1
 4490   2352   984  1028    -1
 4491   2352  2307   984    -1
 4492   2352   942  2307    -1
 4493   1117  2218   942    -1
 4494   1074  2173  2218    -1
 4495   1074  1030  2173    -1
 4496   2309  2137  1833    -1
 4497   2407  1030  1074    -1
 4498    987   943  2407    -1
 4499   2490   943   987    -1
 4500   2490  2445   943    -1
 4501   2490   258  2445    -1
 4502   1208    22   258    -1
 4503   2626  1164   258    -1
 4504   1606  2626    22    -1
 4505   1606  1562  2626    -1
 4506    595  1562  1606    -1
 4507   1342   595  2636    -1
 4508   1285  1065   522    -1
 4509   1092    37  2537    -1
 4510   2373  2328  1092    -1
 4511   1402  2328  2373    -1
 4512   1402  1357  2328    -1
 4513     39  1357  1402    -1
 4514   1314  1270    39    -1
 4515    348  1270  1314    -1
 4516    348   304  1270    -1
 4517   1536   304   348    -1
 4518    173   129  1536    -1
 4519   1713   129   173    -1
 4520   1713  1669   129    -1
 4521    306  1669  1713    -1
 4522   1714  1670   306    -1
 4523    307  1670  1714    -1
 4524    307   263  1670    -1
 4525   1583   263   307    -1
 4526    220   176  1583    -1
 4527   1892   176   220    -1
 4528   1892  1848   176    -1
 4529    353  1848  1892    -1
 4530   1761  1717   353    -1
 4531    750  1717  1761    -1
 4532    750   706  1717    -1
 4533   1938   706   750    -1
 4534    663   619  1938    -1
 4535   2293   619   663    -1
 4536   2293  2248   619    -1
 4537   1015  2248  2293    -1
 4538   2159  2115  1015    -1
 4539   1192  2115  2159    -1
 4540   1192  1148  2115    -1
 4541   2340  1148  1192    -1
 4542   1193  1149  2340    -1
 4543    271  1149  1193    -1
 4544    271   227  1149    -1
 4545   1547   227   271    -1
 4546    316   272  1547    -1
 4547   1680   272   316    -1
 4548   1680  1636   272    -1
 4549    361  1636  1680    -1
 4550   1637  1593   361    -1
 4551    582  1593  1637    -1
 4552    582   538  1593    -1
 4553   1770   538   582    -1
 4554    627   583  1770    -1
 4555   2078   583   627    -1
 4556   2078  2034   583    -1
 4557    760  2034  2078    -1
 4558   2167  2123   760    -1
 4559   1112  2123  2167    -1
 4560   1112  1068  2123    -1
 4561   2303  1068  1112    -1
 4562    937   894  2303    -1
 4563   2394   894   937    -1
 4564   2394  2349   894    -1
 4565    851  2349  2394    -1
 4566   2126  2082   851    -1
 4567   1071  2082  2126    -1
 4568   1071  1027  2082    -1
 4569   2396  1027  1071    -1
 4570   1072  1028  2396    -1
 4571   2397  1028  1072    -1
 4572   2397  2352  1028    -1
 4573   1117  2352  2397    -1
 4574   2263  2218  1117    -1
 4575   1118  2218  2263    -1
 4576   1118  1074  2218    -1
 4577   2354  1074  1118    -1
 4578   1031   987  2354    -1
 4579   2534   987  1031    -1
 4580   2534  2490   987    -1
 4581   1208  2490  2534    -1
 4582     66    22  1208    -1
 4583   1650    22    66    -1
 4584   1650  1606    22    -1
 4585    199  1606  1650    -1
 4586   1386  1387   199    -1
 4587   2537  1387  1386    -1
 4588   2537    37  1387    -1
 4589   1136  2537    81    -1
 4590   1136  1092  2537    -1
 4591   2373  1092  1136    -1
 4592   2418  1712   349    -1
 4593   1447  1402  2373    -1
 4594     83  1402  1447    -1
 4595     83    39  1402    -1
 4596   1314    39    83    -1
 4597   1358  1191  2384    -1
 4598    392   348  1314    -1
 4599   1580   348   392    -1
 4600   1580  1536   348    -1
 4601    173  1536  1580    -1
 4602    217   935  2347    -1
 4603   1757  1713   173    -1
 4604    306  1713  2291    -1
 4605   2291  2302  1473    -1
 4606   1758  2533  1207    -1
 4607    351   307  1714    -1
 4608   1627   307   351    -1
 4609   1627  1583   307    -1
 4610    220  1583  1627    -1
 4611    264  1448   171    -1
 4612    264   215  1491    -1
 4613   1936  1892   220    -1
 4614    397  1892  1936    -1
 4615    397   353  1892    -1
 4616   1761   353   397    -1
 4617   1805   795  2069    -1
 4618   1805  2113   839    -1
 4619    794   750  1761    -1
 4620   1981   750   794    -1
 4621   1981  1938   750    -1
 4622    663  1938  1981    -1
 4623    707   715  1902    -1
 4624    707  1945   759    -1
 4625   2338  2293   663    -1
 4626   1059  2293  2338    -1
 4627   1059  1015  2293    -1
 4628   2159  1015  1059    -1
 4629   2204  2398  1249    -1
 4630   2204  1293  2443    -1
 4631   1236  1192  2159    -1
 4632   2385  1192  1236    -1
 4633   2385  2340  1192    -1
 4634   1193  2340  2385    -1
 4635   2642  2554   993    -1
 4636     40  1237   993    -1
 4637    315   271  1193    -1
 4638   1591   271   315    -1
 4639   1591  1547   271    -1
 4640    316  1547  1591    -1
 4641   2507  2551   285    -1
 4642   1724  1680   316    -1
 4643    405  1680  1724    -1
 4644    405   361  1680    -1
 4645   1637   361   405    -1
 4646   2026  1806   928    -1
 4647    626   582  1637    -1
 4648   1814   582   626    -1
 4649   1814  1770   582    -1
 4650    627  1770  1814    -1
 4651    893   628  2213    -1
 4652   2122  2078   627    -1
 4653    804  2078  2122    -1
 4654    804   760  2078    -1
 4655   2167   760   804    -1
 4656   1450  1451  2511    -1
 4657   1156  1112  2167    -1
 4658   2348  1112  1156    -1
 4659   2348  2303  1112    -1
 4660    937  2303  2348    -1
 4661    171  2001  1490    -1
 4662    981  1534   215    -1
 4663   2439  2394   937    -1
 4664    851  2394   510    -1
 4665   2170  1715   439    -1
 4666   2170   483  1759    -1
 4667   1115  1071  2126    -1
 4668   2441  1071  1115    -1
 4669   2441  2396  1071    -1
 4670   1072  2396  2441    -1
 4671   2069   191   838    -1
 4672   1116   882  2113    -1
 4673   2442  2397  1072    -1
 4674   1161  2397  2442    -1
 4675   1161  1117  2397    -1
 4676   2263  1117  1161    -1
 4677   2308  1679   403    -1
 4678   2308   447  1723    -1
 4679   1162  1118  2263    -1
 4680   2399  1118  1162    -1
 4681   2399  2354  1118    -1
 4682   1031  2354  2399    -1
 4683   1902  1469   670    -1
 4684   1075   714  1945    -1
 4685   2579  2534  1031    -1
 4686   1252  2534  2579    -1
 4687   1252  1208  2534    -1
 4688     66  1208  1252    -1
 4689    938  2032  2529    -1
 4690    110  2573   982    -1
 4691    675  2049   107    -1
 4692    228   329   184    -1
 4693    199  1650   107    -1
 4694   1406    87   130    -1
 4695    809   720  1225    -1
 4696     81  2537  1386    -1
 4697   2463  2373  1136    -1
 4698   1447  2373  2463    -1
 4699   1403  1314    83    -1
 4700    392  1314  1403    -1
 4701    261   173  1580    -1
 4702   1757   173   261    -1
 4703   1802  1714  1473    -1
 4704    351  1714  1802    -1
 4705    308   220  1627    -1
 4706   1936   220   308    -1
 4707   1849  1761   397    -1
 4708    794  1761  1849    -1
 4709    751   663  1981    -1
 4710   2338   663   751    -1
 4711   2249  2159  1059    -1
 4712   1236  2159  2249    -1
 4713   1281  1193  2385    -1
 4714    315  1193  1281    -1
 4715    404   316  1591    -1
 4716   1724   316   404    -1
 4717   1725  1637   405    -1
 4718    626  1637  1725    -1
 4719    671   627  1814    -1
 4720   2122   627   671    -1
 4721   2212  2167   804    -1
 4722   1156  2167  2212    -1
 4723   1025   937  2348    -1
 4724   2439   937  1025    -1
 4725   1516  2215   510    -1
 4726   1115  2126  2215    -1
 4727   1160  1072  2441    -1
 4728   2442  1072  1160    -1
 4729   2353  2263  1161    -1
 4730   1162  2263  2353    -1
 4731   1119  1031  2399    -1
 4732   2579  1031  1119    -1
 4733    154    66  1252    -1
 4734     66   154   675    -1
 4735     81  1386  1476    -1
 4736   1180  1136   125    -1
 4737   2463  1136  1180    -1
 4738   1447  1657  2456    -1
 4739    127    83  2456    -1
 4740   1403    83   127    -1
 4741    436   392  1403    -1
 4742    392   436  2574    -1
 4743   1624  1580  2574    -1
 4744    261  1580  1624    -1
 4745   1801  1757   261    -1
 4746   1757  1801  2302    -1
 4747    394  1802  2302    -1
 4748    395   351  1802    -1
 4749    351   395   888    -1
 4750   1671  1627   888    -1
 4751    308  1627  1671    -1
 4752   1979  1936   308    -1
 4753   1936  1979   735    -1
 4754    441   397   735    -1
 4755   1849   397   441    -1
 4756    794  1198  2501    -1
 4757   2025  1981  2501    -1
 4758    751  1981  2025    -1
 4759   2383  2338   751    -1
 4760   2338  2383  1377    -1
 4761   1103  1059  1377    -1
 4762   2249  1059  1103    -1
 4763   1280  1236  2249    -1
 4764   1236  1280  1042    -1
 4765   2430  2385  1042    -1
 4766   1281  2385  2430    -1
 4767    359   315  1281    -1
 4768    315   359  1101    -1
 4769   1635  1591  1101    -1
 4770    404  1591  1635    -1
 4771   1768  1724   404    -1
 4772   1724  1768   163    -1
 4773    449   405   163    -1
 4774   1725   405   449    -1
 4775    626  2105   551    -1
 4776   1858  1814   551    -1
 4777    671  1814  1858    -1
 4778   2166  2122   671    -1
 4779   2122  2166   659    -1
 4780    848   804   659    -1
 4781   2212   804   848    -1
 4782   1200  1156  2212    -1
 4783   1156  1200    75    -1
 4784   2393  2348    75    -1
 4785   1025  2348  2393    -1
 4786   2484  2439  1025    -1
 4787   2439  2484  1516    -1
 4788   1137  1400  1652    -1
 4789   1115   531  1871    -1
 4790   2486  2441  1871    -1
 4791   1160  2441  2486    -1
 4792   2487  2442  1160    -1
 4793   2442  2487  1827    -1
 4794   1205  1161  1827    -1
 4795   2353  1161  1205    -1
 4796   1206  1162  2353    -1
 4797   1162  1206  1021    -1
 4798   2444  2399  1021    -1
 4799   1119  2399  2444    -1
 4800   2625  2579  1119    -1
 4801   2579  2625   978    -1
 4802   1296  1252   978    -1
 4803    154  1252  1296    -1
 4804    125    81  1179    -1
 4805    675  1650    66    -1
 4806   1448  1403   127    -1
 4807    436  1403  1448    -1
 4808    305   261  1624    -1
 4809   1801   261   305    -1
 4810   1802   394  1846    -1
 4811    352   308  1671    -1
 4812   1979   308   352    -1
 4813   1893  1849   441    -1
 4814   1849  1893  1198    -1
 4815    795   751  2025    -1
 4816   2383   751   795    -1
 4817   2294  2249  1103    -1
 4818   1280  2249  2294    -1
 4819   1325  1281  2430    -1
 4820    359  1281  1325    -1
 4821    492   404  1635    -1
 4822   1768   404   492    -1
 4823   1769  1725   449    -1
 4824   1725  1769  2105    -1
 4825    715   671  1858    -1
 4826   2166   671   715    -1
 4827   2257  2212   848    -1
 4828   1200  2212  2257    -1
 4829   1069  1025  2393    -1
 4830   2484  1025  1069    -1
 4831    274   319   230    -1
 4832   1204  1160  2486    -1
 4833   2487  1160  1204    -1
 4834   2398  2353  1205    -1
 4835   1206  2353  2398    -1
 4836   1163  1119  2444    -1
 4837   2625  1119  1163    -1
 4838    198   154  1296    -1
 4839    198  1694   154    -1
 4840   1519  1476   243    -1
 4841   1476  1519  1566    -1
 4842   1566  2525  1589    -1
 4843   1224  2508  1180    -1
 4844   1490  2001  1657    -1
 4845   2309   941   899    -1
 4846    127   171  1448    -1
 4847    480   436  1448    -1
 4848    436   480  1559    -1
 4849    305  1624  1668    -1
 4850   1845  1801   305    -1
 4851   1801  1845  1888    -1
 4852   1888   438   394    -1
 4853    439   395  1846    -1
 4854    395   439  1424    -1
 4855    352  1671  1715    -1
 4856   2023  1979   352    -1
 4857   1979  2023  2335    -1
 4858    485   441  2335    -1
 4859    441   485  1893    -1
 4860    838   191  1198    -1
 4861   2025  2069   795    -1
 4862   2428  2383   795    -1
 4863   2383  2428   194    -1
 4864   2294  1103  1147    -1
 4865   1324  1280  2294    -1
 4866   1280  1324  1842    -1
 4867   2475  2430  1842    -1
 4868   2430  2475  1325    -1
 4869    403   359  1325    -1
 4870    359   403  2290    -1
 4871    492  1635  1679    -1
 4872   1812  1768   492    -1
 4873   1768  1812  2109    -1
 4874    493   449  2109    -1
 4875    449   493  1769    -1
 4876    670  1469  2105    -1
 4877   1858  1902   715    -1
 4878   2211  2166   715    -1
 4879   2166  2211  2075    -1
 4880   2257   848   892    -1
 4881   1244  1200  2257    -1
 4882   1200  1244   101    -1
 4883   2438  2393   101    -1
 4884   2393  2438  1069    -1
 4885   2529  2484  1069    -1
 4886   2484  2529  2032    -1
 4887    938   895  2032    -1
 4888    895   938   170    -1
 4889   1978    10   749    -1
 4890   2486  2530  1204    -1
 4891   2531  2487  1204    -1
 4892   2487  2531  2210    -1
 4893   1205  2210  1249    -1
 4894   1250  1206  2398    -1
 4895   1206  1250   136    -1
 4896   1163  2444  2489    -1
 4897     21  2625  1163    -1
 4898   2625    21  1509    -1
 4899   1340  1296  1509    -1
 4900   1296  1340   198    -1
 4901    198   242  1694    -1
 4902    890   287  1519    -1
 4903   1519   243   890    -1
 4904   1563  2525  1566    -1
 4905   2321  2525   282    -1
 4906   2321  1268  2246    -1
 4907   2246  1224  2321    -1
 4908   2246  2598   747    -1
 4909    747  2508  2246    -1
 4910    747  1534   981    -1
 4911    981  1490   747    -1
 4912    981   215   264    -1
 4913    264   171   981    -1
 4914    264  1491  2571    -1
 4915   2571  1448   264    -1
 4916   2571   524   241    -1
 4917    241   480  2571    -1
 4918    241  1712  2418    -1
 4919   2418  1668   241    -1
 4920   2418   349    17    -1
 4921     17   305  2418    -1
 4922   1889  1845    17    -1
 4923   1845  1889   748    -1
 4924    748   482  1722    -1
 4925   1722   438   748    -1
 4926   1722  1890   700    -1
 4927    700  1846  1722    -1
 4928    700   483  2170    -1
 4929   2170   439   700    -1
 4930   2170  1759   703    -1
 4931    703  1715  2170    -1
 4932    703   440   226    -1
 4933    226   352   703    -1
 4934   2067  2023   226    -1
 4935   2023  2067  1678    -1
 4936   1678   529   193    -1
 4937    193   485  1678    -1
 4938    193  1937  1533    -1
 4939   1533  1893   193    -1
 4940   1533   882  1116    -1
 4941   1116   838  1533    -1
 4942   1116  2113  1805    -1
 4943   1805  2069  1116    -1
 4944   1805   839  1590    -1
 4945   1590   795  1805    -1
 4946   1590  2473    20    -1
 4947     20  2428  1590    -1
 4948     20  1191  1358    -1
 4949   1358  1147    20    -1
 4950   1358  2384  1199    -1
 4951   1199  2294  1358    -1
 4952   1368  1324  1199    -1
 4953   1324  1368   295    -1
 4954    295  2520  1605    -1
 4955   1605  2475   295    -1
 4956   1605  1414  1057    -1
 4957   1057  1325  1605    -1
 4958   1057   447  2308    -1
 4959   2308   403  1057    -1
 4960   2308  1723  1958    -1
 4961   1958  1679  2308    -1
 4962   1958   536  1278    -1
 4963   1278   492  1958    -1
 4964   1856  1812  1278    -1
 4965   1812  1856  1428    -1
 4966   1428   537   889    -1
 4967    889   493  1428    -1
 4968    889  1857   523    -1
 4969    523  1769   889    -1
 4970    523   714  1075    -1
 4971   1075   670   523    -1
 4972   1075  1945   707    -1
 4973    707  1902  1075    -1
 4974    707   759  1367    -1
 4975   1367   715   707    -1
 4976   1367  2256   105    -1
 4977    105  2211  1367    -1
 4978    105   935   217    -1
 4979    217   892   105    -1
 4980    217  2347  1109    -1
 4981   1109  2257   217    -1
 4982   1288  1244  1109    -1
 4983   1244  1288  1333    -1
 4984   1333  2483  2509    -1
 4985   2509  2438  1333    -1
 4986   2509  1113   660    -1
 4987    660  1069  2509    -1
 4988    660  2573   110    -1
 4989    110  2529   660    -1
 4990    110   982  1189    -1
 4991   1189   938   110    -1
 4992   1189  2305   793    -1
 4993    793  1203   213    -1
 4994    213  1159   793    -1
 4995    213  2575   924    -1
 4996    924  2530   213    -1
 4997    924  1248   638    -1
 4998    638  1204   924    -1
 4999    638  2576   911    -1
 5000    911  2531   638    -1
 5001    911  1293  2204    -1
 5002   2204  1249   911    -1
 5003   2204  2443   658    -1
 5004    658  2398  2204    -1
 5005    658  1294   103    -1
 5006    103  1250   658    -1
 5007    103  2533  1758    -1
 5008   1758  2489   103    -1
 5009   1758  1207   932    -1
 5010    932  1163  1758    -1
 5011     65    21   932    -1
 5012     21    65  1755    -1
 5013   1755  1384  2060    -1
 5014   2060  1340  1755    -1
 5015   2060   286   257    -1
 5016    257   242  2060    -1
 5017    257  1782   647    -1
 5018    647  1738   257    -1
 5019    647   331   137    -1
 5020    137   287   647    -1
 5021    137  1607   282    -1
 5022    282  1563   137    -1
 5023    282  2650  2321    -1
 5024    939  1994   807    -1
 5025   1246   235    49    -1
 5026   1535  2345  1532    -1
 5027   1886   301   212    -1
 5028   1886   520  1146    -1
 5029    413  1443  2620    -1
 5030   2371    80  2103    -1
 5031    532  2031  2003    -1
 5032   1786  2152  1202    -1
 5033    686  1558  2337    -1
 5034   2380   696  1664    -1
 5035   2152  1151  1928    -1
 5036   2392    67  1385    -1
 5037   1357    39   202    -1
 5038   2182  1957    10    -1
 5039   1931  1311  1932    -1
 5040   1582  1625  2317    -1
 5041   1556   564  1601    -1
 5042   2488   190  1047    -1
 5043   1445   417   784    -1
 5044    330   639  2366    -1
 5045   2119  1530   667    -1
 5046   1312  1268  1432    -1
 5047   2637  2598  1312    -1
 5048   1578  1534  2637    -1
 5049    259   215  1578    -1
 5050   1579  1491   259    -1
 5051    568   524  1579    -1
 5052   1756  1712   568    -1
 5053    437   349  1756    -1
 5054   1933  1889   437    -1
 5055    526   482  1933    -1
 5056   1934  1890   526    -1
 5057    527   483  1934    -1
 5058   1803  1759   527    -1
 5059    528   440  1803    -1
 5060   2111  2067   528    -1
 5061    573   529  2111    -1
 5062   2024  1937   573    -1
 5063    926   882  2024    -1
 5064   2157  2113   926    -1
 5065    927   839  2157    -1
 5066   2518  2473   927    -1
 5067   1235  1191  2518    -1
 5068   2429  2384  1235    -1
 5069   1413  1368  2429    -1
 5070   2564  2520  1413    -1
 5071   1459  1414  2564    -1
 5072    491   447  1459    -1
 5073   1767  1723   491    -1
 5074    624   536  1767    -1
 5075   1900  1856   624    -1
 5076    581   537  1900    -1
 5077   1901  1857   581    -1
 5078    758   714  1901    -1
 5079   1989  1945   758    -1
 5080    803   759  1989    -1
 5081   2301  2256   803    -1
 5082    979   935  2301    -1
 5083   2437  2347   979    -1
 5084   1332  1288  2437    -1
 5085   2528  2483  1332    -1
 5086   1157  1113  2528    -1
 5087   2619  2573  1157    -1
 5088   1026   982  2619    -1
 5089   2350  2305  1026    -1
 5090   1247  1203  2350    -1
 5091   2621  2575  1247    -1
 5092   1292  1248  2621    -1
 5093   2622  2576  1292    -1
 5094   1337  1293  2622    -1
 5095   2532  2443  1337    -1
 5096   1338  1294  2532    -1
 5097   2578  2533  1338    -1
 5098   1251  1207  2578    -1
 5099    109    65  1251    -1
 5100   1429  1384   109    -1
 5101    374   286  1429    -1
 5102   1826  1782   374    -1
 5103    375   331  1826    -1
 5104   1695  1607   375    -1
 5105   1432  2650  1695    -1
 5106    169   561  1792    -1
 5107   1356  2188   561    -1
 5108     38  2143  2188    -1
 5109   1622  1219  2143    -1
 5110    303  1748  1219    -1
 5111   1623    77  1748    -1
 5112    612  1044    77    -1
 5113   1800    33  1044    -1
 5114    481   869    33    -1
 5115   1976   517   869    -1
 5116    570  2633   517    -1
 5117   1977   473  2633    -1
 5118    571  1704   473    -1
 5119   1847  1660  1704    -1
 5120    572  2099  1660    -1
 5121   2155   825  2099    -1
 5122    617  2593   825    -1
 5123   2068  2055  2593    -1
 5124    969  1175  2055    -1
 5125   2202  1616  1175    -1
 5126    970   429  1616    -1
 5127   2562  1000   429    -1
 5128   1279  2547  1000    -1
 5129   2474   781  2547    -1
 5130   1458   385   781    -1
 5131   2610  2503   385    -1
 5132   1502   341  2503    -1
 5133    535  1572   341    -1
 5134   1811  1528  1572    -1
 5135    668  2011  1528    -1
 5136   1943   737  2011    -1
 5137    625  1967   737    -1
 5138   1944  1924  1967    -1
 5139    802  1131  1924    -1
 5140   2033  1485  1131    -1
 5141    847  2458  1485    -1
 5142   2346   956  2458    -1
 5143   1023  2413   956    -1
 5144   2482   693  2413    -1
 5145   1376   297   693    -1
 5146   2572  2368   297    -1
 5147   1201   253  2368    -1
 5148   2647  1441   253    -1
 5149   1070  1396  1441    -1
 5150   2395  1880  1396    -1
 5151   1291   649  1880    -1
 5152     18  2323   649    -1
 5153   1336  1836  2323    -1
 5154     19  1087  1836    -1
 5155   1381  1351  1087    -1
 5156   2577   209  1351    -1
 5157   1382   913   209    -1
 5158   2624  2278   913    -1
 5159   1295   605  2278    -1
 5160    153   165   605    -1
 5161   1474  2233   165    -1
 5162    418   121  2233    -1
 5163   1870  1307   121    -1
 5164    419  1263  1307    -1
 5165   1739  1792  1263    -1
 5166   1783   738   254    -1
 5167   1401   694   738    -1
 5168   1666  1001   694    -1
 5169   1844  2020   210    -1
 5170   1081   166   614    -1
 5171    616   122  2504    -1
 5172    661  2459   122    -1
 5173   1013   650  2459    -1
 5174   1014   606   650    -1
 5175   1323   562   606    -1
 5176   1501   957   562    -1
 5177   2643    78   957    -1
 5178    579   518    78    -1
 5179    712   474   518    -1
 5180    669   430   474    -1
 5181    846   914   430    -1
 5182   1067  1421    34    -1
 5183   1273  2634  2618    -1
 5184   2440  2594  2414    -1
 5185     61  2369  2594    -1
 5186     62   386  2369    -1
 5187   2623   342   386    -1
 5188   2648   298   342    -1
 5189    197   870   298    -1
 5190   1517  2548   870    -1
 5191   1914   254  2548    -1
 5192    507  1968  2012    -1
 5193     82  2324  1968    -1
 5194     82  2279  2324    -1
 5195   1711  1925  2279    -1
 5196   1925  1711  1881    -1
 5197   2064  1793  1837    -1
 5198   1935  2234  1793    -1
 5199   1935  1749  2234    -1
 5200   2156  1132  1749    -1
 5201     11  1661  1705    -1
 5202     50  1617  1661    -1
 5203   1899  2189  1617    -1
 5204   1899  1573  2189    -1
 5205    713  2144  1573    -1
 5206    713  2100  2144    -1
 5207    934  1529  2100    -1
 5208   1529   934  1486    -1
 5209   1466  1397  1442    -1
 5210   1158  2056  1397    -1
 5211   1158  1352  2056    -1
 5212   1425  1088  1352    -1
 5213   1425  1308  1088    -1
 5214   1472  1264  1308    -1
 5215   1472  1220  1264    -1
 5216   1561  1176  1220    -1
 5217    507  2012  1176    -1
 5218    126   867  2097    -1
 5219    613   779   867    -1
 5220   1053   823   422    -1
 5221    779   613  2021    -1
 5222    735  1979  2335    -1
 5223   2021   603   691    -1
 5224   1042  1280  1842    -1
 5225   2201   559   603    -1
 5226    566  2276  2136    -1
 5227   2201   471   559    -1
 5228   1634   427   471    -1
 5229    427  1634   757    -1
 5230    757   383   954    -1
 5231   2649  1435  1961    -1
 5232    886   841  2611    -1
 5233   1917   189    48    -1
 5234   2617   339   383    -1
 5235   1863  2037   720    -1
 5236   1368  1413  2520    -1
 5237   2485   998   251    -1
 5238   2388   207  2591    -1
 5239    998  2485  1470    -1
 5240    163  1768  2109    -1
 5241   1383  2631   119    -1
 5242     75  1200   101    -1
 5243   1418  2524  2568    -1
 5244   2559    31   327    -1
 5245   2603  1317     8    -1
 5246   1190   836  2108    -1
 5247    990  1034  2178    -1
 5248   1755  1340  1509    -1
 5249   2081  2213  2125    -1
 5250    657   300  1556    -1
 5251   1489  2600  2052    -1
 5252    748   438  1888    -1
 5253    704  2481  2646    -1
 5254   2239   654   698    -1
 5255   1146   788   702    -1
 5256    354   399  2411    -1
 5257   1824  2112  1434    -1
 5258   1374    99  1419    -1
 5259   1782   331   647    -1
 5260   1678   485  2335    -1
 5261   1639  1799  1682    -1
 5262    800   497  1478    -1
 5263   2617   757  1961    -1
 5264   2529   110   938    -1
 5265    334  1327   249    -1
 5266   2576  1293   911    -1
 5267    978  1252  2579    -1
 5268   1049  2403  1093    -1
 5269   2240  2527  2585    -1
 5270   2646  1560  1603    -1
 5271   2485  2617  1961    -1
 5272   1333  2438   101    -1
 5273   1051  1289     6    -1
 5274   2165  1634  2201    -1
 5275   1470  2485  1435    -1
 5276   1513  2206   597    -1
 5277   2641  1426  2539    -1
 5278   2231   557  1317    -1
 5279   2615    63   262    -1
 5280    266   391   265    -1
 5281   1428   493  2109    -1
 5282    550  1383   126    -1
 5283    594   946  2135    -1
 5284   2231  2603  1877    -1
 5285   2462  2417  1816    -1
 5286    885   928   929    -1
 5287    657  1601  2337    -1
 5288   1249  2398  1205    -1
 5289   1552   276   320    -1
 5290    800   290  1729    -1
 5291   2649   126  1435    -1
 5292    221  1408  1221    -1
 5293    978  2625  1509    -1
 5294   2161  1513   642    -1
 5295    903   594   947    -1
 5296   1132    11  2652    -1
 5297   1705  1323  2651    -1
 5298     11  1705  2651    -1
 5299   1014  1132  2652    -1
 5300   1323  1014  2652    -1
 5301   2651  1323  2652    -1
# Generated by E:\Slicer3D\vsd_device\tetgen.exe -pkqa mesh3.ply 
