2926  3  0  0
   0    -4.2393999999999998  -2.4147002999999998  -2.9183998
   1    -7.3917999999999999  4.7889996000000004  -5.9066004999999997
   2    7.7237999999999998  -1.1484002  -3.2814999999999999
   3    -4.9989999999999997  3.2739997000000001  -3.0672001999999998
   4    -6.1460999999999997  3.1456997000000002  -3.1591003
   5    -6.8146000000000004  -1.1578004  -6.1565000000000003
   6    -6.5129999999999999  -6.8788004000000003  -4.9921993999999996
   7    -2.7587000000000002  -1.1478999999999999  -0.1808999
   8    -1.4842  -4.5171999999999999  -2.8987997000000001
   9    -0.35510000000000003  -3.2464998  1.7139002000000001
  10    -0.23580000000000001  -3.2241005999999999  -6.1366997000000003
  11    1.9207000000000001  -1.9753995  6.1398999999999999
  12    3.5013999999999998  -0.39430019999999999  -2.3378999999999999
  13    0.9516  -2.8538999999999999  0.35890021999999999
  14    6.1515000000000004  1.9819998000000001  -3.1141002000000002
  15    5.5747  5.0881996000000003  -6.1341004000000003
  16    -2.2827999999999999  9.1051000000000002  -4.5666003000000002
  17    -4.8936000000000002  -5.7893996000000003  5.5880003
  18    -0.61760000000000004  5.1053004  6.1792993999999997
  19    -1.6657  4.8655004999999996  6.1792993999999997
  20    4.7613000000000003  -5.8847994999999997  5.6018004000000001
  21    -6.1894  4.6079005999999998  5.2333993999999997
  22    -5.7400000000000002  2.5029001000000002  3.2198997
  23    -2.9095  0.66210000000000002  -0.33160007000000002
  24    0.14269999999999999  -0.81810044999999998  -6.0419
  25    -0.5252  9.0770999999999997  -4.0364003000000004
  26    9.1618999999999993  2.3536994  -4.9212999999999996
  27    4.7793999999999999  7.5151997000000001  -5.8604006999999996
  28    5.4645999999999999  -5.4797006000000001  -3.2693994000000002
  29    -2.2505999999999999  5.5542999999999996  -3.0688004000000002
  30    -4.3353000000000002  5.3737992999999999  -3.1591005000000001
  31    0.36849999999999999  -9.3872  -4.5840993000000001
  32    -8.1515000000000004  0.39939954999999999  -6.0621999999999998
  33    -3.9853999999999998  -4.1728997000000003  6.1521005999999998
  34    2.5911  3.6332004000000002  6.1756997
  35    -6.1970999999999998  3.0676994  -6.1565000000000003
  36    3.7387000000000001  -0.31230047  -6.1498999999999997
  37    -6.1230000000000002  -0.041399760000000001  3.1943000000000001
  38    -5.0156999999999998  -1.1250994999999999  6.1792999999999996
  39    -5.9287999999999998  -2.6592999000000002  3.2783003000000002
  40    -2.4729999999999999  -1.681  -0.10189987
  41    -4.4802999999999997  8.3343000000000007  -5.1277002999999999
  42    -2.6362000000000001  -3.9243001999999998  -2.8921998000000002
  43    -1.4158999999999999  -3.8167002000000001  -2.6964997999999998
  44    -0.70020000000000004  -3.9188998000000002  2.7295003000000002
  45    0.86450000000000005  -8.1470000000000002  -3.3646994000000001
  46    2.5173000000000001  -7.7834004999999999  -3.3596995000000001
  47    4.2470999999999997  -8.3394999999999992  -5.4700993999999996
  48    3.3062999999999998  3.7954995999999999  -6.1739005999999996
  49    1.0059  5.0543994999999997  -6.1744003000000003
  50    2.1766000000000001  -0.99019950000000001  6.1281999999999996
  51    3.1400000000000001  -0.94359990000000005  1.7713000999999999
  52    2.9066000000000001  -0.9340001  -1.1631999
  53    4.2504999999999997  0.47049977999999998  -2.7565
  54    5.1516999999999999  1.6029998000000001  -2.9977002000000001
  55    7.6592000000000002  4.3758993000000004  -3.7212002000000002
  56    6.3918999999999997  5.7790995000000001  -6.0004004999999996
  57    -2.4702999999999999  1.9824998  -1.6116002
  58    -3.7267999999999999  4.2964997  -6.1767006000000002
  59    1.0379  3.6244003999999999  6.1715993999999998
  60    -0.047600000000000003  6.3897995999999999  -6.1754002999999997
  61    -0.4965  3.7223004999999998  6.1710997000000001
  62    -1.2607999999999999  3.5373006  6.1710997000000001
  63    7.9672999999999998  4.9623995000000001  -4.5644007000000002
  64    1.5053000000000001  9.2973999999999997  -4.6475004999999996
  65    -5.8190999999999997  4.2724004000000004  5.9117993999999996
  66    -6.3037999999999998  2.8047000999999998  3.4401999000000001
  67    -3.0329999999999999  0.66820009999999996  1.0685
  68    -0.86199999999999999  0.44269955  -6.0484999999999998
  69    0.65949999999999998  8.9931000000000001  -3.9331006999999998
  70    -4.2893999999999997  -1.0296997999999999  2.9068999999999998
  71    7.5206  -4.9550004000000003  -5.8132997
  72    -1.2239  -7.6401005  -3.2691995999999999
  73    -0.93130000000000002  5.8761999999999999  -3.0646005000000001
  74    -3.1269999999999998  6.1585993999999999  -3.1594004999999998
  75    4.0959000000000003  6.2818002999999996  4.1811996000000002
  76    -2.1400999999999999  7.8741994000000002  -6.0624003000000002
  77    -4.7636000000000003  -3.2582996  6.1521005999999998
  78    4.3091999999999997  -1.3734995000000001  6.1760000000000002
  79    -0.43530000000000002  6.9206995999999998  -6.1557006999999997
  80    3.4100999999999999  -1.9178004  -6.1539999999999999
  81    -7.2393000000000001  0.12970029  3.7593000000000001
  82    -2.3199000000000001  -0.72769950000000005  6.1298000000000004
  83    -6.6036000000000001  -2.8625997999999999  3.7032002999999998
  84    -2.5051999999999999  -1.8481997999999999  1.1206001000000001
  85    -3.6911  -4.2744  3.1259003000000001
  86    -2.0181  -3.5330002  -2.6944997000000002
  87    -1.1165  -2.8357999999999999  -1.1564996999999999
  88    -0.4652  -4.4504999999999999  2.9199001999999998
  89    0.75539999999999996  -7.2851005000000004  -3.2003995999999999
  90    2.2536999999999998  -6.9686003000000003  -3.2003995999999999
  91    4.7205000000000004  -8.0571000000000002  -4.4390992999999996
  92    4.5321999999999996  -8.3191000000000006  -4.9955996999999996
  93    2.2538999999999998  -1.7129004999999999  -6.125
  94    -2.746  -1.2744  0.52620009999999995
  95    3.3521000000000001  -1.5099997999999999  2.4878
  96    2.9119000000000002  -0.73460000000000003  0.28590006000000001
  97    3.2719999999999998  0.027199857000000001  -1.9028
  98    3.9359999999999999  1.0484997  -2.6972999999999998
  99    7.1464999999999996  4.1280994  -3.3893002999999999
 100    6.7690000000000001  6.1292996000000004  -5.7488003000000001
 101    4.1863999999999999  6.4678006000000003  4.8186993999999999
 102    0.84040000000000004  1.3782995  -6.0777999999999999
 103    -4.7618999999999998  5.8842005999999998  5.6018996000000003
 104    -0.049000000000000002  7.5532994000000002  -6.1339005999999996
 105    5.8841999999999999  4.7617006000000002  5.6021995999999996
 106    -5.0709  -7.9095006000000003  -4.5878997000000004
 107    -6.9821999999999997  1.5774002  3.6556999999999999
 108    1.2513000000000001  4.3483999999999998  -2.8317003000000001
 109    -5.3659999999999997  3.6214005999999999  6.0994997
 110    1.9807999999999999  7.2925005000000001  5.6215997
 111    -3.4609999999999999  0.56880014999999995  2.3090999999999999
 112    -9.2675000000000001  -1.7288003999999999  -4.6836000000000002
 113    0.5242  -9.0861999999999998  -4.0485996999999996
 114    7.8971  -5.2059006999999999  -4.9175997000000002
 115    -9.0122  -0.30400043999999998  -5.8087
 116    -5.4798999999999998  -5.4668007000000003  -3.2696996
 117    0.3584  5.9831000000000003  -3.0689006000000001
 118    -1.0688  6.8188995999999999  -3.1589005000000001
 119    -0.34760000000000002  1.6604004999999999  6.0953999999999997
 120    0.39729999999999999  8.0805000000000007  -6.0721005999999997
 121    -5.4414999999999996  1.9496005000000001  6.1516999999999999
 122    0.092499999999999999  -4.5220995000000004  6.1760006000000001
 123    0.99319999999999997  6.8521995999999996  -6.1561003000000003
 124    -0.0083000000000000001  -3.0663  0.78720020000000002
 125    -7.5347999999999997  -0.21959967999999999  4.2575000000000003
 126    -0.92210000000000003  0.28470044999999999  6.0583999999999998
 127    -6.9310999999999998  -3.1366996999999999  4.4276999999999997
 128    -3.0396000000000001  -1.8068998999999999  2.3519003000000001
 129    -4.1509999999999998  -4.6718992999999998  3.2167002999999998
 130    -1.6298999999999999  -2.7437003  -1.6927998
 131    -1.1709000000000001  -3.6035998  2.5969001999999999
 132    -0.47170000000000001  -5.6388999999999996  3.1276003999999999
 133    0.66359999999999997  -6.4238  -3.1135994999999999
 134    2.0106000000000002  -6.1367000000000003  -3.1134995999999999
 135    4.1035000000000004  -7.0909003999999998  -3.3645995000000002
 136    -4.8575999999999997  5.9483003999999999  4.6509995000000002
 137    -7.4432999999999998  1.2072004999999999  5.6459999999999999
 138    1.1899999999999999  -1.0135004999999999  -6.0758999999999999
 139    4.6723999999999997  -1.6815997  3.0293002000000002
 140    3.2949000000000002  -0.18799985999999999  1.8443000000000001
 141    2.9914000000000001  -0.047600009999999998  -0.095600000000000004
 142    3.3429000000000002  1.0934999000000001  -2.3252999999999999
 143    6.3478000000000003  3.6527997999999999  -3.2004003999999999
 144    6.6814  6.6174993999999998  -5.3604006999999996
 145    4.2667999999999999  1.0665994999999999  -6.1665000000000001
 146    2.0036999999999998  4.1415997000000004  -6.1717005
 147    3.5926  2.0528002000000001  2.7949997999999998
 148    0.037600000000000001  8.6066000000000003  -6.0017003999999998
 149    0.040599999999999997  1.5612995999999999  -6.0758000000000001
 150    -4.7106000000000003  -8.2139000000000006  -4.9096994
 151    -3.7538  5.0325993999999996  -6.1793003000000004
 152    -4.7403000000000004  4.2279996999999998  -6.1768003
 153    -4.2028999999999996  2.9667005999999998  6.1792999999999996
 154    -6.8179999999999996  2.9447002000000002  4.0446
 155    -4.1577000000000002  1.4644003000000001  2.9062000000000001
 156    -9.0841999999999992  2.3877997  -4.5820999999999996
 157    -0.71679999999999999  -8.9411000000000005  -3.8672993
 158    5.1033999999999997  -7.9651002999999996  -4.9253992999999996
 159    2.2581000000000002  8.5287000000000006  -5.8995004
 160    -7.2187000000000001  2.7853997000000001  -3.2692003000000001
 161    2.7534000000000001  5.3131000000000004  -3.0680006
 162    1.7971999999999999  6.6657995999999997  -3.1591005000000001
 163    7.4898999999999996  0.37720034000000002  4.1817000000000002
 164    7.8071999999999999  2.1183996  -6.0721999999999996
 165    -4.9196999999999997  3.0395004999999999  6.1516000000000002
 166    -2.0851999999999999  -4.0854993000000004  6.1764007000000003
 167    6.9132999999999996  0.45369953000000002  -6.1559999999999997
 168    -2.6238999999999999  -2.5746004999999998  -6.1479999999999997
 169    -5.1421000000000001  -0.059799533000000002  6.1792999999999996
 170    0.91080000000000005  7.6816006000000003  5.1105995000000002
 171    -7.1025  -3.0729994999999999  5.0949
 172    -3.2570999999999999  -2.2794998  2.7265003000000001
 173    -4.6039000000000003  -5.1347994999999997  3.4387004000000001
 174    -1.3716999999999999  -2.7839999999999998  1.0732002
 175    -1.1899  -4.3929999999999998  2.9381002999999999
 176    -0.61619999999999997  -6.2275995999999996  3.2188005
 177    0.55679999999999996  -5.3520000000000003  -2.9950994999999998
 178    1.9712000000000001  -4.9131  -2.9826996000000001
 179    3.6536  -6.3484005999999997  -3.2004994999999998
 180    2.0291000000000001  -2.3144003999999998  -6.1326999999999998
 181    5.2091000000000003  -3.6758006000000001  -6.1758994999999999
 182    2.8168000000000002  -1.4408004000000001  -6.1349
 183    5.3414999999999999  -1.5498997999999999  3.1139999999999999
 184    5.0575999999999999  -1.0017997000000001  3.0565000000000002
 185    3.1034999999999999  0.16550008999999999  1.1053999999999999
 186    3.1461999999999999  0.68329989999999996  -1.7955000000000001
 187    5.6025999999999998  3.2167997000000002  -3.1138002999999999
 188    7.0065999999999997  6.3693995000000001  -4.9169006
 189    2.8597999999999999  3.3108995000000001  -6.1658005999999999
 190    2.4889000000000001  5.6764994  -6.1789002000000002
 191    2.6551  -7.2085996000000003  4.6624002000000004
 192    -0.16669999999999999  9.0864999999999991  -5.7772006999999999
 193    1.1861999999999999  -7.4839997  5.5901002999999996
 194    4.8574000000000002  -5.9484997000000002  4.6515006999999997
 195    -4.4820000000000002  6.0834994  -6.1338005000000004
 196    -5.6433  5.0158997000000003  -6.1340003000000003
 197    -3.0605000000000002  2.1909006  6.1712999999999996
 198    -6.9680999999999997  3.2489002  4.6773996000000002
 199    -6.3563999999999998  1.3271002999999999  3.2772999999999999
 200    -5.4606000000000003  1.7864994999999999  -6.1769999999999996
 201    -8.7873999999999999  2.3032997000000002  -4.0256999999999996
 202    -5.3207000000000004  -2.4802997000000002  3.1581001
 203    8.7863000000000007  0.47839954000000001  -5.9104999999999999
 204    -6.4817999999999998  4.2255992999999998  -3.2692003000000001
 205    5.5796999999999999  2.1178997000000002  -3.0664003000000002
 206    3.1486000000000001  6.1509995000000002  -3.1597004000000002
 207    9.2955000000000005  1.3161997000000001  -4.5693999999999999
 208    8.0832999999999995  -0.40260044  -6.0716999999999999
 209    -3.2564000000000002  4.7768005999999996  6.1516995000000003
 210    -2.5910000000000002  -3.6332996  6.1757007000000002
 211    6.2079000000000004  -3.0679004000000001  -6.1561000000000003
 212    -3.7052999999999998  -0.63070046999999996  -6.1501000000000001
 213    -0.34589999999999999  7.5549005999999999  5.6124996999999999
 214    0.79710000000000003  -4.0280003999999998  -6.1588992999999999
 215    -6.5380000000000003  -2.8353996000000001  5.9648000000000003
 216    -9.1607000000000003  -2.2577004000000001  -5.2397999999999998
 217    5.3769999999999998  5.3618006999999999  5.5657997000000003
 218    -1.7277  -3.1641998  2.4207003
 219    -1.5431999999999999  -5.1612999999999998  3.0892005
 220    -0.73070000000000002  -6.8744993000000001  3.4484005
 221    0.17879999999999999  -4.7290999999999999  -2.8936996000000001
 222    1.4489000000000001  -4.4326999999999996  -2.8714998
 223    3.2330999999999999  -5.6158999999999999  -3.1156994999999998
 224    3.3363  -3.9054004999999998  -6.1743994000000004
 225    6.1421000000000001  -4.3989004999999999  -6.1338996999999997
 226    -0.55920000000000003  -7.5600996  5.5878005000000002
 227    5.8163999999999998  -1.8220997999999999  3.1904001000000002
 228    5.4638  -0.43629976999999998  3.1025
 229    3.4735999999999998  0.34930018000000002  2.2635999999999998
 230    2.9992000000000001  0.52199996000000004  -1.1185
 231    4.5739000000000001  2.8491998000000001  -2.9972002999999998
 232    6.9782999999999999  6.1196995000000003  -4.3197001999999998
 233    3.7054  5.1656994999999997  -6.1766005000000002
 234    3.0234000000000001  6.9142995000000003  -6.1342005999999998
 235    1.238  4.3699994000000002  -6.1702003000000003
 236    -0.51090000000000002  9.4053000000000004  -5.2968006000000001
 237    -1.3337000000000001  6.0860995999999998  -6.1791004999999997
 238    -1.1447000000000001  2.7291994000000002  -6.1295999999999999
 239    -5.0602999999999998  6.9323997000000004  -6.0051002999999996
 240    -6.3901000000000003  5.7575994000000001  -6.0027002999999999
 241    -5.8841000000000001  -4.7617992999999998  5.6021004000000003
 242    -7.0919999999999996  3.0655005000000002  5.1730999999999998
 243    -7.3772000000000002  1.5366004  4.2328000000000001
 244    -2.2014999999999998  -9.1221999999999994  -5.4437994999999999
 245    -8.0871999999999993  4.1523994999999996  -4.0348005000000002
 246    -0.5423  2.1284995000000002  -6.1003999999999996
 247    8.5494000000000003  -2.2403004000000002  -5.8922999999999996
 248    -4.2031000000000001  6.4964994999999996  -3.2692006
 249    5.9379  0.77369975999999996  -3.0682
 250    5.3714000000000004  4.3297996999999997  -3.1586002999999998
 251    1.1468  1.4137005  6.1013000000000002
 252    2.1071  -7.8453007000000001  -6.0674995999999997
 253    1.9430000000000001  5.4320006000000003  6.1521996999999997
 254    -4.4997999999999996  0.45230049999999999  6.1760000000000002
 255    0.4511  -6.8895005999999999  -6.1567993000000003
 256    2.4870000000000001  -2.9994003999999999  -6.1536999999999997
 257    -7.0391000000000004  2.7075005000000001  5.6439000000000004
 258    -5.1303999999999998  2.8725002000000002  3.1592999000000002
 259    -5.8133999999999997  -2.8164994999999999  6.1018999999999997
 260    -4.3368000000000002  -3.3588998000000001  3.1032001999999999
 261    -4.9630999999999998  -5.5246997000000002  4.0383005000000001
 262    7.8033000000000001  5.3694997000000004  -4.9882007000000002
 263    -1.8323  -5.7695993999999997  3.1842005000000002
 264    -6.7629999999999999  -3.4059993999999998  5.5982003000000002
 265    0.38030000000000003  -4.0559000000000003  -2.6963997000000002
 266    0.99529999999999996  -3.9359001999999998  -2.6930996999999999
 267    2.6667000000000001  -4.9355000000000002  -3.0309993999999998
 268    4.2397999999999998  -4.6151004000000002  -6.1791996999999999
 269    6.9859999999999998  -4.9298004999999998  -6.0089993000000002
 270    5.7725999999999997  -2.4754003999999998  -6.1791999999999998
 271    6.399  -2.0704997000000001  3.3378003000000001
 272    6.2135999999999996  -0.61389976999999996  3.2153
 273    4.9042000000000003  0.16680022999999999  3.0164
 274    2.8874  0.75219994999999995  -0.44240006999999998
 275    3.1269999999999998  1.6443999  -2.3479002000000002
 276    6.5884999999999998  5.8886995000000004  -3.7347003999999999
 277    4.4017999999999997  6.1433996999999998  -6.1338005000000004
 278    3.4981  7.9046992999999999  -5.9885006000000001
 279    1.2135  6.1566996999999999  -6.1793003000000004
 280    -0.033799999999999997  9.4669000000000008  -4.8996005
 281    -1.6193  7.3851994999999997  -6.1337004000000004
 282    -7.5355999999999996  0.44110041999999999  5.6341000000000001
 283    -5.3262  7.3576993999999996  -5.7825002999999997
 284    -6.9916  5.8219995000000004  -5.7703004
 285    -3.0179999999999998  -0.45960010000000001  -1.1761999999999999
 286    -6.4812000000000003  2.9373003999999998  5.9714999999999998
 287    -7.5548999999999999  1.6120003000000001  5.2035
 288    -5.8707000000000003  7.2888994  -5.4697003000000004
 289    -4.7098000000000004  7.6557994000000003  -3.8934004
 290    4.8559999999999999  8.1341000000000001  -4.9731006999999998
 291    -2.3975  -8.6879000000000008  -5.8102993999999999
 292    -3.5013999999999998  6.9008994000000001  -3.2693004999999999
 293    -5.5991  -0.20840046000000001  -6.1764000000000001
 294    6.819  1.0678996999999999  -3.1589
 295    6.4410999999999996  -4.0683993999999997  5.5292006000000002
 296    -0.42420000000000002  -8.1792999999999996  -6.0581994000000003
 297    3.0343  4.9161004999999998  6.1517996999999998
 298    -3.4091  2.9797006000000001  6.1760000000000002
 299    -1.0044  -6.8377004000000001  -6.1565994999999996
 300    -0.15210000000000001  3.8563995000000002  -6.1527003999999996
 301    -2.9904999999999999  -0.17660045999999999  -6.1306000000000003
 302    7.5351999999999997  5.5574994000000002  -5.4763001999999998
 303    -4.6462000000000003  -2.1212995000000001  6.1791
 304    -4.8605  -3.6063998000000002  3.1842003000000001
 305    -5.1832000000000003  -5.7259994000000001  4.8830004000000002
 306    -3.2242999999999999  -5.6072993000000002  3.2709005000000002
 307    -2.0733000000000001  -6.3704995999999996  3.3283005000000001
 308    -0.79890000000000005  -7.3905997000000001  4.0518003
 309    0.41170000000000001  -3.5470997999999998  2.3857002
 310    1.1813  -3.2545001999999998  -2.2368999000000001
 311    2.1532  -4.0452000000000004  -2.8488997999999999
 312    5.0945999999999998  -5.5852003000000003  -6.1336994000000002
 313    7.2969999999999997  -5.9345007000000001  -5.3532995999999997
 314    6.9256000000000002  -3.0301005999999999  -6.1337000000000002
 315    6.8806000000000003  -2.3118997000000001  3.7791001999999998
 316    6.8742999999999999  -0.73199974999999995  3.4483999999999999
 317    5.1658999999999997  0.73910019999999998  3.0657999999999999
 318    2.9716999999999998  0.45540002000000002  0.38819998999999999
 319    2.8447  1.1568999  -1.2432000999999999
 320    6.1359000000000004  5.5142993999999996  -3.3880005
 321    5.0514999999999999  6.9692993000000003  -6.0018004999999999
 322    3.6934  8.4305000000000003  -5.6626004999999999
 323    1.5205  7.4021996999999997  -6.1338005000000004
 324    0.12620000000000001  9.2812000000000001  -4.3211006999999997
 325    -1.8042  8.4153000000000002  -6.0019007000000002
 326    -2.6394000000000002  5.8147992999999998  -6.1756004999999998
 327    0.83289999999999997  -9.4331999999999994  -4.9542994
 328    -7.4021999999999997  5.8584994999999997  -5.2127004000000001
 329    4.6719999999999997  -0.43189976000000002  2.9683000000000002
 330    -3.0634000000000001  1.1387995  -6.1375999999999999
 331    -6.9454000000000002  1.5284004  5.9737999999999998
 332    7.1615000000000002  6.0509995999999999  -5.4527006
 333    -1.1585000000000001  8.8960000000000008  -3.8690007
 334    5.8475999999999999  -0.06770023  -3.0541999999999998
 335    -1.4051  8.7199000000000009  -5.8949002999999998
 336    4.3151999999999999  6.4207996999999999  -3.2688005000000002
 337    5.4202000000000004  -2.7414002000000002  -3.0767999000000001
 338    6.6684000000000001  -1.8103001999999999  -3.1596997
 339    1.6289  0.90370050000000002  6.1032999999999999
 340    -7.8745000000000003  -2.1309003999999998  -6.0627000000000004
 341    5.4410999999999996  -1.9535996  6.1516999999999999
 342    -2.7271999999999998  3.6108004999999999  6.1759995999999999
 343    -6.8874000000000004  -0.44530049999999999  -6.1569000000000003
 344    0.2485  -3.6135006000000001  -6.1465993000000001
 345    -6.1729000000000003  -0.67300044999999997  -6.1790000000000003
 346    -5.9187000000000003  -1.9830004999999999  -6.1791
 347    -2.3439999999999999  -8.2533999999999992  -3.5276991999999998
 348    -5.4135  -3.9410995999999998  3.3276002
 349    -4.8261000000000003  -5.2653995  5.9555005999999997
 350    -7.0145  6.2552995999999998  -5.4263005
 351    -2.3174999999999999  -6.8784995000000002  3.7792005999999998
 352    -0.83750000000000002  -7.6776996000000004  4.8850007
 353    0.69569999999999999  -6.4625997999999996  3.2788005
 354    0.745  -3.0979002000000002  -1.6788997999999999
 355    -2.3134999999999999  5.3004993999999996  -6.1771007000000004
 356    5.8015999999999996  -6.6734004000000002  -5.8925995999999996
 357    7.5903999999999998  -5.4399004  -4.4399996000000002
 358    7.9457000000000004  -3.6933004999999999  -5.9305997000000001
 359    7.1962000000000002  -2.4559999000000001  4.4242999999999997
 360    0.065299999999999997  -5.7797003  -6.1770997000000003
 361    6.4406999999999996  0.69610022999999999  3.2734000000000001
 362    2.9723999999999999  0.87630003999999995  1.0357999
 363    2.7330999999999999  1.2484999999999999  0.26129989999999997
 364    5.4497  4.8921995000000003  -3.2003005
 365    5.4150999999999998  7.3912997000000003  -5.7119007000000002
 366    3.2454000000000001  8.8422000000000001  -5.3017006000000002
 367    1.786  8.4367999999999999  -5.9984007000000004
 368    0.0339  8.8376000000000001  -3.7358007
 369    -1.8982000000000001  8.9586000000000006  -5.7197003000000004
 370    -3.1185  6.8796996999999998  -6.1339005999999996
 371    1.8225  2.6226997000000001  -1.7058002999999999
 372    -7.0635000000000003  6.3080996999999996  -4.9230003
 373    -4.0754999999999999  2.6205995  -6.1730999999999998
 374    -5.9829999999999997  2.4212004999999999  6.1026999999999996
 375    -6.3574000000000002  1.1308005000000001  6.1022999999999996
 376    2.1518999999999999  0.82619953000000002  -6.1045999999999996
 377    2.5493999999999999  8.8118999999999996  -4.1432003999999996
 378    -4.0696000000000003  -1.8478998  2.9191003000000002
 379    -1.5579000000000001  0.20839953  -6.0762
 380    6.4966999999999997  4.2078996000000002  -3.2697002999999998
 381    4.9702999999999999  -3.1722001999999998  -3.0593998
 382    6.4428000000000001  -2.4876003  -3.1592999000000002
 383    1.7398  0.25320044000000003  6.0983999999999998
 384    -8.0898000000000003  1.2732996000000001  -6.0583
 385    4.9180000000000001  -3.0421996  6.1516000000000002
 386    -1.9202999999999999  4.0955005  6.1759995999999999
 387    -6.8947000000000003  0.27599952  -6.157
 388    0.62770000000000004  3.7575995999999998  -6.1514005999999997
 389    -7.4981  -0.83940049999999999  -6.1341999999999999
 390    -7.1699000000000002  -2.3829004999999999  -6.1337999999999999
 391    0.79720000000000002  -4.6357999999999997  -2.8851998000000001
 392    -5.9150999999999998  -4.2049994000000002  3.7778003
 393    -6.3619000000000003  7.0147995999999999  -5.1325006000000002
 394    -3.5882000000000001  -6.7622995000000001  4.5737003999999999
 395    -2.4481999999999999  -7.1970996999999999  4.4190006000000004
 396    -5.4710999999999999  7.7209997000000001  -4.8954005
 397    0.70540000000000003  -7.1619997  3.7010005000000001
 398    0.62050000000000005  -2.9197000000000002  -0.3557998
 399    1.0384  -2.8502000000000001  -0.99579980000000001
 400    6.484  -6.7395005000000001  -5.4796996
 401    6.8860000000000001  -5.3191004  -3.6205995
 402    8.5702999999999996  -3.6707006  -5.5193995999999999
 403    7.3798000000000004  -2.3344996  5.0914999999999999
 404    7.3906999999999998  -0.79929969999999995  4.0521000000000003
 405    7.1593999999999998  0.70590030000000004  3.6978
 406    3.3988  0.91700020000000004  2.3380000000000001
 407    3.0310999999999999  1.2219001  1.7349999
 408    4.8056000000000001  4.2868000000000004  -3.1119002999999998
 409    -7.2915999999999999  -5.9784006999999999  -4.7187995999999996
 410    3.7759999999999998  8.6964000000000006  -5.0097003000000004
 411    2.0427  8.9994999999999994  -5.6305002999999996
 412    0.0086999999999999994  8.2507999999999999  -3.3885006999999998
 413    0.74309999999999998  2.9432995000000002  -6.1315999999999997
 414    -3.4466999999999999  7.8940996999999999  -6.0005006999999999
 415    -5.3875999999999999  7.6970996999999999  -5.4192004000000003
 416    -6.8007  6.2950996999999997  -4.2880006000000002
 417    -5.3886000000000003  3.0944995999999998  -6.1790000000000003
 418    -4.7240000000000002  2.0339005000000001  6.1792999999999996
 419    -5.0423999999999998  1.0101005000000001  6.1792999999999996
 420    4.7553000000000001  -8.0616000000000003  -5.4791993999999997
 421    4.0843999999999996  8.0105000000000004  -3.9013007000000002
 422    -3.1453000000000002  -8.9350000000000005  -4.9873995999999998
 423    5.5971000000000002  6.8218994000000004  -5.8989004999999999
 424    7.2137000000000002  -2.7892003000000001  -3.2685997000000002
 425    2.2608999999999999  -5.5430999999999999  -3.0680995000000002
 426    6.1478000000000002  -3.1449003000000002  -3.1591996999999998
 427    1.4245000000000001  -1.0441994999999999  6.0987
 428    -7.6361999999999997  2.9004995999999998  -6.0612000000000004
 429    3.2563  -4.7768993000000002  6.1517004999999996
 430    4.2824  1.3942003999999999  6.1759000000000004
 431    -6.8377999999999997  1.0086995000000001  -6.1566000000000001
 432    3.4706000000000001  1.2605995000000001  -6.1483999999999996
 433    -8.5928000000000004  -0.91270050000000003  -5.9901999999999997
 434    -8.1781000000000006  -2.6636004  -6.0026999999999999
 435    -1.1302000000000001  -0.36130044  -6.0587999999999997
 436    -6.2196999999999996  -4.3744993000000001  4.4254002999999997
 437    -4.1604999999999999  -4.9538994000000001  6.1002007000000003
 438    -3.7202999999999999  -6.7768993000000002  5.1248006999999998
 439    -2.3203999999999998  -7.3850993999999996  5.0824002999999998
 440    -0.81000000000000005  -7.0966997000000003  5.9554004999999997
 441    0.9103  -7.5522995000000002  4.4333004999999996
 442    0.58879999999999999  -3.0457999999999998  1.0531002
 443    1.6197999999999999  -2.8567998000000001  1.7851002
 444    2.5908000000000002  8.3291000000000004  -3.6359007000000001
 445    6.6327999999999996  -4.8089003999999997  -3.3645995000000002
 446    4.5030000000000001  0.11609953000000001  -6.1692
 447    6.7587999999999999  -2.2607993999999998  5.9645999999999999
 448    4.0456000000000003  -0.56469977000000005  2.774
 449    7.5522  0.91050034999999996  4.4329999999999998
 450    4.8844000000000003  1.4084003  3.0467
 451    3.7818000000000001  1.2975003000000001  2.7361
 452    3.1993999999999998  0.011199537000000001  -6.1356999999999999
 453    5.6992000000000003  7.5396995999999996  -5.1852007000000002
 454    3.8719999999999999  8.4901  -4.4266005000000002
 455    1.976  9.0736000000000008  -4.3229002999999997
 456    0.010699999999999999  7.3241997000000003  -3.2004006
 457    -2.0407000000000002  9.2344000000000008  -5.1773005000000003
 458    -3.9458000000000002  8.3511000000000006  -5.6180005
 459    -5.3686999999999996  7.5288997000000002  -4.2396007000000004
 460    -6.5202  5.9426994000000004  -3.7226005
 461    -6.5696000000000003  3.7375995999999998  -6.1337004000000004
 462    8.3293999999999997  -1.3275002  -3.4683999999999999
 463    0.53859999999999997  8.5896000000000008  -3.5388006999999999
 464    5.3097000000000003  -7.7304006000000003  -5.4507994999999996
 465    7.6079999999999997  4.9929996000000001  -4.0469002999999999
 466    -3.3765999999999998  8.8217999999999996  -4.8330007000000004
 467    8.7199000000000009  1.4461995000000001  -5.8918999999999997
 468    6.4858000000000002  -4.2239003000000004  -3.2695997000000001
 469    0.93159999999999998  -5.8750999999999998  -3.0644996
 470    4.3353999999999999  -5.3739004000000001  -3.1590995999999998
 471    0.83599999999999997  -1.4725995000000001  6.0952999999999999
 472    1.2456  8.0678999999999998  -6.0619006000000004
 473    -1.9427000000000001  -5.4321995000000003  6.1522006999999999
 474    4.4942000000000002  0.49060047000000001  6.1760000000000002
 475    -4.9546999999999999  4.8435993000000002  -6.1560005999999996
 476    3.5931000000000002  -1.1225004000000001  -6.1501999999999999
 477    -9.1550999999999991  -0.98510039999999999  -5.6597999999999997
 478    -8.7537000000000003  -2.7561003999999998  -5.6921999999999997
 479    2.2517999999999998  -4.4803004  -6.1737995000000003
 480    -6.2283999999999997  -4.5954994999999998  5.0923004000000001
 481    -3.3511000000000002  -3.8683996  6.1791004999999997
 482    -3.6009000000000002  -6.1714997  5.9548006000000004
 483    -2.2583000000000002  -6.7613997000000001  5.9638004000000002
 484    1.3328  5.5686993999999999  -6.1769004000000001
 485    0.9103  -7.6823997000000004  5.1063004000000003
 486    0.99170000000000003  -3.0975997  1.6632003
 487    1.9999  -4.0376000000000003  2.9280002000000001
 488    6.2977999999999996  -6.8332005000000002  -4.3432994000000003
 489    5.9195000000000002  -4.3133005999999998  -3.2003998999999999
 490    0.51619999999999999  -5.1928999999999998  3.0650005
 491    6.2074999999999996  -1.7954996000000001  6.1014999999999997
 492    7.6776999999999997  -0.83779967  4.8853
 493    7.6824000000000003  0.91030040000000001  5.1063000000000001
 494    5.2607999999999997  1.8836002000000001  3.1175997
 495    4.7416999999999998  2.1473002000000001  3.0631998
 496    3.0171999999999999  2.7241998000000001  -2.6933001999999999
 497    5.5397999999999996  7.3383994000000001  -4.1671003999999998
 498    3.3132000000000001  7.9874996999999999  -3.5717007999999999
 499    1.9017999999999999  8.6791999999999998  -3.7792007999999999
 500    0.015800000000000002  6.4638999999999998  -3.1142006000000002
 501    -1.7454000000000001  9.0378000000000007  -4.1809006000000002
 502    -0.44359999999999999  -0.36540043  -6.0297999999999998
 503    -5.1487999999999996  7.1614994999999997  -3.7207005
 504    -6.1155999999999997  5.5290995000000001  -3.3861005
 505    -7.4518000000000004  4.2861995999999998  -6.0032005000000002
 506    4.1037999999999997  -8.4436999999999998  -4.5682992999999996
 507    -2.4234  0.21670046000000001  6.1298000000000004
 508    -3.6524000000000001  2.0205001999999999  2.8115996999999999
 509    8.9872999999999994  1.4792997000000001  -4.0578000000000003
 510    1.4645999999999999  6.9296002000000003  3.5575994999999998
 511    6.9821  -5.5373006  -5.8579993000000004
 512    4.2070999999999996  -6.4968003999999997  -3.2695994000000002
 513    -0.35930000000000001  -5.9675000000000002  -3.0673995000000001
 514    3.1272000000000002  -6.1586002999999998  -3.1593995000000001
 515    -3.8921000000000001  3.2892003000000001  3.0483997
 516    2.8801999999999999  7.5642996  -6.0716004000000003
 517    -3.0341999999999998  -4.9161997  6.1518005999999996
 518    4.4999000000000002  -0.45179950000000002  6.1760000000000002
 519    -2.5655000000000001  6.4455996000000004  -6.1556005000000003
 520    -3.5255000000000001  -1.3662004000000001  -6.1506999999999996
 521    -9.2692999999999994  -1.5818003  -5.3651999999999997
 522    8.3751999999999995  4.3317994999999998  -4.7186003000000003
 523    7.3227000000000002  1.9282005  5.5979999999999999
 524    -5.8017000000000003  -4.1385994000000004  5.9649004999999997
 525    6.7419000000000002  5.3474994000000002  -3.5383005000000001
 526    -3.0428999999999999  -5.7028995  6.1011004
 527    -1.7938000000000001  -6.2072997000000001  6.1016006000000003
 528    -0.4551  -6.4551996999999997  6.0999002000000004
 529    0.70909999999999995  -7.1095996000000001  5.9548006000000004
 530    1.0083  -3.5942997999999999  2.5469002999999999
 531    0.24610000000000001  7.5784006000000002  4.3775997000000002
 532    5.5612000000000004  -6.6463003  -3.5901995000000002
 533    5.2169999999999996  -3.7973002999999999  -3.1129997
 534    8.5174000000000003  -3.6511002000000001  -4.2878995
 535    4.9997999999999996  -1.5551995000000001  6.1755000000000004
 536    7.0965999999999996  -0.81009953999999995  5.9554
 537    7.1096000000000004  0.70900046999999999  5.9547999999999996
 538    5.7808999999999999  1.9429002  3.1908998
 539    4.7847999999999997  2.8431003000000001  3.1140997000000001
 540    2.3711000000000002  2.2079996999999998  -1.8491001
 541    5.1835000000000004  7.0917997000000002  -3.6875005000000001
 542    3.2646999999999999  7.4792994999999998  -3.3526006000000002
 543    1.7621  8.0859000000000005  -3.3994007000000002
 544    0.1081  5.3887  -2.9971006
 545    -1.7958000000000001  8.6369000000000007  -3.7216008
 546    -3.9091999999999998  8.6266999999999996  -4.9360002999999999
 547    -4.8335999999999997  6.6789994000000004  -3.3861005
 548    -5.4355000000000002  4.9088992999999999  -3.2004006
 549    -7.9029999999999996  4.5402994000000003  -5.7677006999999998
 550    -1.1635  0.82170045000000003  6.0826000000000002
 551    7.0381999999999998  2.5855001999999998  4.1780999999999997
 552    9.2744  -1.5190003999999999  -5.3852000000000002
 553    9.1615000000000002  0.3043997  -4.1341999999999999
 554    7.3958000000000004  5.8984994999999998  -4.9263005
 555    1.3480000000000001  -8.9054000000000002  -5.8129996999999998
 556    3.5059  -6.9010005000000003  -3.2696996
 557    -2.6152000000000002  -5.5835999999999997  -3.0853996000000001
 558    1.0688  -6.8188003999999998  -3.1588995
 559    0.31019999999999998  -1.7924994999999999  6.1013000000000002
 560    7.9935999999999998  -1.2346003999999999  -6.0724
 561    -5.7653999999999996  -0.43039954000000002  6.1516999999999999
 562    3.4091  -2.9744994999999999  6.1760000000000002
 563    0.27600000000000002  6.9306992999999997  -6.1557006999999997
 564    -0.71509999999999996  5.3969994000000003  -6.1757007000000002
 565    -9.4258000000000006  -1.0474003999999999  -5.0202
 566    -8.9796999999999993  -2.9921004999999998  -5.1458000000000004
 567    -5.4943999999999997  -3.2402004999999998  -6.1757993999999998
 568    -5.0993000000000004  -3.9672995000000002  6.1017003000000001
 569    8.7527000000000008  3.4149997000000001  -4.5876007000000003
 570    -2.5314999999999999  -4.4743995999999999  6.1793003000000004
 571    -1.4670000000000001  -4.9129996  6.1792005999999997
 572    -0.45269999999999999  -5.1231995000000001  6.1793003000000004
 573    0.88919999999999999  -6.4035997  6.1009007000000004
 574    0.91720000000000002  9.2967999999999993  -5.5012007000000001
 575    2.9217  -4.8273999999999999  3.1252005
 576    5.4653999999999998  -6.0861006  -3.3593996000000002
 577    4.3479000000000001  -2.7409002999999998  -2.9590998000000002
 578    7.7835999999999999  -3.8105001000000001  -3.5904999000000002
 579    3.6673  -0.80359954  6.1710000000000003
 580    -5.4580000000000002  -1.4794004999999999  -6.1765999999999996
 581    6.4036999999999997  0.88860046999999998  6.1009000000000002
 582    6.4004000000000003  2.0775003000000001  3.3395997999999998
 583    5.3955000000000002  3.1536002000000001  3.2165997000000002
 584    2.1396999999999999  2.0912999999999999  -0.037200156999999998
 585    4.8384999999999998  6.6459994  -3.3762004000000001
 586    2.9889999999999999  6.6974998000000001  -3.2014005000000001
 587    1.5345  7.1620993999999998  -3.2005005
 588    0.22450000000000001  4.0678000000000001  -2.6975001999999999
 589    -1.7178  8.0724  -3.3893008
 590    -3.6659999999999999  8.5234000000000005  -4.3122005000000003
 591    -4.2961999999999998  5.9316997999999996  -3.2004006
 592    -4.7938000000000001  4.3368000000000002  -3.1142004000000001
 593    -8.1893999999999991  4.6913995999999996  -5.2656007000000002
 594    -9.3589000000000002  0.67139965000000001  -4.5566000000000004
 595    -5.7774000000000001  1.0581001999999999  3.1587999999999998
 596    1.6941999999999999  -9.2286000000000001  -5.4451995000000002
 597    8.7928999999999995  -2.2808003000000001  -4.0248999999999997
 598    -4.4720000000000004  -2.4051005999999999  -6.1741000000000001
 599    0.54049999999999998  -8.9002999999999997  -5.8553996000000001
 600    -4.2256999999999998  -6.4821004999999996  -3.2691995999999999
 601    -5.5708000000000002  -2.1707003  -3.0674999000000001
 602    -1.7850999999999999  -6.6406999999999998  -3.1562996000000001
 603    -0.34560000000000002  -1.6855996  6.0964999999999998
 604    7.6475999999999997  -2.9301004000000002  -6.0583
 605    -4.5755999999999997  3.5369004999999998  6.1515994000000003
 606    2.7269000000000001  -3.5992994  6.1760006000000001
 607    3.7118000000000002  5.8504996  -6.1560005999999996
 608    5.0400999999999998  0.67959950000000002  -6.1741000000000001
 609    -9.2895000000000003  -0.88630039999999999  -4.4279000000000002
 610    -8.7963000000000005  -2.8019001000000001  -4.2107999999999999
 611    -6.5164  -3.8189006000000001  -6.1338996999999997
 612    -4.1487999999999996  -3.1416995999999999  6.1768999999999998
 613    -0.77170000000000005  -0.38519955  6.0525000000000002
 614    -1.7734000000000001  -3.5342996000000002  6.1730003
 615    -1.0373000000000001  -3.6245995  6.1716002999999997
 616    -0.28100000000000003  -3.7448994999999998  6.1711005999999999
 617    0.61770000000000003  -5.1054997000000002  6.1793003000000004
 618    1.3185  -4.0106999999999999  2.8310002999999999
 619    3.1629  -5.4008994000000001  3.2190006000000002
 620    4.8929  -5.4500003000000001  -3.2003995999999999
 621    3.6261000000000001  -3.1076001999999998  -2.9029999000000002
 622    7.4622999999999999  -3.3342000999999999  -3.3566997000000001
 623    2.1232000000000002  2.2997999999999998  -1.4603001
 624    6.4550999999999998  -0.45569956  6.0998999999999999
 625    5.2000000000000002  0.61190045000000004  6.1755000000000004
 626    6.9458000000000002  2.1329001999999999  3.7902996999999998
 627    5.9955999999999996  3.4456003000000002  3.4496999000000002
 628    2.3016999999999999  2.1027999999999998  1.1515998999999999
 629    4.3221999999999996  5.9187994000000002  -3.2009006000000002
 630    2.6421000000000001  5.8963000000000001  -3.1139003999999999
 631    1.3439000000000001  6.3239999999999998  -3.1142006000000002
 632    -0.050000000000000003  3.5413996999999999  -2.3522002999999998
 633    -1.5129999999999999  7.1658998  -3.2004006
 634    -3.5669  8.0866000000000007  -3.7362008000000002
 635    -3.7871999999999999  5.2396000000000003  -3.1143005000000001
 636    -4.0362999999999998  3.6276999000000001  -3.0021002000000001
 637    -7.8548999999999998  4.7999996999999999  -4.1841005999999998
 638    -1.9463999999999999  7.3101006000000002  5.6092997000000002
 639    -3.0783  0.47249952000000001  -6.1336000000000004
 640    -1.6851  3.1718997999999998  -2.3876002000000001
 641    8.1338000000000008  -4.0865005999999999  -4.0503992999999996
 642    9.234  -2.1242006  -4.9905999999999997
 643    -5.7218999999999998  -6.9572004999999999  -5.8124995000000004
 644    -6.4969000000000001  -4.2038007000000004  -3.2692996999999999
 645    -5.9139999999999997  -0.92580026000000004  -3.0682
 646    -3.1484000000000001  -6.0956999999999999  -3.1546995999999998
 647    -7.2775999999999996  1.9655005000000001  5.6493000000000002
 648    -1.2666999999999999  -8.0238999999999994  -6.0674995999999997
 649    -0.43099999999999999  5.7646002999999997  6.1516995000000003
 650    1.9193  -4.0856995999999999  6.1760006000000001
 651    4.8360000000000003  4.9576992999999998  -6.1561003000000003
 652    5.0613999999999999  -0.53990050000000001  -6.1741000000000001
 653    -8.5740999999999996  -1.1243002  -3.5718999999999999
 654    -8.4595000000000002  -2.6888003  -3.7714998999999998
 655    -7.4732000000000003  -4.2667003000000001  -6.0017996
 656    3.8365  7.5115995  -3.4684005
 657    -0.79190000000000005  4.2320995000000003  -6.1641006000000003
 658    -4.1115000000000004  6.3588003999999998  5.5980996999999997
 659    5.8173000000000004  4.7059006999999999  4.1521996999999997
 660    2.7307000000000001  7.0610002999999999  5.6004996
 661    0.49180000000000001  -3.7144995000000001  6.1708007
 662    1.8653  -5.2080000000000002  3.1097003999999999
 663    3.4474  -5.9951996999999997  3.4500004999999998
 664    4.3131000000000004  -4.8144  -3.1140995
 665    3.1164000000000001  -2.5326002000000001  -2.6763997000000002
 666    6.6860999999999997  -2.9892004000000001  -3.2003998999999999
 667    2.9956999999999998  -0.65610044999999995  -6.1322999999999999
 668    5.2138  -0.48189953000000002  6.1755000000000004
 669    3.6791999999999998  0.74030050000000003  6.1710000000000003
 670    7.3710000000000004  2.3621004000000001  5.1001000000000003
 671    6.4592000000000001  3.6903001999999998  4.0620995000000004
 672    3.7080000000000002  2.8681002000000002  2.9678998000000001
 673    3.8126000000000002  5.2194000000000003  -3.1141005000000002
 674    2.3188  4.8860000000000001  -3.0000005000000001
 675    -6.7561999999999998  2.3445003  3.6495997999999998
 676    0.41610000000000003  3.2161998999999999  -1.8556002
 677    -1.3411  6.3109999999999999  -3.1129004999999998
 678    -3.3487  7.5406994999999997  -3.3885005000000001
 679    -3.0531999999999999  4.4081999999999999  -2.9929001
 680    -2.1254  2.7653997000000001  -2.2802001999999999
 681    -7.5953999999999997  4.4688996999999997  -3.7149003
 682    -6.0805999999999996  1.9287995  -6.1757999999999997
 683    -4.5293999999999999  0.4393995  -6.1703000000000001
 684    -8.2581000000000007  -4.4325004000000003  -5.4564995999999999
 685    4.7496999999999998  -7.6620007000000001  -3.9295995000000001
 686    -1.8774999999999999  4.7148994999999996  -6.1741004000000004
 687    -8.8985000000000003  -1.4859005000000001  -5.806
 688    -7.7949000000000002  -0.48310024000000001  -3.2816999999999998
 689    -1.5944  5.7218  -3.0636005000000002
 690    -5.3718000000000004  -4.3366002999999997  -3.1590997999999999
 691    -1.1393  -1.5263994999999999  6.1052
 692    -2.8988999999999998  -7.6337004000000004  -6.0615997000000004
 693    3.5245000000000002  4.5717005999999998  6.1519994999999996
 694    -4.2823000000000002  -1.3943995  6.1759000000000004
 695    6.4481999999999999  2.5653994  -6.1555999999999997
 696    0.47070000000000001  -5.2869004999999998  -6.1750993999999997
 697    -8.1096000000000004  -0.91230020000000001  -3.3525999999999998
 698    -7.8830999999999998  -2.5167003000000001  -3.3990998000000001
 699    -7.7873000000000001  -4.6795005999999999  -5.7786993999999998
 700    -2.7103999999999999  -7.0751996000000004  5.5914006000000001
 701    -1.8086  -2.3976004  -6.1307999999999998
 702    -2.327  -1.1919005  -6.1166
 703    -1.198  -7.4987992999999999  5.5653005000000002
 704    -1.9339999999999999  2.8734996000000002  -6.1425999999999998
 705    -7.8514999999999997  -5.1601005000000004  -4.5875997999999996
 706    1.9202999999999999  -5.7545995999999997  3.1861004999999998
 707    6.7625999999999999  3.4057004000000002  5.5987996999999998
 708    3.6213000000000002  -4.1550000000000002  -3.0155997000000001
 709    2.8754  -2.0112002000000002  -2.3151999000000001
 710    5.9116  -2.6436001999999998  -3.1152997
 711    2.4416000000000002  1.7322  -0.056800129999999997
 712    3.7559  -0.035199533999999998  6.1711
 713    2.3460999999999999  0.72630050000000002  6.1304999999999996
 714    6.7984  2.1367004000000001  5.9648000000000003
 715    6.7031999999999998  3.8412006000000001  4.8996997000000002
 716    3.7509999999999999  3.5910003000000001  3.0619998000000002
 717    3.2513000000000001  4.3329000000000004  -3.0011003000000001
 718    -2.8048999999999999  -8.9324999999999992  -5.4753995
 719    0.86029999999999995  3.9437997  -2.6850002000000002
 720    0.214  2.9733999999999998  -0.40660024
 721    -1.1873  5.1993  -2.9882004000000002
 722    -2.9699  6.6952996000000002  -3.2004006
 723    -2.2124000000000001  3.2607995999999999  -2.6247003000000002
 724    -2.0746000000000002  2.2256  -1.0820000999999999
 725    -7.1302000000000003  4.1378994000000002  -3.3859002999999999
 726    -7.2034000000000002  2.2889995999999999  -6.1337000000000002
 727    -6.1731999999999996  0.61049949999999997  -6.1790000000000003
 728    -9.3864000000000001  -0.43220043000000002  -5.3922999999999996
 729    1.2181999999999999  -8.9318000000000008  -3.9291991999999998
 730    0.85829999999999995  3.4039001  2.3150997000000002
 731    -8.8374000000000006  0.41399955999999999  -5.8879999999999999
 732    -7.4691999999999998  2.0157997999999999  -3.2690003000000001
 733    5.7861000000000002  1.5024998000000001  -3.0674000000000001
 734    -6.8217999999999996  -1.0683001999999999  -3.1591999999999998
 735    0.37709999999999999  -7.4900994000000001  4.1822004000000002
 736    -6.3103999999999996  5.0974994000000002  -6.0691004
 737    5.7668999999999997  0.43070048  6.1516000000000002
 738    -4.4941000000000004  -0.49039949999999999  6.1760000000000002
 739    6.9276  -0.27810049999999997  -6.1558000000000002
 740    -5.4085000000000001  -0.77230049999999995  -6.1757999999999997
 741    -7.2948000000000004  -0.76020025999999996  -3.2014
 742    -6.9695999999999998  -2.2522001  -3.2004997999999998
 743    -7.8884999999999996  -5.1407002999999998  -5.3109994
 744    5.5696000000000003  1.1294995999999999  -6.1767000000000003
 745    -3.7099000000000002  -5.1979002999999997  -6.1754993999999996
 746    -1.1059000000000001  -2.5220006000000001  -6.1219000000000001
 747    -7.3250999999999999  -1.9430995  5.5885999999999996
 748    -4.0384000000000002  -6.4522995999999999  5.5397005000000004
 749    0.25069999999999998  -2.8411005  -6.1257999999999999
 750    2.0728  -6.3981995999999999  3.3377004000000001
 751    3.6905999999999999  -6.4589996000000003  4.0620003000000002
 752    3.0264000000000002  -3.7362003000000001  -2.9082997000000002
 753    2.4708000000000001  -2.0316002000000002  -1.7303998
 754    4.9790999999999999  -2.4178001999999998  -3.0195997000000001
 755    6.2529000000000003  -1.2343005  -6.1759000000000004
 756    -0.52359999999999995  9.3853000000000009  -4.5980005000000004
 757    1.2104999999999999  -0.17509954  6.0731000000000002
 758    6.0773000000000001  2.1934003999999998  6.1017000000000001
 759    6.2047999999999996  3.5051005000000002  5.9647994000000004
 760    4.7994000000000003  4.3458003999999999  3.2724997999999998
 761    2.4702999999999999  3.2406997999999998  -2.6972003
 762    1.5899000000000001  2.8396002999999999  1.6752997999999999
 763    1.4571000000000001  4.6223000000000001  3.0021996
 764    0.2351  3.0924  1.0533998
 765    -0.6149  3.5381996999999998  -2.3874002000000001
 766    -2.6448999999999998  5.9143999999999997  -3.1156006000000001
 767    -1.5465  2.6562000000000001  -1.2415003
 768    -1.9930000000000001  2.3058000000000001  0.67249983999999996
 769    -6.3372999999999999  3.6714997  -3.2004003999999999
 770    -8.2052999999999994  2.5729994999999999  -6.0023999999999997
 771    -7.5209999999999999  0.7412995  -6.1337999999999999
 772    2.9933999999999998  1.2530999  -1.8590001
 773    -4.2929000000000004  -7.8732004  -3.8640995
 774    -1.8493999999999999  -5.3067007000000004  -6.1764994
 775    -8.7104999999999997  1.3710994999999999  -5.9017999999999997
 776    -0.3921  7.7284993999999996  -3.2693004999999999
 777    1.6001000000000001  -5.7102000000000004  -3.0626996000000002
 778    6.1561000000000003  3.1225998000000001  -3.1590001999999999
 779    -1.4424999999999999  -0.90019952999999997  6.0956000000000001
 780    5.1208  6.3469996000000002  -6.0631003000000003
 781    4.5738000000000003  -3.5404993999999999  6.1515006999999997
 782    3.1979000000000002  3.2495004999999999  6.1761993999999998
 783    6.8666999999999998  -0.99700045999999998  -6.1555999999999997
 784    -4.8612000000000002  2.4194996  -6.1756000000000002
 785    -6.4294000000000002  -0.66520022999999995  -3.1141000000000001
 786    -6.1479999999999997  -1.9919001999999999  -3.1139998000000002
 787    6.7049000000000003  -6.6309003999999998  -4.7244997
 788    -2.4563999999999999  -1.8417003999999999  -6.1325000000000003
 789    -4.3994  -6.1393003000000004  -6.1338996999999997
 790    -1.0258  9.4116  -4.9029007
 791    -1.2613000000000001  -6.2240004999999998  -6.1767992999999999
 792    1.3665  -3.6427003999999998  -6.1534996
 793    0.44750000000000001  7.5494003000000003  5.6127995999999998
 794    2.1324999999999998  -6.9458995000000003  3.7903004
 795    3.8412000000000002  -6.7030997000000001  4.8997006000000001
 796    2.8938000000000001  -3.0378002999999998  -2.7333999000000002
 797    2.1543999999999999  -2.1373000000000002  -1.0148998
 798    4.2817999999999996  -2.0447001  -2.8970997000000001
 799    7.3998999999999997  -1.5192003999999999  -6.1338999999999997
 800    5.2584  7.8082995000000004  -4.6260003999999997
 801    -1.8869  -3.7558004999999999  -6.1614994999999997
 802    4.9545000000000003  1.6749004999999999  6.1757999999999997
 803    5.4856999999999996  3.4100006  6.1018996000000003
 804    5.3693999999999997  4.7776002999999996  3.6889994000000002
 805    1.7384999999999999  3.0976998999999998  -2.3592002000000001
 806    2.2682000000000002  3.2224002  2.7112997000000001
 807    0.93689999999999996  5.1200999999999999  3.0636994999999998
 808    -0.074300000000000005  3.2754002  1.7618997000000001
 809    -0.023599999999999999  3.0716999999999999  -1.2370002
 810    -1.8556999999999999  -4.5391000000000004  3.0156002000000002
 811    -1.6564000000000001  2.4935  -0.55100020000000005
 812    -2.0451000000000001  2.5790001999999999  1.8241997999999999
 813    -5.5899999999999999  3.2434997999999999  -3.1140002999999998
 814    -8.7235999999999994  2.5415994999999998  -5.7765000000000004
 815    -8.5645000000000007  0.88329950000000002  -6.0014000000000003
 816    4.0724999999999998  -3.9677004999999999  -6.1766996000000001
 817    -7.5926  -4.9953003000000002  -4.0312995999999996
 818    2.4529000000000001  -5.3124000000000002  3.1552004999999999
 819    -6.5162000000000004  6.3372992999999997  -5.7743006000000001
 820    2.0283000000000002  7.4715996000000002  -3.2700005000000001
 821    -5.7843  -1.5363001999999999  -3.0680999999999998
 822    -6.1539000000000001  -3.1257001999999998  -3.1588997999999999
 823    -3.5304000000000002  -8.6951000000000001  -4.5599995
 824    6.3657000000000004  -5.1155004999999996  -6.0614996000000003
 825    0.4335  -5.7667994  6.1516004000000004
 826    -3.1978  -3.2495995  6.1762003999999999
 827    4.9600999999999997  -4.8320002999999998  -6.1560993000000002
 828    -4.7481999999999998  -0.99260026000000001  -2.9140000000000001
 829    -5.3928000000000003  -0.59390025999999996  -3.0019999999999998
 830    -5.1440000000000001  -1.6619003000000001  -2.9988996999999999
 831    -8.1723999999999997  -4.7771005999999998  -4.8995996000000002
 832    -3.2793999999999999  -2.8313005000000002  -6.1647999999999996
 833    -5.0875000000000004  -6.9379004999999996  -6.0020994999999999
 834    -2.4754  -5.7273006000000004  -6.1790995999999998
 835    -1.5216000000000001  -7.3955007000000004  -6.1339993000000002
 836    -0.26269999999999999  -1.3447005000000001  -6.0675999999999997
 837    1.3956  -6.1618003999999997  -6.1778994000000003
 838    2.3620999999999999  -7.3709993000000003  5.1001004999999999
 839    3.5051999999999999  -6.2048993000000001  5.9647006999999999
 840    1.9618  -2.5127003000000001  -1.6871997000000001
 841    2.3567999999999998  -1.8267  -0.34619983999999998
 842    3.2458  -1.5893003000000001  -2.4027997999999999
 843    8.3820999999999994  -1.6674005000000001  -6.0095999999999998
 844    4.9539999999999997  1.2858995  -6.1742999999999997
 845    2.8645  0.56149954000000002  -6.1283000000000003
 846    3.4390999999999998  1.4602004  6.1704999999999997
 847    4.3612000000000002  2.6603005  6.1791
 848    5.5594000000000001  5.1671003999999998  4.3878994000000002
 849    1.9221999999999999  2.3473999999999999  -1.0063001
 850    2.2387000000000001  4.8651999999999997  3.0844996
 851    1.3098000000000001  6.3181004999999999  3.2671994999999998
 852    0.379  3.6395000999999998  2.4701998000000001
 853    -0.1527  3.0017999999999998  0.36869975999999999
 854    -1.7309000000000001  3.7375997999999999  -2.7100002999999999
 855    5.7987000000000002  0.6956002  3.1536
 856    -2.742  2.9923003000000001  2.7613997000000001
 857    -4.6573000000000002  2.7093997000000001  -2.9962002999999999
 858    -9.0986999999999991  2.4773996  -5.2523
 859    -9.1184999999999992  0.96799959999999996  -5.7053000000000003
 860    -7.6529999999999996  -5.5768003000000004  -4.9087996
 861    -8.9659999999999993  -1.4069004000000001  -4.0143000000000004
 862    0.17449999999999999  5.1577997  -6.1745004999999997
 863    -4.0561999999999996  7.8179993999999997  -5.9066004999999997
 864    2.7856999999999998  7.2178993  -3.2691004000000001
 865    -4.2084999999999999  4.2455999999999996  -3.0674001999999998
 866    -6.8994  0.37329974999999999  -3.1596000000000002
 867    -1.6422000000000001  -0.20209953  6.0933999999999999
 868    -5.0709999999999997  -6.3029003000000001  -6.0721993000000003
 869    -3.5245000000000002  -4.5716995999999996  6.1520004000000004
 870    -3.9398  2.2278004  6.1760000000000002
 871    2.5638999999999998  -6.4339003999999997  -6.1560993000000002
 872    3.7890000000000001  3.6144995999999998  -6.1748003999999996
 873    -4.1957000000000004  -0.51460015999999997  -2.7423999999999999
 874    -3.8319999999999999  -1.0828002999999999  -2.6533000000000002
 875    -8.0974000000000004  -4.5332002999999998  -4.3163995999999996
 876    -4.5753000000000004  -4.1970004999999997  -6.1789994000000004
 877    -5.2054999999999998  -7.4458003000000001  -5.7785997
 878    -3.0293000000000001  -6.9269004000000001  -6.1336994000000002
 879    -1.8245  -8.4080999999999992  -6.0020994999999999
 880    -1.8833  -1.6537005  -6.1123000000000003
 881    1.6192  -7.3736005000000002  -6.1340994999999996
 882    2.1366999999999998  -6.7983994000000001  5.9648003999999997
 883    3.1720000000000002  -2.8796997000000002  2.8577002999999999
 884    1.8601000000000001  -2.3317999999999999  -0.30209982000000002
 885    2.1427  -2.1082999999999998  0.37480015
 886    2.597  -1.5820000999999999  -1.0701997999999999
 887    -3.2103000000000002  -0.53809989999999996  1.6868000000000001
 888    -1.9379999999999999  -7.2259994000000001  4.1505003
 889    7.484  1.1862005  5.5900999999999996
 890    -7.4377000000000004  1.9369004000000001  4.6912000000000003
 891    3.1004  2.1017005000000002  6.1707999999999998
 892    5.7512999999999996  5.1876005999999997  5.0251994
 893    1.9409000000000001  2.3092999999999999  0.46169979999999999
 894    2.5148999999999999  5.6961006999999997  3.2106995999999999
 895    1.3367  7.5282005999999999  4.5477996000000003
 896    -4.8440000000000003  1.6586995  -6.1742999999999997
 897    -0.76529999999999998  3.1897001  1.7784997
 898    -0.84699999999999998  2.9769999999999999  -1.3358003000000001
 899    -1.732  2.5988000000000002  1.1849997000000001
 900    -3.3090000000000002  3.0965001999999999  2.9332997999999999
 901    -3.5152999999999999  2.1467998000000001  -2.7104002999999999
 902    5.6932999999999998  0.41929949999999999  -6.1768000000000001
 903    -9.4018999999999995  1.0849997  -5.1443000000000003
 904    -3.4049  2.7087998  -2.7800001999999999
 905    -8.9795999999999996  -0.4668003  -3.9014000000000002
 906    3.6044999999999998  -4.4082002999999998  -6.1767992999999999
 907    0.53410000000000002  8.9830000000000005  -5.8167004999999996
 908    6.9001999999999999  3.5037997000000001  -3.2694000999999999
 909    -2.7915999999999999  5.4226999999999999  -3.0792004999999998
 910    -6.8173000000000004  1.0918998  -3.1591
 911    -2.7046999999999999  7.0520005000000001  5.6271996
 912    -5.157  6.3196992999999999  -6.0628004000000004
 913    -3.7372999999999998  4.4109005999999997  6.1516995000000003
 914    3.8570000000000002  2.0946004  6.1753
 915    -0.28189999999999998  -6.9000006000000003  -6.1567993000000003
 916    4.5693999999999999  -2.6263006  -6.1749000000000001
 917    -3.2033  -0.01740013  -1.7347999999999999
 918    -3.3317000000000001  -1.0002002000000001  -2.2635999999999998
 919    -7.6694000000000004  -4.3899007000000001  -3.7349996999999999
 920    -5.5857999999999999  -5.0950002999999997  -6.1336994000000002
 921    -5.1051000000000002  -7.9117002000000003  -5.3106995000000001
 922    -3.4956  -7.8889003000000004  -5.9958996999999998
 923    -1.6506000000000001  -8.9717000000000002  -5.7498994000000003
 924    -1.1492  7.4828004999999997  5.6006993999999999
 925    1.7553000000000001  -8.4216999999999995  -6.0022992999999998
 926    2.194  -6.0773997  6.1016006000000003
 927    3.4102000000000001  -5.4879993999999996  6.1016006000000003
 928    1.9043000000000001  -2.4527999999999999  1.0826001999999999
 929    2.4792999999999998  -1.8843999  1.1389001999999999
 930    2.6168999999999998  -1.4831000000000001  0.34800009999999998
 931    9.0305999999999997  -2.2614005000000001  -5.5292000000000003
 932    -5.7876000000000003  4.8960004000000001  5.5878997000000004
 933    6.1214000000000004  1.4678996  -6.1787000000000001
 934    1.9453  1.4432005000000001  6.1295000000000002
 935    5.3384  4.7316003000000002  5.9609994999999998
 936    -4.9919000000000002  8.0223999999999993  -5.1814003
 937    2.7927  6.3091005999999998  3.4404995
 938    1.6389  7.5578003000000002  5.1424994000000002
 939    0.1678  4.9664000000000001  3.0300995999999998
 940    -0.56089999999999995  5.1475  3.0592994999999998
 941    -1.1206  2.903  1.1327997000000001
 942    -2.4472999999999998  5.2906000000000004  3.1519995000000001
 943    -4.1551  3.8103004  3.1241998999999998
 944    -2.8620000000000001  1.4510999  -1.7691001
 945    -9.0114000000000001  2.8996993999999998  -4.8935000000000004
 946    -9.1199999999999992  1.1304996  -4.1607000000000003
 947    -9.4717000000000002  0.21419963  -4.9955999999999996
 948    -8.8076000000000008  1.6399996999999999  -3.8529002999999999
 949    -3.2854999999999999  4.7028995  -6.1770005000000001
 950    1.3124  8.8177000000000003  -5.8563004000000003
 951    7.7317999999999998  0.37979974999999999  -3.2698
 952    4.2366000000000001  4.1677  -3.0640000999999999
 953    0.37369999999999998  6.8950996  -3.1592004
 954    1.7876000000000001  -0.41189956999999999  6.1018999999999997
 955    6.2649999999999997  5.1149993  -6.0724005999999999
 956    4.4047999999999998  3.7389003999999999  6.1517996999999998
 957    3.9398  -2.2271996000000001  6.1760000000000002
 958    -3.7128000000000001  -5.8566003000000002  -6.1557994000000003
 959    -0.39500000000000002  -2.9771999999999998  0.27190024000000002
 960    -3.1025  -0.106799915  1.0771999999999999
 961    -3.1263000000000001  -0.74960009999999999  -1.7876000000000001
 962    -7.1496000000000004  -4.1179003999999999  -3.3883998000000002
 963    -6.3918999999999997  -5.7780003999999998  -6.0004996999999998
 964    2.4704000000000002  9.0968  -4.6998005000000003
 965    -3.7477999999999998  -8.3805999999999994  -5.6923994999999996
 966    -1.5848  -9.2888000000000002  -5.2834997000000001
 967    0.067500000000000004  -6.3200006000000002  -6.1778994000000003
 968    2.1486000000000001  -8.8658999999999999  -5.7493996999999997
 969    1.665  -4.8648996000000002  6.1793003000000004
 970    2.6398999999999999  -4.4123992999999997  6.1793003000000004
 971    2.1482999999999999  -2.7273998000000002  2.2287002
 972    2.5619000000000001  -2.1525998  1.9462001
 973    2.8839000000000001  -1.5733999000000001  1.7965001
 974    9.1527999999999992  -1.8454003000000001  -4.4404000000000003
 975    6.2944000000000004  0.06839953  -6.1787999999999998
 976    7.3776000000000002  1.6222996000000001  -6.1338999999999997
 977    4.6401000000000003  2.3309996000000002  -6.1745999999999999
 978    -6.2819000000000003  4.0927005000000003  4.1784996999999997
 979    4.6566999999999998  4.4810004000000001  6.1013994
 980    3.2208999999999999  3.9098003000000001  3.0442998000000001
 981    -7.0753000000000004  -2.6756994999999999  5.6101000000000001
 982    1.5477000000000001  6.9536004  5.9662994999999999
 983    -0.16300000000000001  5.5561999999999996  3.1134995999999999
 984    -1.2213000000000001  5.4217000000000004  3.1128995000000002
 985    -1.7329000000000001  3.0497003  2.3014998000000002
 986    -2.8248000000000002  4.1878000000000002  3.0421999
 987    -4.6783000000000001  4.1908006999999996  3.2241998000000001
 988    -2.6429999999999998  1.3824000000000001  -0.30640012
 989    -8.7705000000000002  3.0084998999999999  -4.3013000000000003
 990    -8.7329000000000008  0.94349970000000005  -3.6871
 991    -3.3620999999999999  8.7832000000000008  -5.3566003000000002
 992    1.3589  9.0174000000000003  -4.0725007
 993    -2.6701999999999999  -1.3857999999999999  -0.71829986999999995
 994    6.2477999999999998  6.4674997000000003  -5.8203006000000004
 995    7.4394999999999998  -2.1200000999999999  -3.2686996000000001
 996    5.3141999999999996  2.7082999000000001  -3.0661000999999999
 997    1.0911999999999999  6.8186993999999999  -3.1592004
 998    0.38519999999999999  1.6542003999999999  6.0955000000000004
 999    5.1201999999999996  -6.3150005  -6.0665994000000003
1000    3.7372000000000001  -4.4113993999999996  6.1516004000000004
1001    -3.8569  -2.0947995000000001  6.1753
1002    -4.8300999999999998  -4.9536004  -6.1562995999999996
1003    -3.5400999999999998  3.7727995000000001  -6.1745004999999997
1004    -1.2543  -4.9461006999999997  -6.1741995999999997
1005    -2.8895  -0.8191001  -0.65949994000000001
1006    -6.3472999999999997  -3.6530003999999998  -3.2002997
1007    -6.8345000000000002  -6.1236005000000002  -5.6964993000000002
1008    -5.5152000000000001  -7.6930002999999996  -4.8993998000000003
1009    9.4070999999999998  0.57279959999999996  -4.6863000000000001
1010    -1.9278999999999999  -9.266  -4.8847994999999997
1011    0.049200000000000001  -7.5571003000000001  -6.1337995999999997
1012    2.3371  -9.1290999999999993  -5.2811994999999996
1013    1.2518  -3.4956993999999999  6.1698003000000003
1014    1.9635  -3.1059994999999998  6.1685999999999996
1015    4.3628  -4.8188995999999999  3.2790005
1016    2.9647999999999999  -2.1067998000000001  2.4503002
1017    3.9912000000000001  -2.0281997  2.9217002000000001
1018    8.3985000000000003  -2.0286002000000001  -3.5655996999999999
1019    7.5533000000000001  0.051699538000000003  -6.1338999999999997
1020    8.3310999999999993  1.8862995  -6.0102000000000002
1021    -4.7060000000000004  5.8172006999999999  4.1522994000000004
1022    2.5831  -4.3731  -2.9490997999999999
1023    3.7879999999999998  3.4906006000000001  6.1791996999999999
1024    3.04  4.5655999999999999  3.1032999000000001
1025    3.0110000000000001  6.7926006000000001  4.0444994000000003
1026    1.1382000000000001  6.3599005000000002  6.1016994000000002
1027    -0.061499999999999999  6.0938005000000004  3.1901996000000001
1028    -1.3304  6.1058006000000002  3.2164996000000001
1029    -1.6615  4.3440000000000003  2.9600996999999998
1030    -3.5041000000000002  4.3438999999999997  3.1167997999999999
1031    -5.1341999999999999  4.6374006000000003  3.4515997999999999
1032    -2.8679999999999999  1.6164000999999999  1.8167998999999999
1033    -8.3743999999999996  2.7786998999999999  -3.7238001999999999
1034    -8.1747999999999994  0.86729973999999999  -3.3761000000000001
1035    8.9992000000000001  2.6186995999999998  -5.4565000000000001
1036    3.2633000000000001  8.4673999999999996  -4.0126004000000002
1037    7.6231999999999998  -5.4397006000000001  -5.4731994000000004
1038    7.8628  4.0322994999999997  -5.8930005999999997
1039    0.39589999999999997  -7.7303004  -3.2696996
1040    4.1985000000000001  -4.2591000000000001  -3.0675998
1041    6.8250999999999999  -0.37870023000000003  -3.1522000000000001
1042    6.2808999999999999  -4.0963992999999999  4.1805005
1043    -6.3653000000000004  -5.1639004000000002  -6.0572996000000003
1044    -4.4047000000000001  -3.7388995  6.1518005999999996
1045    0.108  2.4525994999999998  -6.1104000000000003
1046    -6.4265999999999996  -2.5603006000000001  -6.1562999999999999
1047    1.8378000000000001  5.0723995999999998  -6.1755003999999998
1048    -5.6708999999999996  -0.55179979999999995  3.1328
1049    -2.9352  -0.59819999999999995  -0.012599954999999999
1050    -5.5989000000000004  -3.2277002000000001  -3.1139998000000002
1051    -7.0186999999999999  -6.3489003000000004  -5.1591997000000003
1052    -5.5513000000000003  -7.4368005000000004  -4.3165994000000003
1053    -3.8123  -8.6615000000000002  -5.1585993999999999
1054    -2.0758999999999999  -9.0398999999999994  -4.3081994000000003
1055    0.0071999999999999998  -8.6176999999999992  -6.0003995999999997
1056    -4.2222  -8.4308999999999994  -4.7173996000000002
1057    7.0651000000000002  -2.7251995  5.5975999999999999
1058    -5.9638  7.2975992999999999  -4.6879004999999996
1059    4.7789000000000001  -5.3716993000000004  3.6922003999999999
1060    3.4681000000000002  -2.2752998  2.8013002999999999
1061    5.2465999999999999  0.07129953  -6.1748000000000003
1062    7.8757999999999999  -1.7545002999999999  -3.3253998999999999
1063    8.6281999999999996  -0.058800449999999997  -5.9950000000000001
1064    9.1788000000000007  1.7437997000000001  -5.4936999999999996
1065    8.6452000000000009  3.8637996000000001  -4.9088006000000002
1066    5.0289000000000001  3.7180995999999999  -6.1792005999999997
1067    2.7433999999999998  2.7295004999999999  6.1726000000000001
1068    3.5276000000000001  4.9714003  3.1904995
1069    3.1288999999999998  7.0638002999999996  4.8965993000000001
1070    0.99960000000000004  5.1388005999999997  6.1754993999999996
1071    0.00059999999999999995  6.7244004999999998  3.3367996
1072    -1.4238999999999999  6.7669005000000002  3.4496996000000002
1073    -2.2947000000000002  4.6379000000000001  3.0595998999999998
1074    -3.6499000000000001  4.8994007000000002  3.1924996000000001
1075    7.0738000000000003  2.6729004000000001  5.6136999999999997
1076    -0.9516  -2.8685999999999998  0.48270020000000002
1077    -7.8352000000000004  2.5625996999999998  -3.3857002
1078    -7.2869000000000002  0.78349979999999997  -3.2008999999999999
1079    3.2161  3.2836002999999998  2.9479997
1080    8.8803999999999998  -1.4089003  -3.9009999999999998
1081    -1.5031000000000001  -4.2112993999999997  6.1757007000000002
1082    9.0332000000000008  -0.39630043999999998  -5.7965
1083    -2.0154000000000001  -7.4696007  -3.2689995999999999
1084    2.7982999999999998  -5.4215999999999998  -3.0794994999999998
1085    6.7759999999999998  -1.1118002  -3.1553
1086    -7.8547000000000002  2.0900995999999998  -6.0667999999999997
1087    -2.1945000000000001  5.3485003000000004  6.1516995000000003
1088    -1.3474999999999999  2.8694004999999998  6.1528
1089    -4.9622000000000002  -2.9062003999999999  -6.1769999999999996
1090    -5.8391999999999999  3.7102995000000001  -6.1563005000000004
1091    4.2039999999999997  2.4630003  3.0077999000000002
1092    -6.4295  -0.67449974999999995  3.2698999999999998
1093    -2.9853000000000001  -0.50929992999999996  0.54710007000000005
1094    -3.2568999999999999  -1.6129003  -2.4168997000000001
1095    -6.9570999999999996  -6.0231003999999997  -4.1775994000000001
1096    -5.2206000000000001  -7.1298003000000003  -3.7348995
1097    -3.9102999999999999  -8.3268000000000004  -4.1739993000000002
1098    -1.8937999999999999  -8.6213999999999995  -3.7272992
1099    -0.1027  -9.1951999999999998  -5.6697993000000002
1100    2.0087999999999999  -9.2490000000000006  -4.8862996000000001
1101    7.2267000000000001  -1.9397997  4.1524999999999999
1102    3.0699999999999998  -0.16820009  -1.2589999999999999
1103    5.1668000000000003  -5.5597997000000001  4.3881005999999996
1104    4.5109000000000004  -3.0861998000000002  3.1004002000000002
1105    5.2060000000000004  -2.1892998000000001  3.1260002
1106    7.2321999999999997  -1.5558002  -3.2086000000000001
1107    9.1805000000000003  0.15149957  -5.6839000000000004
1108    9.1195000000000004  1.9991996000000001  -4.4347000000000003
1109    4.8960999999999997  5.7875003999999999  5.5877995
1110    6.0803000000000003  4.4803996000000001  -6.1339005999999996
1111    1.0549999999999999  0.82279950000000002  -6.0660999999999996
1112    3.9468000000000001  5.4466004000000003  3.3381995999999998
1113    2.9540999999999999  6.4883002999999997  5.9633994000000001
1114    7.6969000000000003  3.7867997  -3.5270001999999998
1115    0.12709999999999999  7.2505006999999999  3.7730994
1116    2.6728999999999998  -7.0737996000000001  5.6137003999999999
1117    -2.6516999999999999  5.9085007000000003  3.2728996000000001
1118    -3.9609000000000001  5.4372005000000003  3.3384995000000002
1119    -5.5096999999999996  4.9908004000000004  4.0523996000000002
1120    -3.8900999999999999  2.6918004  2.9771998000000002
1121    -6.9619999999999997  2.2735998999999998  -3.2004003999999999
1122    -6.4238999999999997  0.68239974999999997  -3.1137000000000001
1123    1.2666999999999999  -5.5278006  -6.1766996000000001
1124    8.2754999999999992  -3.4363003000000001  -3.8550996999999998
1125    4.6703000000000001  -0.64930019999999999  -2.8883999999999999
1126    8.8727  -1.5669005  -5.8120000000000003
1127    -2.7858000000000001  -7.2169002999999998  -3.2688994
1128    -4.2516999999999996  -4.2270000000000003  -3.0690997000000002
1129    -0.37430000000000002  -6.8942002999999996  -3.1590995999999998
1130    2.0911  7.8905997000000001  -6.0620003000000002
1131    5.3472999999999997  2.1850003999999998  6.1519000000000004
1132    1.3021  -2.6241995999999999  6.1454000000000004
1133    -4.2767999999999997  8.3598999999999997  -4.5769004999999998
1134    -4.4214000000000002  5.3301996999999997  -6.1561003000000003
1135    4.6334  1.6992996  -6.1734999999999998
1136    -7.1670999999999996  -0.70499970000000001  3.7073
1137    -5.1448  0.11499953  -6.1744000000000003
1138    -2.7660999999999998  -1.7793999  1.8157002
1139    -6.5819999999999999  -5.8727007000000002  -3.7211995
1140    -4.8562000000000003  -6.6699004000000004  -3.3882995
1141    -3.6404000000000001  -8.0234000000000005  -3.7127992999999999
1142    -1.7309000000000001  -8.0614000000000008  -3.3862994
1143    -9.0823999999999998  -2.5166000999999998  -4.6864999999999997
1144    1.7977000000000001  -9.1052  -4.3195996000000001
1145    -0.072700000000000001  -3.8961996999999999  2.6928003
1146    -2.9222999999999999  -1.4539005  -6.1375000000000002
1147    5.1870000000000003  -5.7517996  5.0248002999999999
1148    4.8956999999999997  -3.5091999  3.1798003000000001
1149    5.7324000000000002  -2.5096997999999999  3.2187001999999998
1150    6.3333000000000004  -1.4336002000000001  -3.1173000000000002
1151    -2.5743999999999998  -4.8324002999999998  -6.1757993999999998
1152    8.5686999999999998  1.5529997  -3.6272000000000002
1153    5.7434000000000003  2.5852995000000001  -6.1787000000000001
1154    6.8484999999999996  5.1279992999999999  -6.0083003000000001
1155    2.1097999999999999  1.5789994999999999  -6.1173000000000002
1156    4.3307000000000002  5.8292003000000001  3.7833996000000001
1157    2.4340999999999999  5.9840007000000002  6.1017995000000003
1158    0.0037000000000000002  2.4149004999999999  6.1292
1159    0.12330000000000001  7.7409005000000004  5.0653996000000001
1160    -1.5127999999999999  7.2837005000000001  4.0622996999999996
1161    -2.8845999999999998  6.5847005999999997  3.6910994000000001
1162    -4.2069999999999999  5.9146004000000003  3.7785994999999999
1163    -5.7190000000000003  5.1906004000000001  4.8852997
1164    -4.6421999999999999  2.5040002000000001  3.0734997000000002
1165    -6.1421999999999999  2.0111997000000001  -3.1141002000000002
1166    -5.3525  0.44759977000000001  -2.9943
1167    0.25509999999999999  9.3704999999999998  -5.4557003999999996
1168    -1.3777999999999999  -8.9976000000000003  -4.0500993999999997
1169    2.9481999999999999  -0.51890004000000001  -0.54749994999999996
1170    6.2644000000000002  -6.2326006999999999  -5.8928995000000004
1171    -6.9013999999999998  -3.5042002000000001  -3.2695997000000001
1172    -5.3952  -2.7579001999999999  -3.0752997
1173    -1.0914999999999999  -6.8152002999999999  -3.1588995
1174    7.8897000000000004  -2.0856004000000001  -6.0622999999999996
1175    2.1918000000000002  -5.3493995999999999  6.1517004999999996
1176    -2.9163000000000001  0.91460050000000004  6.1492000000000004
1177    -1.3318000000000001  -1.7869005  -6.1016000000000004
1178    4.2983000000000002  5.4394993999999999  -6.1558003000000001
1179    -7.4802  0.30140032999999999  4.1580000000000004
1180    -7.5491999999999999  -0.98269963000000005  4.4553000000000003
1181    -3.4072  -0.74819979999999997  2.2584
1182    -4.6721000000000004  -2.2363997000000002  3.0602002000000001
1183    -6.1319999999999997  -5.5238003999999998  -3.3892996000000002
1184    -4.3143000000000002  -5.9184003000000001  -3.2003995999999999
1185    -3.3685  -7.5238003999999998  -3.3855995999999999
1186    -1.5321  -7.1586002999999998  -3.2000994999999999
1187    -0.1704  -9.2047000000000008  -4.1827993000000001
1188    1.7998000000000001  -8.6547000000000001  -3.7378993
1189    1.222  7.4595003000000002  5.6182995
1190    -0.70469999999999999  -1.9371004999999999  -6.0952000000000002
1191    4.7309000000000001  -5.3409996  5.9600004999999996
1192    5.4173999999999998  -3.9322998999999998  3.3270000999999998
1193    6.3133999999999997  -2.8185997  3.4488002999999998
1194    5.3116000000000003  -1.0966003  -3.0017999999999998
1195    8.1919000000000004  -0.095300250000000003  -3.3662000000000001
1196    8.0153999999999996  1.7058997  -3.3654003000000001
1197    6.8879999999999999  3.1192994000000001  -6.1336000000000004
1198    2.1288  -7.3014994  4.4385003999999997
1199    5.7817999999999996  -4.9098997000000004  5.5814003999999997
1200    4.5895000000000001  6.0751004000000002  4.4539995000000001
1201    2.0204  4.7185005999999996  6.1791996999999999
1202    -2.7019000000000002  -3.3476005  -6.1639996000000004
1203    0.071099999999999997  7.1248006999999998  5.9653996999999999
1204    -1.5801000000000001  7.5628004000000004  4.9027995999999998
1205    -3.1937000000000002  6.8924003000000003  4.4046992999999999
1206    -4.3761000000000001  6.2175007000000004  4.4227996000000003
1207    -5.2652000000000001  4.8266005999999999  5.9553995000000004
1208    -5.6317000000000004  3.2280001999999999  3.2766997999999998
1209    -5.1062000000000003  1.7553996999999999  -2.9985002999999999
1210    -3.4672000000000001  0.41629981999999999  -2.2854000000000001
1211    2.0192999999999999  9.2629000000000001  -4.9956006999999998
1212    -3.2480000000000002  -8.4855999999999998  -4.0280994999999997
1213    3.5821999999999998  2.7374005000000001  6.1759000000000004
1214    4.1210000000000004  -7.8914002999999999  -5.8620995999999996
1215    -7.7180999999999997  0.52659975999999997  -3.2688000000000001
1216    -5.9724000000000004  -0.31210022999999998  -3.0676999999999999
1217    -5.7835999999999999  3.7708998  -3.1591003
1218    -2.0695999999999999  -7.8206005000000003  -6.0721993000000003
1219    -5.3472999999999997  -2.1849995  6.1519000000000004
1220    -2.6324000000000001  1.5640004999999999  6.1494
1221    -0.43530000000000002  -4.7831999999999999  -2.9069995999999998
1222    5.3266999999999998  4.4213996  -6.1562004000000004
1223    1.7782  -5.0266004000000004  -6.1751994999999997
1224    -7.6844000000000001  -0.94199960000000005  5.04
1225    -0.4194  2.9882  -0.81620026000000001
1226    -4.7454999999999998  -2.9029999000000002  3.1140002999999998
1227    -5.4497  -4.8935003000000004  -3.2003995999999999
1228    -3.8182  -5.2252000000000001  -3.1148996000000002
1229    -2.9872000000000001  -6.6740003000000003  -3.1991993999999999
1230    -1.3412999999999999  -6.3448000000000002  -3.1161995
1231    -0.0395  -8.8216999999999999  -3.7217994000000001
1232    1.7068000000000001  -8.0728000000000009  -3.3886992999999999
1233    2.6541000000000001  -5.7899003000000002  -6.1760992999999997
1234    -8.2904  3.4677997  -3.8889003
1235    4.4802999999999997  -4.6619997  6.1008005000000001
1236    5.8273999999999999  -4.3306994000000003  3.7816002000000002
1237    -2.3694999999999999  -1.8546  -0.72219986000000003
1238    4.5414000000000003  -1.2974002  -2.8908999999999998
1239    7.3143000000000002  -0.012500241  -3.1993999999999998
1240    7.1664000000000003  1.5121998000000001  -3.2004000000000001
1241    8.1393000000000004  3.4552996  -5.8928003000000002
1242    -2.8048000000000002  9.0504999999999995  -4.9828004999999997
1243    4.1363000000000003  4.7302995000000001  -6.1791004999999997
1244    4.6090999999999998  6.1884002999999996  5.2332996999999999
1245    -8.4235000000000007  -0.43320027  -3.4685000000000001
1246    0.44259999999999999  4.5007997  -6.1696004999999996
1247    -0.20880000000000001  6.4575005000000001  6.1016994000000002
1248    -1.4249000000000001  6.9755006000000002  5.9690994999999996
1249    -3.1301000000000001  7.0801005000000004  5.0974994000000002
1250    -4.5965999999999996  6.2279004999999996  5.0905994999999997
1251    -4.9546999999999999  4.1625003999999999  6.0998992999999997
1252    -6.2149000000000001  3.6219003000000001  3.6956997
1253    -3.8031999999999999  1.4878998000000001  -2.7004000000000001
1254    -3.254  0.26930013000000003  1.7197
1255    4.6691000000000003  -3.2896003999999999  -6.1767992999999999
1256    -2.4018000000000002  8.7773000000000003  -4.0468006000000001
1257    -2.5350999999999999  -2.5419002000000002  -2.3867997999999999
1258    -0.47839999999999999  -8.8100000000000005  -5.8992996
1259    -6.8876999999999997  3.5254998  -3.2692003000000001
1260    -5.5738000000000003  2.1751996999999998  -3.0679002
1261    -5.3578000000000001  4.3549994999999999  -3.1591003
1262    -6.8639999999999999  4.4471993000000003  -6.0598006
1263    -5.7272999999999996  0.77720045999999998  6.1516999999999999
1264    -2.3805999999999998  2.1110004999999998  6.1531000000000002
1265    -2.1263000000000001  -0.46330043999999998  -6.0994999999999999
1266    5.8615000000000004  -3.7044005000000002  -6.1557994000000003
1267    2.4584999999999999  -3.3289998000000001  2.7956002
1268    -7.0970000000000004  -0.69559950000000004  5.9626000000000001
1269    -4.8254999999999999  -1.5080998000000001  3.0423
1270    -5.3917000000000002  -3.1609997999999999  3.2168002000000002
1271    -4.8108000000000004  -4.3201000000000001  -3.1142998
1272    -3.2410999999999999  -4.3261000000000003  -2.9992998000000002
1273    1.5032000000000001  4.2113003999999998  6.1756997
1274    2.3793000000000002  1.8583000000000001  0.47889984000000002
1275    0.0016999999999999999  -8.2531999999999996  -3.3892994000000001
1276    1.5126999999999999  -7.1658005999999999  -3.2003995999999999
1277    3.1202999999999999  -6.8879004000000004  -6.1335997999999998
1278    7.5601000000000003  -0.55929960000000001  5.5877999999999997
1279    3.4984000000000002  -3.7700996  6.1793003000000004
1280    6.0735000000000001  -4.5907992999999996  4.4528002999999998
1281    6.7877000000000001  -3.0387998000000001  4.0567000000000002
1282    3.984  -0.82860016999999997  -2.6947000000000001
1283    6.3322000000000003  0.057599763999999998  -3.1015000000000001
1284    6.3285999999999998  1.3202997000000001  -3.1143000000000001
1285    8.4110999999999994  4.0894994999999996  -5.4792003999999999
1286    7.8609999999999998  5.1008997000000003  -5.4558004999999996
1287    5.0160999999999998  5.6462994000000002  -6.1339005999999996
1288    4.2732999999999999  5.8189006000000001  5.9114994999999997
1289    -6.7611999999999997  -6.5113006000000002  -4.5650997000000002
1290    0.54769999999999996  6.2659992999999998  -6.1789002000000002
1291    -0.081199999999999994  5.2355003  6.1754993999999996
1292    -1.5575000000000001  6.2639003000000004  6.1026997999999999
1293    -2.8515000000000001  6.5236006  5.9692993000000003
1294    -4.1391999999999998  5.8016005000000002  5.9646996999999997
1295    -3.9428000000000001  3.4472005000000001  6.1754993999999996
1296    -6.6410999999999998  3.6853004  4.4028996999999999
1297    -3.3355999999999999  1.0789998999999999  -2.3054999999999999
1298    -3.9771000000000001  0.77090020000000004  2.7589000000000001
1299    -5.7108999999999996  -7.4389004999999999  -5.4508995999999996
1300    8.7554999999999996  2.1495997999999998  -3.9306002000000002
1301    -1.0878000000000001  4.7293000000000003  3.0038998000000001
1302    -6.2336999999999998  -6.3592005  -5.8609996000000004
1303    -1.9944999999999999  7.4789995999999999  -3.2697004999999999
1304    -3.2273999999999998  5.0519999999999996  -3.0690005
1305    3.7743000000000002  5.7880992999999998  -3.1597004000000002
1306    4.4188000000000001  6.8613996999999998  -6.0622005000000003
1307    -5.6154000000000002  1.3724004999999999  6.1516999999999999
1308    -1.8422000000000001  2.4624003999999999  6.1497999999999999
1309    -2.2824  0.27519956000000001  -6.1043000000000003
1310    4.4173999999999998  -5.3263005999999997  -6.1562995999999996
1311    -4.2664999999999997  -3.3209004000000002  -6.1754993999999996
1312    -6.4013  -0.8874995  6.1013999999999999
1313    -5.2461000000000002  -1.9163996999999999  3.1173003000000001
1314    -5.9951999999999996  -3.4461997000000002  3.4497003999999998
1315    -0.81100000000000005  4.6337000000000002  -2.8852003000000002
1316    -2.5792999999999999  -3.1266003000000002  -2.6912997000000001
1317    -2.0785999999999998  -4.9724000000000004  -2.9970995999999999
1318    -0.87860000000000005  -4.2030000000000003  -2.7614996000000001
1319    -0.0103  -7.3243003  -3.2003995999999999
1320    1.3413999999999999  -6.3102  -3.1127994000000001
1321    3.5158999999999998  -7.8622002999999996  -6.0009994999999998
1322    3.6983000000000001  -5.0278006  -6.1790995999999998
1323    2.5874000000000001  -2.6706995999999998  6.1699999999999999
1324    6.1818  -4.6186996000000002  5.2273006000000004
1325    7.0631000000000004  -3.1303994999999998  4.8955000000000002
1326    3.1576  -0.66040010000000005  -1.819
1327    5.3822000000000001  0.30219974999999999  -2.9975999999999998
1328    5.3428000000000004  1.0122998000000001  -3.0045000000000002
1329    4.2786999999999997  3.9527000999999999  3.1513998999999999
1330    7.5208000000000004  5.5344996000000002  -4.4381003000000003
1331    5.7808999999999999  6.2845993  -6.0107007000000001
1332    3.6204000000000001  5.3655004999999996  6.0995993999999998
1333    4.0560999999999998  6.4432005999999999  5.5365995999999997
1334    0.73829999999999996  7.5171995000000003  -6.1339005999999996
1335    -3.0026999999999999  8.0643999999999991  -3.5383008
1336    -1.1678999999999999  5.1040006  6.1754993999999996
1337    -2.8220000000000001  5.8116006999999996  6.1016994000000002
1338    -3.9670000000000001  5.1010002999999999  6.1014996000000004
1339    8.3353000000000002  2.1418998  -3.5387002999999999
1340    -6.7945000000000002  3.6967005999999998  5.0937995999999996
1341    -2.8549000000000002  1.0350999000000001  -1.0318001999999999
1342    -5.1430999999999996  0.65460026000000004  3.0607000000000002
1343    6.3460000000000001  -7.0284003999999998  -4.9090996000000002
1344    2.4051  -8.7806999999999995  -4.0523996000000002
1345    1.7986  5.1327999999999996  -3.0046005
1346    -8.0581999999999994  -3.9925004999999998  -5.8196992999999999
1347    0.41610000000000003  7.7290998000000002  -3.2697004999999999
1348    -0.28489999999999999  5.9588000000000001  -3.0662004999999999
1349    4.3551000000000002  5.3568996999999996  -3.1591005000000001
1350    6.7988  -4.3847003000000004  -6.0720996999999999
1351    -2.7389000000000001  5.0912004  6.1516995000000003
1352    -0.68969999999999998  2.9865005  6.1494999999999997
1353    -4.8544999999999998  8.0143000000000004  -4.5214005000000004
1354    -4.2964000000000002  -5.4444002999999999  -6.1556997000000004
1355    -5.1569000000000003  -2.1004003999999998  -6.1761999999999997
1356    -5.1999000000000004  -0.61179954000000003  6.1755000000000004
1357    -5.7763  -1.9498998000000001  3.1906002
1358    5.3600000000000003  -5.3807992999999996  5.5638002999999996
1359    -3.0754000000000001  -2.4386003000000001  -2.6144997999999999
1360    -2.0478000000000001  -2.8535001000000002  -2.3178996999999999
1361    -1.4276  -3.2027000999999999  -2.3062996999999998
1362    -0.84760000000000002  -3.0934002  -1.7633996999999999
1363    -0.016  -6.4626999999999999  -3.1139996000000001
1364    1.1889000000000001  -5.1859999999999999  -2.9862994999999999
1365    3.6968000000000001  -8.3849  -5.7108993999999997
1366    4.4779  -6.0803003000000002  -6.1339993000000002
1367    6.3600000000000003  4.1083007  5.5991993000000004
1368    5.8108000000000004  -4.3093995999999999  5.9020004000000004
1369    -0.46789999999999998  4.5815000000000001  2.9487998000000002
1370    -3.6522000000000001  3.1635995000000001  -6.1730003
1371    4.7477999999999998  -0.013100219  -2.8967000000000001
1372    4.8666  0.56619980000000003  -2.9217
1373    8.4446999999999992  3.8779998  -4.3429003000000002
1374    7.1862000000000004  4.9056997000000004  -3.6205006000000002
1375    6.0353000000000003  7.0452994999999996  -5.5699005000000001
1376    2.9861  4.2622004000000002  6.1768993999999999
1377    4.7058999999999997  -5.8175993000000004  4.1527003999999996
1378    0.77480000000000004  8.5149000000000008  -6.0090003000000003
1379    -1.7698  -3.8737998  2.8473003000000001
1380    7.9500999999999999  -3.1740002999999999  -3.5196998000000002
1381    -2.2033  4.7501005999999997  6.1754993999999996
1382    -3.1419999999999999  4.1890006  6.1754993999999996
1383    -0.58940000000000003  0.97290045000000003  6.0683999999999996
1384    -6.1662999999999997  3.5989005999999999  5.9579997000000002
1385    -2.8252999999999999  1.0283  0.3824999
1386    -6.8680000000000003  0.75430023999999996  3.4468000000000001
1387    -6.2385999999999999  0.59700023999999996  3.2212999999999998
1388    -8.4281000000000006  4.0330997000000002  -5.4914002000000002
1389    -8.8980999999999995  -2.2027000999999999  -4.1344000000000003
1390    -3.4199999999999999  2.3474995999999999  -6.1600999999999999
1391    7.4236000000000004  4.9227996000000003  -5.8598002999999999
1392    7.4793000000000003  1.9926997  -3.2697002999999998
1393    2.1686000000000001  5.5519999999999996  -3.0657005000000002
1394    5.7842000000000002  -3.7688003000000001  -3.1590997999999999
1395    -4.4184999999999999  -6.8188003999999998  -6.0671996999999998
1396    0.7762  5.7286004999999998  6.1516995000000003
1397    0.58889999999999998  3.0021005000000001  6.1494
1398    -1.8391999999999999  1.3799995  -6.1043000000000003
1399    -5.3262999999999998  -4.4093003  -6.1564994000000004
1400    -5.2929000000000004  0.92619949999999995  -6.1753999999999998
1401    -3.6783999999999999  -0.74039953999999997  6.1708999999999996
1402    -6.3977000000000004  -2.0792997  3.3384000999999999
1403    -6.4588000000000001  -3.6904998  4.0617003
1404    -2.6535000000000002  -2.2810997999999998  2.2874002
1405    -1.9399  -2.2662  -0.32299983999999998
1406    -1.6087  -2.5678000000000001  -0.95909979999999995
1407    -1.0580000000000001  -2.7873999999999999  -0.33849977999999997
1408    -0.070000000000000007  -5.3974000000000002  -2.9980996000000002
1409    0.52210000000000001  -3.4650002  -2.3102999
1410    3.8641999999999999  -8.6346000000000007  -5.1778994000000003
1411    5.0271999999999997  -6.9873003999999996  -6.0014997000000001
1412    3.1998000000000002  -3.3236005  -6.1719995000000001
1413    5.3605  -3.6351995000000001  6.0990004999999998
1414    6.4873000000000003  -2.9568994000000002  5.9631999999999996
1415    3.0626000000000002  -0.5044999  1.0769
1416    4.0479000000000003  -0.16300021000000001  -2.6905999999999999
1417    3.2239  0.53350012999999996  1.7351000000000001
1418    8.0395000000000003  3.2351996999999999  -3.5902002
1419    6.6230000000000002  4.8221993000000003  -3.3646004
1420    -4.1322999999999999  -1.1577004  -6.1638000000000002
1421    2.1292  3.0373006  6.1696
1422    1.853  5.9533997000000003  -6.1791004999999997
1423    3.3677000000000001  3.1576995999999999  -6.1719999999999997
1424    -1.9527000000000001  -7.4267992999999999  4.6475004999999996
1425    -0.98119999999999996  2.2180004000000002  6.1295000000000002
1426    2.9613  -8.0516000000000005  -3.5272991999999999
1427    -8.4352  1.4512997999999999  -3.5192999999999999
1428    7.5968999999999998  0.50470040000000005  5.5365000000000002
1429    -5.7019000000000002  3.0405004  6.1014999999999997
1430    -3.1227  0.9834001  1.7468998
1431    -2.2858000000000001  -2.2886001999999999  -1.8432999000000001
1432    -6.4554  -0.22159952999999999  6.1018999999999997
1433    4.1673  8.3963999999999999  -5.4531007000000002
1434    -7.3741000000000003  5.0981994000000004  -3.8602004000000001
1435    -0.10929999999999999  0.51740050000000004  6.0331000000000001
1436    -4.8137999999999996  7.3356995999999999  -5.9224005000000002
1437    7.7239000000000004  -0.41910022000000002  -3.2688000000000001
1438    5.0800000000000001  3.2389998000000002  -3.0720003
1439    5.3574999999999999  -4.3535003999999997  -3.1589996999999999
1440    6.8319999999999999  4.4735994000000003  -6.0615005000000002
1441    1.3654999999999999  5.6156005999999996  6.1517996999999998
1442    1.3984000000000001  2.8499004999999999  6.1529999999999996
1443    0.73329999999999995  2.1233995000000001  -6.1022999999999996
1444    -5.4283000000000001  4.3058996  -6.1560005999999996
1445    -4.5422000000000002  3.1571996000000002  -6.1760999999999999
1446    6.6158000000000001  6.6853994999999999  -4.6102004000000001
1447    -6.9375  -2.1403997000000001  3.7829003000000001
1448    -6.7030000000000003  -3.8412994999999999  4.8991002999999997
1449    -3.9430000000000001  -2.7518997000000001  2.9942001999999999
1450    -1.9869000000000001  -2.3816000000000002  1.0588002000000001
1451    -1.591  -2.5516999999999999  0.39350017999999998
1452    -0.60329999999999995  -3.0434000000000001  1.0523001999999999
1453    -0.24679999999999999  -4.1097000000000001  -2.7102997000000002
1454    0.29160000000000003  -3.0263  -1.0449997
1455    3.5771000000000002  -8.4772999999999996  -4.1762996000000001
1456    5.4741999999999997  -7.2546004999999996  -5.7770995999999997
1457    4.7512999999999996  -4.1145005000000001  -6.1789994000000004
1458    4.2023999999999999  -2.9669995  6.1792999999999996
1459    5.9848999999999997  -2.4355996000000002  6.1014999999999997
1460    3.5142000000000002  -0.73929982999999999  2.4039999999999999
1461    4.3586  3.6245995  -6.1767006000000002
1462    3.8529  0.56960016000000002  2.6928000000000001
1463    7.4771000000000001  3.3171997000000002  -3.3594002999999999
1464    5.9310999999999998  4.2961992999999996  -3.2004003999999999
1465    6.2899000000000003  7.0976996000000003  -5.0252004000000001
1466    0.88790000000000002  2.2202004999999998  6.1283000000000003
1467    2.2848999999999999  7.1975993999999996  -6.1340003000000003
1468    1.5122  9.2852999999999994  -5.3449005999999999
1469    7.2085999999999997  2.6550001999999999  4.6623999999999999
1470    -0.028899999999999999  1.1674005000000001  6.0701999999999998
1471    -1.0902000000000001  -3.8434005  -6.1561994999999996
1472    -1.7939000000000001  1.6907004999999999  6.1307999999999998
1473    -3.3252000000000002  -6.4205994999999998  3.7523005
1474    -4.5701000000000001  2.5575003999999999  6.1755000000000004
1475    -3.4371999999999998  1.2880001999999999  2.4860000000000002
1476    -7.3574999999999999  0.88090029999999997  4.0172999999999996
1477    7.9920999999999998  -4.9152006999999998  -5.4454994000000001
1478    4.8879000000000001  7.6601996000000003  -4.0289006000000001
1479    -0.68930000000000002  5.8263999999999996  3.1574996
1480    -3.1303999999999998  8.4510000000000005  -5.8106002999999999
1481    6.8879000000000001  -3.5244002000000001  -3.2690996999999999
1482    1.0451999999999999  -9.3115000000000006  -5.4681997000000004
1483    -3.7791000000000001  -5.7781004999999999  -3.1590995999999998
1484    -6.8155999999999999  -4.4320006000000003  -6.0665994000000003
1485    5.0751999999999997  2.7328005000000002  6.1524000000000001
1486    1.6071  2.0781003999999998  6.1359000000000004
1487    1.5633999999999999  1.1478995000000001  -6.0903999999999998
1488    5.4488000000000003  -4.2907004000000004  -6.1556997000000004
1489    -2.6705999999999999  4.6161994999999996  -6.1752004999999999
1490    -7.3700999999999999  -2.3775995000000001  5.0800000000000001
1491    -6.2047999999999996  -3.5051994  5.9648003999999997
1492    -3.7496999999999998  -3.5789998000000001  3.0607001999999999
1493    -1.8206  -2.7195996999999998  1.7533002
1494    -1.1193  -3.1050996999999998  1.8437003000000001
1495    -0.43930000000000002  -3.4628996999999999  2.2678003000000002
1496    -0.047699999999999999  -3.6019003000000001  -2.3931996999999998
1497    0.2838  -2.9914000000000001  0.26540023000000001
1498    3.5512999999999999  -8.0749999999999993  -3.7214991999999998
1499    5.9394999999999998  -7.3063006000000001  -5.3102993999999999
1500    5.6536999999999997  -5.0223002000000001  -6.1335997999999998
1501    3.0661999999999998  -2.1848996000000001  6.1712999999999996
1502    4.7237999999999998  -2.0344994000000001  6.1792999999999996
1503    4.1276999999999999  -7.6597004000000002  -3.6205995
1504    3.7103999999999999  -0.072099805000000003  2.5238
1505    4.4260000000000002  0.85610025999999995  2.9279999999999999
1506    6.6950000000000003  2.9691996999999999  -3.2004003999999999
1507    5.2340999999999998  3.7647998  -3.1126003
1508    6.1346999999999996  6.9840993999999998  -4.3507004
1509    -6.4726999999999997  4.1778006999999997  4.8149996000000002
1510    2.7193000000000001  8.1978000000000009  -5.9911003000000003
1511    0.89239999999999997  9.3008000000000006  -4.4535003
1512    5.3738999999999999  1.9157995000000001  -6.1768000000000001
1513    9.0234000000000005  -2.5849001  -4.5650000000000004
1514    -0.6583  1.2719994999999999  -6.0705999999999998
1515    2.5872000000000002  1.9756994999999999  -6.1372
1516    1.7048000000000001  7.2535005000000004  4.0916996000000001
1517    -3.4144999999999999  1.5383005000000001  6.1707000000000001
1518    -4.7319000000000004  1.7995002  3.0438998000000002
1519    -7.5911  1.1930003  4.6825999999999999
1520    -6.6769999999999996  6.6195993  -5.3675002999999997
1521    7.4527000000000001  -5.0715003000000003  -3.9293995000000002
1522    2.4453  -5.2012004999999997  -6.1769996000000003
1523    4.8491  -7.5918007000000003  -5.8122996999999996
1524    1.9903999999999999  -7.4781003000000004  -3.2693994000000002
1525    5.5856000000000003  -2.1867003  -3.0693997999999998
1526    -4.3560999999999996  -5.3584002999999996  -3.1591995000000002
1527    -7.2850000000000001  3.6852996  -6.0618005000000004
1528    5.7290000000000001  -0.77779955000000001  6.1516000000000002
1529    2.3315999999999999  2.0724005999999999  6.1512000000000002
1530    2.1149  -0.84540044999999997  -6.1036000000000001
1531    -3.2134999999999998  6.1392993999999996  -6.1559005000000004
1532    4.7107999999999999  3.0271995  -6.1764000000000001
1533    1.9281999999999999  -7.3226994999999997  5.5980005000000004
1534    -6.7992999999999997  -2.1384995  5.9640000000000004
1535    5.1414  2.5695996000000001  -6.1769999999999996
1536    -4.7965  -4.3490995999999997  3.2726001999999998
1537    -2.2328000000000001  -2.7481996999999998  2.3593001
1538    -2.3906000000000001  -3.4477997  2.8210003000000001
1539    -0.86180000000000001  -5.0938999999999997  3.0584004
1540    -0.087800000000000003  -3.2220000999999998  -1.8194996999999999
1541    -2.7671000000000001  -1.9535001999999999  -2.1033998
1542    3.3584999999999998  -7.5390005000000002  -3.3892996000000002
1543    -0.4123  -9.4338999999999995  -4.8105992999999998
1544    6.4156000000000004  -5.7533006999999996  -6.0002994999999997
1545    7.2159000000000004  -6.0474005000000002  -4.6283994000000002
1546    -4.5709  7.2602997  -3.5275004000000001
1547    6.3574000000000002  -1.3302997000000001  3.2776999999999998
1548    4.2899000000000003  0.12820022  2.8626
1549    5.5103  1.2938002  3.1278000000000001
1550    5.9063999999999997  2.6159997000000001  -3.1137001999999998
1551    4.0198999999999998  3.4811996999999999  -2.9860003000000002
1552    6.0246000000000004  6.2243995999999999  -3.5871005
1553    3.1315  5.3939995999999999  -6.1791004999999997
1554    2.6897000000000002  8.8042999999999996  -5.6552005000000003
1555    1.1701999999999999  8.6306999999999992  -3.6284008000000001
1556    -0.35110000000000002  4.6447997000000001  -6.1723002999999999
1557    -3.0059999999999998  -0.75459989999999999  1.0424
1558    -2.1295000000000002  4.0616994000000002  -6.1713003999999998
1559    -5.9481000000000002  -4.8577994999999996  4.6513004000000002
1560    -2.2103000000000002  1.8609994999999999  -6.1272000000000002
1561    -2.1787999999999998  0.98950046000000003  6.1283000000000003
1562    -5.2931999999999997  1.4410002  3.1034000000000002
1563    -7.6788999999999996  0.85030043  5.1867999999999999
1564    4.3242000000000003  -3.2964003000000002  -3.0043997999999998
1565    -4.9043000000000001  -7.6517004999999996  -4.0312995999999996
1566    -7.6595000000000004  0.43120036  4.6199000000000003
1567    3.1576  -8.2363999999999997  -5.9002995
1568    -0.4158  -7.7276005999999997  -3.2693994000000002
1569    3.2395999999999998  -5.0553999999999997  -3.0699995000000002
1570    -4.8731999999999998  4.8910995000000002  -3.1591005000000001
1571    -4.4657999999999998  6.8256993000000001  -6.0629004999999996
1572    5.6153000000000004  -1.3748994999999999  6.1516999999999999
1573    3.0617999999999999  0.30970049999999999  6.1498999999999997
1574    -0.032099999999999997  -2.1008005000000001  -6.0967000000000002
1575    -1.8727  6.6645994000000002  -6.1562004000000004
1576    3.3420999999999998  4.5467997000000002  -6.1765002999999998
1577    -6.0917000000000003  -1.3267004  -6.1791
1578    -6.0773999999999999  -2.1934996  6.1016000000000004
1579    -5.4856999999999996  -3.4099995999999999  6.1019005999999996
1580    -5.3651999999999997  -4.7797995000000002  3.6867006
1581    -3.0981000000000001  -3.9328997000000001  3.0360003
1582    -2.4674  -4.4031000000000002  3.0412002
1583    -1.3293999999999999  -6.3395995999999997  3.2732005000000002
1584    -0.4844  -3.0002  -1.0633998
1585    0.60629999999999995  -4.0415999999999999  2.7751001999999998
1586    2.9702000000000002  -6.6953006000000004  -3.2003995999999999
1587    5.6111000000000004  -7.6235002999999999  -4.8992996
1588    6.8032000000000004  -6.1648006000000004  -5.6910996000000003
1589    -7.7035999999999998  -0.34129965000000001  4.8624999999999998
1590    4.1082999999999998  -6.3599997000000004  5.5991005999999999
1591    7.0236000000000001  -1.5363997  3.6920000000000002
1592    5.4824000000000002  0.19230025000000001  3.1032999999999999
1593    6.1140999999999996  1.3379003  3.2189999999999999
1594    4.9169  2.1976998000000001  -2.9958003
1595    3.7549999999999999  2.8180996999999999  -2.8817002999999999
1596    5.4763000000000002  6.0665994000000003  -3.3565003999999998
1597    3.7328000000000001  6.5648993999999998  -6.1340003000000003
1598    -0.71409999999999996  -3.5581002000000002  -2.4112996999999998
1599    0.85450000000000004  8.1503999999999994  -3.3655007000000001
1600    -0.63249999999999995  6.2228994000000002  -6.1792005999999997
1601    -1.1597999999999999  4.7114997000000001  -6.1731005000000003
1602    -3.1143000000000001  5.3602996000000003  -6.1789002000000002
1603    -1.7436  2.1976995000000001  -6.1239999999999997
1604    -5.0456000000000003  3.7050996  -6.1792005999999997
1605    6.7537000000000003  -3.4392996  5.5878005000000002
1606    -5.8151999999999999  1.7980001999999999  3.1892998000000001
1607    -7.0671999999999997  0.8000005  5.9733000000000001
1608    -8.7596000000000007  3.2281995000000001  -5.4982004
1609    -5.9984000000000002  -7.3147006000000001  -4.9250993999999997
1610    -1.5817000000000001  1.0901004999999999  6.1060999999999996
1611    -8.2284000000000006  -3.2277005000000001  -5.8919997000000004
1612    -7.4847000000000001  -1.9792002  -3.2699997000000001
1613    0.28870000000000001  -5.96  -3.0662994000000001
1614    4.8897000000000004  4.8693995000000001  -3.1588004000000001
1615    3.6438000000000001  7.2213992999999999  -6.0723003999999996
1616    2.7381000000000002  -5.0913997000000002  6.1517004999999996
1617    2.9177  -0.90689949999999997  6.1492000000000004
1618    5.9530000000000003  -7.2687005999999998  -4.5875997999999996
1619    6.1360999999999999  3.2131995999999998  -6.1560005999999996
1620    -4.0415999999999999  -3.5956001  -2.9995997000000001
1621    -7.3753000000000002  -1.6189004  -6.1340000000000003
1622    -4.9545000000000003  -1.6748996  6.1757999999999997
1623    -4.3612000000000002  -2.6603994000000002  6.1791
1624    -5.5563000000000002  -5.1692996000000004  4.3863006000000002
1625    -3.1284000000000001  -4.5998999999999999  3.1141002000000002
1626    -2.2262  -5.1311  3.1178005
1627    -1.536  -7.0211997000000004  3.6891004999999999
1628    -0.1318  -2.9771999999999998  -0.38069975
1629    0.90480000000000005  -4.6356999999999999  2.9753002999999998
1630    2.6457999999999999  -5.9135999999999997  -3.1155995999999999
1631    5.3571999999999997  -7.5778002999999998  -4.3166995000000004
1632    8.8049999999999997  -3.3684002999999998  -4.7072997000000001
1633    -1.8152999999999999  0.71389955000000005  -6.0909000000000004
1634    0.73909999999999998  -0.69509953000000002  6.0613000000000001
1635    7.4481000000000002  -1.4605996999999999  4.3882000000000003
1636    6.0449999999999999  0.058400243999999997  3.1831
1637    6.7691999999999997  1.4233003  3.4510000000000001
1638    4.4284999999999997  1.6374998000000001  -2.8905002999999998
1639    3.4468999999999999  2.1865996999999999  -2.6998003000000002
1640    4.9088000000000003  5.4346994999999998  -3.2003005
1641    4.1721000000000004  7.4665995000000001  -6.0086006999999997
1642    2.6221000000000001  7.7616997000000003  -3.3663006000000002
1643    0.77639999999999998  7.2833996000000001  -3.2005005
1644    -0.83660000000000001  7.5140995999999998  -6.1337004000000004
1645    -2.0312000000000001  5.9517993999999996  -6.1790003999999996
1646    -3.8214999999999999  6.5192994999999998  -6.1338005000000004
1647    -3.0188999999999999  3.5244993999999998  -6.1722007000000003
1648    -6.1407999999999996  4.4036993999999998  -6.1338005000000004
1649    -1.2735000000000001  0.94239949999999995  -6.0766
1650    -6.3602999999999996  2.0709002000000001  3.3257997000000001
1651    5.6264000000000003  -1.1252005  -6.1769999999999996
1652    -5.6494999999999997  0.27869951999999998  -6.1765999999999996
1653    3.4796  2.5960996000000001  -6.165
1654    2.6273  -2.6343996999999999  2.5350003000000001
1655    -5.5814000000000004  6.8535994999999996  -5.8919005000000002
1656    3.4790999999999999  6.9920992999999996  -3.2817004000000001
1657    -7.2805  -2.1551998000000001  4.4024999999999999
1658    4.8730000000000002  -4.8909006000000002  -3.1590995999999998
1659    7.2401999999999997  -3.6838004999999998  -6.0674995999999997
1660    -0.77380000000000004  -5.7295995  6.1516004000000004
1661    2.6463999999999999  -1.5883995  6.1501999999999999
1662    -7.3475999999999999  5.8327993999999999  -4.5559006000000002
1663    6.6764000000000001  1.8914994999999999  -6.1555999999999997
1664    1.0270999999999999  -4.7873006  -6.1732993
1665    -8.4428000000000001  -1.7351004999999999  -5.9992999999999999
1666    -3.4384999999999999  -1.4614996  6.1704999999999997
1667    -3.0998999999999999  -2.1026994999999999  6.1707999999999998
1668    -5.7504999999999997  -5.1882997  5.0249003999999999
1669    -3.5274999999999999  -4.9639996999999996  3.1896005000000001
1670    -2.5278999999999998  -5.7274995000000004  3.2192004000000001
1671    -1.4596  -7.4478992999999996  4.3872004000000002
1672    0.024799999999999999  -3.1623999999999999  1.3237002
1673    1.2267999999999999  -5.3977000000000004  3.1098005999999998
1674    3.9388000000000001  4.1341995999999996  -6.1768003
1675    5.1676000000000002  -7.1683006000000002  -3.7348995
1676    6.9794999999999998  -6.3830004000000002  -5.1742996999999997
1677    3.9984000000000002  -2.3678005  -6.1722000000000001
1678    0.50470000000000004  -7.5968995000000001  5.5365004999999998
1679    7.5773999999999999  -1.6034997  5.0251000000000001
1680    6.6974999999999998  0.0052002515000000001  3.3279000000000001
1681    2.0099999999999998  2.5425005000000001  6.1551
1682    3.7185999999999999  1.6332997  -2.6924001999999998
1683    2.7989000000000002  2.1298997000000002  -2.3303003000000002
1684    4.3339999999999996  4.7850999999999999  -3.1134005
1685    2.6840999999999999  -3.8581004000000001  -6.1724997000000004
1686    2.2747999999999999  6.9621997000000002  -3.2005005
1687    0.68759999999999999  6.4382000000000001  -3.1152004999999998
1688    -0.77259999999999995  8.8096999999999994  -5.8923006000000004
1689    -2.3824000000000001  7.1679997000000002  -6.1339005999999996
1690    -4.3375000000000004  7.4242996999999997  -6.0028005000000002
1691    -4.2640000000000002  4.6082996999999999  -6.1793003000000004
1692    -6.9820000000000002  5.2209997000000001  -5.9516005999999999
1693    -2.4889999999999999  1.4068996  -6.1260000000000003
1694    -7.2066999999999997  2.6243002  4.6116999999999999
1695    -6.4382999999999999  0.45540044000000002  6.1026999999999996
1696    -4.1967999999999996  8.0808999999999997  -4.0543003000000004
1697    0.94710000000000005  -3.1253004  -6.1375000000000002
1698    1.7942  -2.9916003  -2.2793999
1699    7.0704000000000002  5.5964993999999999  -5.8082003999999996
1700    -3.5246  -6.8868003  -3.2689995999999999
1701    -5.0369999999999999  -3.2095003000000002  -3.0668997999999998
1702    -4.8907999999999996  -4.8747005000000003  -3.1591995000000002
1703    4.4275000000000002  -6.7715006000000004  -6.0720996999999999
1704    -1.3648  -5.6159996999999997  6.1517004999999996
1705    2.4782000000000002  -2.0902995999999998  6.1551
1706    -7.8535000000000004  5.2365994000000002  -4.7836002999999998
1707    3.2164999999999999  -6.1405004999999999  -6.1557994000000003
1708    3.9521000000000002  -2.9933003999999999  -6.1736000000000004
1709    -8.9427000000000003  -2.0614004000000001  -5.6890000000000001
1710    -2.3189000000000002  3.4726995999999999  -6.1608004999999997
1711    -1.9247000000000001  -1.4568995  6.1292
1712    -5.3383000000000003  -4.7316995000000004  5.9610003999999996
1713    -3.9039999999999999  -5.4016995000000003  3.3199005000000001
1714    -2.8721999999999999  -6.3055997000000001  3.4591004999999999
1715    -1.601  -7.5774993999999998  5.0229005999999998
1716    -1.1308  -5.7199999999999998  3.1523004000000001
1717    1.3283  -6.1172995999999999  3.2191005000000001
1718    1.6308  -3.6629002000000002  -2.6683998
1719    4.843  -6.6796002000000003  -3.3883996000000001
1720    6.7202999999999999  -6.2906003000000004  -4.1815996000000002
1721    5.4649999999999999  -3.1048005000000001  -6.1791999999999998
1722    -3.4146000000000001  -6.7667994  5.5871005
1723    6.9659000000000004  -1.5377995  5.9608999999999996
1724    7.2603999999999997  -0.078199714000000003  3.7822
1725    7.2876000000000003  1.5026003000000001  4.0663
1726    3.1798000000000002  1.5585001999999999  2.3592
1727    2.7191999999999998  1.7147999  -1.7905002000000001
1728    3.7231000000000001  4.0304000000000002  -3.0117001999999999
1729    5.1417999999999999  7.8714994999999996  -5.3678007000000001
1730    1.9993000000000001  6.1351000000000004  -3.1130003999999998
1731    0.76219999999999999  5.4813000000000001  -3.0195004999999999
1732    -1.3026  9.2594999999999992  -5.4811006000000004
1733    -2.7488999999999999  8.0869999999999997  -6.0103005999999999
1734    -4.7416  7.8793993000000002  -5.6666007
1735    -5.0903999999999998  5.5787997000000003  -6.1340003000000003
1736    -7.5674999999999999  5.2654996000000001  -5.6388005999999997
1737    -4.2117000000000004  1.9551995  -6.1722000000000001
1738    -7.3545999999999996  2.3722004999999999  5.1826999999999996
1739    -5.2134999999999998  0.48190048000000002  6.1755000000000004
1740    8.1003000000000007  3.8497998999999998  -3.8656003000000001
1741    -8.4724000000000004  -4.2072004999999999  -4.9212994999999999
1742    3.5958000000000001  0.41249982000000002  -2.4045999999999998
1743    -6.8525999999999998  -5.5788007000000004  -5.8929995999999996
1744    -4.8585000000000003  6.0220995000000004  -3.2692006
1745    -5.8869999999999996  0.92749979999999999  -3.0655999999999999
1746    -3.7509999999999999  5.7983994000000001  -3.1593005999999999
1747    -3.7090999999999998  -7.3083004999999996  -6.0573997000000004
1748    -5.0751999999999997  -2.7327995  6.1524000000000001
1749    0.64839999999999998  -2.9520995999999999  6.1482000000000001
1750    2.1219000000000001  0.082999534999999999  -6.0975999999999999
1751    1.8759999999999999  -6.6583003999999999  -6.1563996999999997
1752    2.9758  -4.6187005000000001  -6.1758994999999999
1753    -4.5689000000000002  -0.46570048000000003  -6.1712999999999996
1754    5.7206000000000001  -0.30690046999999998  -6.1768999999999998
1755    -6.4474  4.0458007  5.5397996999999997
1756    -4.6566999999999998  -4.4809995000000002  6.1014004000000002
1757    -4.2289000000000003  -5.8445996999999998  3.7206003999999999
1758    -5.3617999999999997  5.3771005000000001  5.5657997000000003
1759    -1.5373000000000001  -6.9664992999999997  5.9607004999999997
1760    -0.1739  -5.0854999999999997  3.0474005000000002
1761    1.4217  -6.7728995999999997  3.4530004999999999
1762    1.2946  -2.6892999999999998  -0.26649980000000001
1763    4.2965999999999998  -5.9318004000000002  -3.2003995999999999
1764    6.5288000000000004  -5.9323005999999996  -3.7214993999999999
1765    6.5650000000000004  -3.7331004000000001  -6.1339993000000002
1766    0.2135  -4.5717999999999996  2.9437003000000002
1767    6.3632  -1.1348995  6.1012000000000004
1768    7.6124999999999998  -0.14229965  4.4541000000000004
1769    7.5632999999999999  1.5760003  4.9019000000000004
1770    5.9290000000000003  2.6572003  3.2780998000000001
1771    2.6099000000000001  1.4641999999999999  -0.51450013999999999
1772    3.2677999999999998  3.4977999  -2.9046001000000001
1773    4.5883000000000003  8.1363000000000003  -4.4486002999999998
1774    1.2633000000000001  4.9824999999999999  -2.9592003999999998
1775    0.62329999999999997  4.7023999999999999  -2.8967000999999999
1776    -0.065600000000000006  4.1733000000000002  2.8112998
1777    -2.6067999999999998  8.9283000000000001  -5.5401005999999997
1778    -3.8319999999999999  0.079099535999999998  -6.1520000000000001
1779    -5.8569000000000004  6.3214993000000002  -5.9988003000000001
1780    -7.5499999999999998  5.3629993999999996  -4.2719006999999998
1781    -5.7381000000000002  2.4614995  -6.1791
1782    -6.7454999999999998  2.2263004999999998  5.9790999999999999
1783    -3.7551000000000001  0.037200466000000001  6.1710000000000003
1784    4.1710000000000003  -8.0883000000000003  -4.0473995
1785    -8.7757000000000005  3.5269995000000001  -4.9062004000000004
1786    -3.0249999999999999  -4.0366005999999999  -6.1739993000000002
1787    -2.3508  8.5152000000000001  -5.8944006
1788    6.0212000000000003  4.8629993999999996  -3.2696003999999999
1789    0.93289999999999995  6.0015000000000001  -3.0768005999999999
1790    5.7952000000000004  3.7466998  -3.1588001000000001
1791    -1.2891999999999999  8.0937000000000001  -6.0574006999999996
1792    -5.7775999999999996  0.17440046000000001  6.1516999999999999
1793    -0.58799999999999997  -3.0047996000000001  6.1494
1794    1.6501999999999999  -1.6128005000000001  -6.1047000000000002
1795    -6.1361999999999997  -3.2252003999999999  -6.1557994000000003
1796    -9.2769999999999992  1.8988997000000001  -4.9272
1797    -8.0327999999999999  -1.6100003000000001  -3.3662999
1798    -4.7210999999999999  -1.4396005000000001  -6.1734999999999998
1799    4.1570999999999998  2.2158997  -2.8871001999999999
1800    -3.7879999999999998  -3.4905995999999999  6.1792005999999997
1801    -4.5307000000000004  -6.1137996000000001  4.4356002999999999
1802    -3.0686  -6.7862996999999998  4.0781007000000002
1803    -1.1338999999999999  -6.3632993999999998  6.1012006000000003
1804    0.15049999999999999  -5.5951000000000004  3.1188004
1805    3.4056999999999999  -6.7625995000000003  5.5988007
1806    1.2735000000000001  -2.8395000000000001  1.1072002999999999
1807    3.7885  -5.2408000000000001  -3.1143993999999999
1808    6.1345000000000001  -5.5211005000000002  -3.3892996000000002
1809    7.4330999999999996  -4.3306003000000004  -6.0022992999999998
1810    1.1274999999999999  -3.2619997999999999  2.1789002000000002
1811    5.0423  -1.0102996  6.1792999999999996
1812    7.7157  -0.091499603999999998  5.2332999999999998
1813    4.3627000000000002  -0.80220049999999998  -6.1673999999999998
1814    6.6056999999999997  2.8614001  3.7050998000000002
1815    2.6909000000000001  1.5511001  1.0627998999999999
1816    -4.6908000000000003  0.59089977000000005  -2.8917999999999999
1817    4.5247000000000002  7.3606996999999996  -3.5657005000000002
1818    1.8332999999999999  4.4160000000000004  -2.9040002999999999
1819    0.50690000000000002  3.5790997  -2.4034002000000001
1820    -1.0823  9.2363999999999997  -4.3587002999999997
1821    -2.9590999999999998  8.8516999999999992  -4.4302006
1822    -4.0635000000000003  7.6587996  -3.5937003999999999
1823    -6.1642000000000001  6.7905993000000002  -5.7020005999999999
1824    -6.8154000000000003  5.3482995000000004  -3.5879004000000001
1825    -6.9249999999999998  3.0278995000000002  -6.1337000000000002
1826    -6.2054  1.7823005000000001  6.1024000000000003
1827    -2.6751999999999998  6.9910006999999998  4.1573997
1828    -8.1172000000000004  -3.9230003  -3.9305997000000001
1829    -2.8431000000000002  1.8639995  -6.1409000000000002
1830    2.3515000000000001  2.6286998000000001  -2.3411002000000001
1831    8.7121999999999993  2.2297994999999999  -5.8197000000000001
1832    4.8600000000000003  -6.0219006999999998  -3.2693994000000002
1833    -1.2246999999999999  2.7315  -0.096500210000000003
1834    3.7511999999999999  -5.7984004000000002  -3.1592996000000002
1835    8.0517000000000003  1.3049995000000001  -6.0629
1836    -1.6233  5.5475006000000002  6.1516995000000003
1837    -1.3957999999999999  -2.8518995999999999  6.1529999999999996
1838    0.69640000000000002  -2.2082004999999998  -6.1048999999999998
1839    -6.6599000000000004  -1.8669004  -6.1563999999999997
1840    -3.7814999999999999  -4.0454005999999998  -6.1760992999999997
1841    -7.1669  -1.5110003000000001  -3.2004999999999999
1842    6.4657999999999998  -4.1885995999999999  4.8156004000000001
1843    -2.2029999999999998  3.2248003000000001  2.6969997999999999
1844    -2.7429999999999999  -2.7297994999999999  6.1726000000000001
1845    -4.5938999999999997  -6.2002997000000004  5.2353005000000001
1846    -3.0767000000000002  -7.0834994  4.8942002999999996
1847    -0.99919999999999998  -5.1387996999999999  6.1755003999999998
1848    0.058900000000000001  -6.1009994000000001  3.1912004999999999
1849    1.5023  -7.2879996  4.0668005999999997
1850    1.5547  -4.6986999999999997  3.0246002999999999
1851    3.1394000000000002  -4.4267000000000003  -3.0024997999999998
1852    5.4360999999999997  -4.9085007000000003  -3.2003995999999999
1853    8.0263000000000009  -4.3356003999999997  -5.7494993000000001
1854    4.1887999999999996  -1.6279005  -6.1688999999999998
1855    1.2587999999999999  -8.5130999999999997  -3.5384994000000001
1856    7.2195999999999998  -0.037099550000000002  5.9114000000000004
1857    6.9865000000000004  1.4222003999999999  5.9630000000000001
1858    6.9333  3.1354003000000001  4.4313000000000002
1859    2.7071999999999998  1.8464001000000001  1.7668998
1860    2.4022999999999999  1.8909999  -1.1922001
1861    4.1024000000000003  6.9485992999999997  -3.3255005
1862    1.4480999999999999  3.7469996999999999  -2.6773001999999999
1863    0.68920000000000003  2.9628999999999999  -1.0776002
1864    -0.59199999999999997  8.6464999999999996  -3.5909007000000002
1865    -2.4451999999999998  8.3503000000000007  -3.6205007999999999
1866    -4.0785  7.0898994999999996  -3.3592005
1867    2.5463  3.8077002000000002  2.9444997000000002
1868    -6.6073000000000004  4.8192997000000002  -3.3588003999999998
1869    -7.8623000000000003  3.4776994999999999  -6.0031004000000001
1870    -5  1.5546005000000001  6.1755000000000004
1871    -0.27579999999999999  7.4857006000000004  4.1651997999999999
1872    -6.1801000000000004  6.5221996000000004  -3.8881003999999999
1873    -2.5133999999999999  -9.1181999999999999  -4.9151997999999999
1874    5.0970000000000004  -2.8494997  3.1535003000000001
1875    -8.4911999999999992  -2.2955005000000002  -5.9119999999999999
1876    -6.0209000000000001  -4.8619003000000003  -3.2693994000000002
1877    -1.0992  -5.8865999999999996  -3.0681995999999998
1878    -5.7934999999999999  -3.7510002  -3.1588997999999999
1879    1.2907  -7.9859004000000002  -6.0721993000000003
1880    0.1731  5.7785006000000001  6.1516995000000003
1881    -1.6024  -2.0910994999999999  6.1360999999999999
1882    -1.6497999999999999  -1.0716003999999999  -6.0914999999999999
1883    -6.5010000000000003  2.4052994000000001  -6.1558999999999999
1884    3.1328  0.27659988000000002  -1.5188999999999999
1885    -6.3251999999999997  -1.3329002999999999  -3.1141999999999999
1886    -2.9535999999999998  -0.8726005  -6.1326999999999998
1887    2.6638000000000002  9.0639000000000003  -5.1916003000000002
1888    -4.1173000000000002  -6.5155997000000001  4.8351006999999999
1889    -4.2705000000000002  -5.8204994000000001  5.9118003999999997
1890    -2.9497  -6.4925994999999999  5.9623002999999999
1891    -0.56989999999999996  -8.5596999999999994  -3.5271992999999999
1892    0.0068999999999999999  -6.7272996999999997  3.3387004999999998
1893    1.5760000000000001  -7.5632997  4.9019003000000003
1894    2.2498999999999998  -4.7182000000000004  3.0668004
1895    2.2974000000000001  -3.2935002  -2.6747996999999999
1896    4.7907000000000002  -4.3345000000000002  -3.1137997999999998
1897    8.3481000000000005  -4.3717002999999997  -5.2812995999999996
1898    6.0189000000000004  -1.8226005000000001  -6.1788999999999996
1899    2.4434999999999998  -0.18809952999999999  6.1303999999999998
1900    6.4705000000000004  0.22340046  6.0993000000000004
1901    6.2739000000000003  1.5474005  6.1014999999999997
1902    7.1024000000000003  3.0710006000000001  5.0998999999999999
1903    2.8079000000000001  2.1379003999999999  2.3461997999999999
1904    2.2086999999999999  2.4649003  1.8562997999999999
1905    3.7141000000000002  6.4027995999999998  -3.2094003999999998
1906    1.0250999999999999  3.3556998  -2.3149001999999999
1907    0.59850000000000003  2.9481000000000002  0.36069980000000001
1908    -0.84419999999999995  8.1363000000000003  -3.3595006000000001
1909    -2.5396000000000001  7.7890997000000004  -3.3646004
1910    -3.6528999999999998  6.3483995999999996  -3.2004006
1911    -6.3288000000000002  6.8536997  -4.4241004000000004
1912    -5.9188000000000001  4.3137993999999997  -3.2004003999999999
1913    -8.2950999999999997  3.6424994000000002  -5.7928004
1914    -3.6667999999999998  0.80650049999999995  6.1710000000000003
1915    -0.26469999999999999  7.6753005999999999  4.6440996999999999
1916    5.8240999999999996  6.8091993000000004  -3.8546003999999998
1917    2.6800999999999999  3.9252994000000001  -6.1727004000000001
1918    5.3296000000000001  2.4640002000000001  3.1581997999999998
1919    -8.2964000000000002  3.1212995000000001  -5.8800999999999997
1920    -1.2000999999999999  7.6451992999999998  -3.2694003999999999
1921    -5.7594000000000003  1.5671997  -3.0665
1922    -6.9010999999999996  -0.34960023000000001  -3.1597
1923    -7.9896000000000003  -1.2862005000000001  -6.0717999999999996
1924    5.5496999999999996  1.6166005000000001  6.1516999999999999
1925    -2.3292000000000002  -2.0752994999999999  6.1512000000000002
1926    -1.1748000000000001  1.7863994999999999  -6.0982000000000003
1927    2.4007999999999998  6.4826993999999996  -6.1565003000000003
1928    -1.8992  -4.5269003000000003  -6.1733994000000001
1929    -5.4123999999999999  -1.1361003000000001  -3.0179999999999998
1930    -3.9712000000000001  -1.8704004000000001  -6.1661999999999999
1931    -3.8087  -2.6213004999999998  -6.1721000000000004
1932    -3.4428000000000001  -3.3825004000000001  -6.1729994000000001
1933    -3.6198999999999999  -5.3658995999999997  6.0996002999999996
1934    -2.4331  -5.9849997000000004  6.1017003000000001
1935    -0.0252  -2.4321994999999998  6.1298000000000004
1936    -0.077899999999999997  -7.2617992999999998  3.7839005000000001
1937    1.4221999999999999  -6.9864993000000002  5.9630003
1938    2.6509999999999998  -5.9172997000000001  3.2748005
1939    2.4146000000000001  -2.5957002999999998  -2.3546999
1940    3.9203000000000001  -3.7152002  -2.9988996999999999
1941    8.2175999999999991  -4.6958003000000001  -4.8862996000000001
1942    7.2069000000000001  -2.2884004  -6.1336000000000004
1943    5.1424000000000003  0.059900465999999999  6.1792999999999996
1944    5.0156999999999998  1.1251005000000001  6.1792999999999996
1945    6.5376000000000003  2.8352005  5.9649999999999999
1946    3.0463  2.5961002999999998  2.7384998999999999
1947    2.4354  2.7277002000000001  2.4683997999999998
1948    3.2467000000000001  5.5904999999999996  -3.1142006000000002
1949    1.1681999999999999  2.9780997999999999  -1.7313002
1950    0.5635  3.2302002999999999  1.7763997
1951    -0.75509999999999999  7.2847996000000004  -3.2004006
1952    -2.2541000000000002  6.9686994999999996  -3.2004006
1953    -3.2320000000000002  5.6155999999999997  -3.1156006000000001
1954    -5.5613000000000001  6.6487993999999997  -3.5921004000000001
1955    -5.2205000000000004  3.8111997  -3.1141002000000002
1956    4.7183000000000002  -2.0496004000000001  -6.1744000000000003
1957    -0.38109999999999999  -3.8636005  -6.1531997
1958    7.4984000000000002  -1.1984996000000001  5.5658000000000003
1959    6.3874000000000004  6.4658994999999999  -4.0318002999999996
1960    -5.0462999999999996  -0.059699769999999999  3.0411000000000001
1961    0.50770000000000004  0.10890046  6.0324999999999998
1962    3.1589999999999998  8.4872999999999994  -5.7899003000000002
1963    7.6494  1.1956998000000001  -3.27
1964    1.4811000000000001  5.7073999999999998  -3.0594006
1965    -0.34889999999999999  6.8948993999999999  -3.1591005000000001
1966    -2.9235000000000002  7.5420995  -6.0723003999999996
1967    5.6894  1.0278004000000001  6.1516000000000002
1968    -3.0568  -0.30529951999999999  6.1497000000000002
1969    1.4794  1.8583995  -6.1073000000000004
1970    6.4989999999999997  -2.3953004  -6.1559999999999997
1971    4.4645999999999999  -0.97529980000000005  2.9411
1972    3.9788999999999999  -1.2529998  2.8098999999999998
1973    -5.6723999999999997  -2.6445004999999999  -6.1791999999999998
1974    -5.0523999999999996  -3.6593005999999999  -6.1790995999999998
1975    -4.1120999999999999  -4.7354006999999996  -6.1792993999999997
1976    -2.9861  -4.2621994000000001  6.1769004000000001
1977    -2.0204  -4.7185993000000002  6.1792005999999997
1978    -0.4884  -2.6416004000000002  -6.1193999999999997
1979    -0.14230000000000001  -7.6124996999999999  4.4542003000000001
1980    1.1042000000000001  9.4145000000000003  -5.0047006999999999
1981    2.8613  -6.6045995  3.7037005000000001
1982    1.6354  -2.5516999999999999  -0.97049980000000002
1983    -1.2010000000000001  -5.6195006000000003  -6.1769996000000003
1984    7.9694000000000003  -4.7566004  -4.3194995
1985    8.1875  -2.6496005  -6.0019999999999998
1986    1.399  -0.27590045000000002  -6.0702999999999996
1987    5.4744000000000002  6.5799994000000002  -3.5194003999999999
1988    -5.4828999999999999  -6.6324005000000001  -3.5382996000000002
1989    5.8133999999999997  2.8165003999999998  6.1018999999999997
1990    4.3013000000000003  3.2495002999999998  3.0895997999999998
1991    2.7490000000000001  3.0893001999999998  2.7940998000000001
1992    2.8325  4.7462999999999997  -3.0180004
1993    1.3686  2.7088000000000001  -1.0169002
1994    0.70440000000000003  4.4156000000000004  2.9204998
1995    -0.66339999999999999  6.4237000000000002  -3.1135006000000001
1996    -2.0097999999999998  6.1380999999999997  -3.1136005
1997    -2.6086  4.9443999999999999  -3.0282003999999998
1998    -5.4622000000000002  6.0875997999999996  -3.3591006000000001
1999    -4.4448999999999996  3.2620996999999998  -3.0155002999999998
2000    -8.5119000000000007  3.8142998000000001  -4.4115004999999998
2001    -7.2031999999999998  -2.6627998000000002  4.6467999999999998
2002    -7.5481999999999996  -0.051600463999999999  -6.1341000000000001
2003    6.1646000000000001  -6.5142007  -3.8657994000000002
2004    4.3467000000000002  8.4048999999999996  -4.9428004999999997
2005    2.1221000000000001  2.3371993999999998  -6.1345999999999998
2006    8.2316000000000003  -3.1644006  -5.9011993
2007    1.2009000000000001  -7.6463003  -3.2695994000000002
2008    5.7991000000000001  -1.5482001999999999  -3.0697999999999999
2009    6.8673999999999999  0.35419977000000002  -3.1562999999999999
2010    7.5880999999999998  2.9182994  -6.0666000000000002
2011    5.7803000000000004  -0.17419954000000001  6.1516000000000002
2012    -3.1539000000000001  0.33770050000000001  6.1528
2013    0.72519999999999996  5.6546992999999999  -6.1768003
2014    -2.3948  -6.4940004  -6.1561994999999996
2015    -2.222  4.3754999999999997  -2.9235003000000002
2016    -2.9588000000000001  -1.3698001  -1.8841999
2017    -6.8784999999999998  -3.1185005000000001  -6.1338999999999997
2018    -6.0885999999999996  -4.4814005000000003  -6.1336994000000002
2019    -5.0164999999999997  -5.6474004000000004  -6.1338996999999997
2020    -2.1286  -3.0375996000000001  6.1696
2021    -0.59099999999999997  -1.0155995  6.0705999999999998
2022    -0.70340000000000003  -4.5134005999999998  -6.1707996999999999
2023    -0.091499999999999998  -7.7156997  5.2333007
2024    1.548  -6.2737993999999997  6.1015005000000002
2025    3.1355  -6.9330996999999996  4.4311004000000001
2026    1.5822000000000001  -2.5613000000000001  0.41760017999999999
2027    2.1724000000000001  -2.4093996999999998  1.6292002000000001
2028    7.6356999999999999  -4.4531007000000002  -3.7374996999999999
2029    8.6964000000000006  -2.8531005  -5.7244000000000002
2030    -0.3831  3.0013995000000002  -6.1313000000000004
2031    5.9800000000000004  -6.1500006000000003  -3.5269995000000001
2032    1.9233  7.4394007000000002  4.6782994000000002
2033    4.6462000000000003  2.1213004999999998  6.1791
2034    4.8612000000000002  3.5887003000000002  3.1825998000000002
2035    2.0196000000000001  -3.7173004000000001  -6.1621994999999998
2036    2.5726  4.0914000000000001  -2.9121003000000001
2037    1.0053000000000001  2.8075000000000001  -0.34320020000000001
2038    0.47639999999999999  5.6261000000000001  3.1257994
2039    -0.55379999999999996  5.3487999999999998  -2.9945004000000002
2040    -1.9023000000000001  5.0293000000000001  -2.9955006000000002
2041    -1.4006000000000001  2.9631002  1.7666998
2042    -4.8925999999999998  5.4500995000000003  -3.2004006
2043    -3.4459  3.3098998000000002  -2.9036002000000001
2044    -7.7784000000000004  3.8226998000000001  -3.5912004
2045    -4.4142999999999999  1.1808995  -6.1708999999999996
2046    -8.5480999999999998  -0.10980046  -6.0092999999999996
2047    -5.8193000000000001  -6.8848003999999996  -3.9294996000000002
2048    1.7017  -3.3250997  2.5494002999999998
2049    -7.1238000000000001  2.1381000999999999  4.0689000000000002
2050    -3.1067  -8.3420000000000005  -5.8624996999999999
2051    -7.6436999999999999  -1.1964003000000001  -3.2690999999999999
2052    -2.6535000000000002  3.9148996  -6.1726003
2053    0.34889999999999999  -6.8949002999999998  -3.1590995999999998
2054    2.9401999999999999  -7.6443004999999999  -6.0581994000000003
2055    1.6197999999999999  -5.5495995999999996  6.1517004999999996
2056    -0.064799999999999996  3.1661005000000002  6.1526994999999998
2057    -6.7144000000000004  1.7240994999999999  -6.1558000000000002
2058    -0.90159999999999996  3.5761995  -6.1483005999999998
2059    4.8834  -1.3603004000000001  -6.1741000000000001
2060    -6.7442000000000002  3.4060003999999999  5.6233997000000002
2061    -7.7568000000000001  -3.5772004000000002  -6.0101994999999997
2062    -7.2430000000000003  -5.0720004999999997  -5.8927994000000004
2063    -5.6344000000000003  -6.4311004000000001  -6.0089993000000002
2064    -0.876  -2.2360994999999999  6.1288
2065    0.18809999999999999  3.2120996000000002  -6.1363006000000002
2066    -0.60060000000000002  -6.1102004000000001  -6.1786994999999996
2067    -0.037100000000000001  -7.2195996999999998  5.9114003000000004
2068    1.1673  -5.1040998000000002  6.1755003999999998
2069    3.0710000000000002  -7.1023993000000001  5.0999002000000004
2070    3.8288000000000002  -3.5075004000000001  -6.1745995999999996
2071    3.9392999999999998  -3.6025999  3.0819000999999999
2072    7.1406000000000001  -4.1326003  -3.3882997000000001
2073    -3.5535999999999999  -1.3554997  2.6160000000000001
2074    6.2850999999999999  -0.62560046000000002  -6.1780999999999997
2075    5.9484000000000004  4.8575005999999998  4.6514996999999996
2076    -3.3816000000000002  -4.6837005999999999  -6.1770997000000003
2077    -7.9631999999999996  3.1935997  -3.5276003
2078    5.4142000000000001  3.9391003000000002  3.3273997
2079    3.6928999999999998  4.2679  3.1253997999999998
2080    2.0017  3.7033996999999999  -2.7376003
2081    1.3444  2.6888999999999998  0.3819998
2082    0.6139  6.2228003000000003  3.2175995999999998
2083    -0.1603  4.7135999999999996  -2.8888001000000001
2084    -1.4651000000000001  4.4813000000000001  -2.8868003
2085    -1.6409  3.6164002000000002  2.7238997999999999
2086    -4.3133999999999997  4.8131000000000004  -3.1141005000000002
2087    -3.0569000000000002  2.4696999000000002  -2.6180002999999998
2088    -7.4653999999999998  3.3404999000000002  -3.3591003000000001
2089    -6.1002000000000001  1.3149995999999999  -6.1791
2090    4.2660999999999998  1.6757002000000001  2.9451996999999999
2091    -6.4035000000000002  -6.4659003999999998  -4.0469995000000001
2092    1.8217000000000001  3.5507002000000001  2.7339997
2093    9.4304000000000006  0.30119962  -5.2385000000000002
2094    -6.0042  4.8804993999999997  -3.2692006
2095    -3.7305999999999999  4.6566000000000001  -3.0663002000000001
2096    -2.4676  6.4490995  -3.1592004
2097    -1.6748000000000001  0.51380049999999999  6.0979999999999999
2098    -7.6041999999999996  -2.9503005  -6.0629
2099    -0.1691  -5.7805996000000004  6.1516004000000004
2100    2.6844000000000001  1.4748005  6.1494999999999997
2101    -3.8336000000000001  5.7602997  -6.1563005000000004
2102    1.3741000000000001  3.5163996000000002  -6.1506004000000001
2103    2.6962000000000002  -2.2129004000000001  -6.1432000000000002
2104    5.1379999999999999  -2.5381005000000001  -6.1768999999999998
2105    7.3014999999999999  2.1288002000000001  4.4383999999999997
2106    -7.3771000000000004  -5.7487006000000003  -5.4792994999999998
2107    -6.6252000000000004  -6.6180005  -5.4633994000000001
2108    -0.93310000000000004  -1.1578004  -6.0728999999999997
2109    7.6933999999999996  0.41340035000000003  4.8190999999999997
2110    -0.74319999999999997  -7.5196003999999999  -6.1337995999999997
2111    0.224  -6.4704994999999998  6.0993003999999997
2112    -7.1207000000000003  4.7784996  -3.5259003999999998
2113    2.8351999999999999  -6.5376997000000001  5.9650005999999998
2114    -2.7681  3.5378002999999998  2.9248997999999999
2115    4.6403999999999996  -4.1562995999999996  3.2115002000000001
2116    6.3376999999999999  -3.6711000999999999  -3.2003998999999999
2117    -9.3094000000000001  1.3900996000000001  -4.6254
2118    7.5134999999999996  -0.73740050000000001  -6.1340000000000003
2119    2.6661000000000001  -0.16620045999999999  -6.1188000000000002
2120    1.5168999999999999  0.44349957000000001  -6.0765000000000002
2121    -1.556  5.3842998  -6.1764007000000003
2122    5.9154999999999998  4.2047005000000004  3.7779999000000002
2123    4.1571999999999996  4.6735005000000003  3.2179997
2124    -3.3906999999999998  3.7362003000000001  3.0405997999999999
2125    1.0128999999999999  2.9462999999999999  1.1456997
2126    0.73119999999999996  6.8496002999999996  3.4338996000000002
2127    -0.42509999999999998  4.0606  -2.6985001999999998
2128    -1.0259  3.9302997999999998  -2.6939003000000001
2129    -2.2143000000000002  3.8861002999999998  2.9196996999999998
2130    -3.5790999999999999  4.0446999999999997  -2.9984001999999998
2131    -2.7309999999999999  2.1550999000000002  -2.2663001999999999
2132    -6.6863000000000001  2.9888997000000002  -3.2004003999999999
2133    -7.4038000000000004  1.5255995  -6.1337000000000002
2134    -9.3383000000000003  -0.084100335999999998  -4.4428000000000001
2135    -9.0745000000000005  0.40549970000000002  -4.0244999999999997
2136    -8.7379999999999995  -3.6333004999999998  -4.9260992999999997
2137    -1.8414999999999999  2.3643999999999998  0.096599825
2138    4.8818000000000001  5.9987992999999999  -3.2686004999999998
2139    4.6548999999999996  3.6254997000000002  -3.0597002999999998
2140    6.4497999999999998  2.4623997000000002  -3.1591003
2141    -1.3913  2.9324995999999999  -1.8606001999999999
2142    -5.7408999999999999  5.6999993  -6.0721005999999997
2143    -5.5496999999999996  -1.6166996  6.1516999999999999
2144    3.0276999999999998  0.94630049999999999  6.1528999999999998
2145    -1.1536999999999999  6.8220996999999999  -6.1563005000000004
2146    2.1551  3.2062995000000001  -6.1528006
2147    7.5762  -5.6848006  -4.9650993000000003
2148    -3.8033999999999999  -0.54179984000000003  2.6532
2149    -8.6155000000000008  -3.6143005000000001  -5.4936996000000002
2150    -6.1985999999999999  -7.0137004999999997  -5.4783998
2151    -6.2043999999999997  -6.9787005999999998  -4.4384994999999998
2152    -2.4163999999999999  -4.0641002999999998  -6.1725992999999999
2153    -1.3684000000000001  -4.3335004000000001  -6.1700996999999997
2154    -1.0640000000000001  -8.6959999999999997  -5.9310993999999999
2155    0.081900000000000001  -5.2358994000000001  6.1755003999999998
2156    0.71819999999999995  -2.2319996  6.1260000000000003
2157    2.8172999999999999  -5.8146996  6.1016006000000003
2158    2.7105000000000001  -4.1486000000000001  3.0272001999999998
2159    5.1292  -4.6333995000000003  3.4478002000000001
2160    5.5993000000000004  -3.2323002999999999  -3.1141999
2161    9.0067000000000004  -2.8811003999999998  -5.1875
2162    8.5943000000000005  -0.89110047000000003  -5.9904999999999999
2163    0.3488  -3.2885996999999998  1.8498002
2164    6.0479000000000003  2.0660994000000001  -6.1753
2165    -0.0298  -0.53009949999999995  6.0339
2166    6.2198000000000002  4.3744006000000004  4.4254993999999996
2167    4.6315  5.1318007000000003  3.4480995999999999
2168    1.6980999999999999  2.4533999999999998  -0.30900016000000002
2169    1.1454  3.1394001999999999  1.9365996999999999
2170    -1.9577  -7.3138994999999998  5.5993003999999997
2171    -0.50449999999999995  3.2151996999999999  -1.8779002
2172    -1.1243000000000001  3.3304996  -2.3245003
2173    -2.9388000000000001  4.8296000000000001  3.1268994999999999
2174    -2.734  3.7497997000000001  -2.8647003
2175    -2.0655000000000001  2.4448998  -1.7351003
2176    -5.899  2.6423998000000002  -3.1141002000000002
2177    -8.5367999999999995  1.9440995000000001  -5.9340999999999999
2178    -8.6366999999999994  0.23829972999999999  -3.5655000000000001
2179    0.40949999999999998  0.79059950000000001  -6.0448000000000004
2180    -7.0862999999999996  5.6764994  -4.0194006
2181    -9.4428000000000001  -0.44680035000000001  -4.8826000000000001
2182    -0.82930000000000004  -3.2126005000000002  -6.1388993000000003
2183    7.2290000000000001  2.7610998000000002  -3.2693002
2184    3.7401  -4.6696999999999997  -3.0678996999999999
2185    2.4676  -6.4490004000000001  -3.1591995000000002
2186    4.6696999999999997  1.0672997  -2.9051
2187    -3.7256999999999998  7.2573996000000003  -6.0627003000000004
2188    -5.6890999999999998  -1.0276995  6.1516999999999999
2189    3.1573000000000002  -0.32829952000000001  6.1528999999999998
2190    1.7062999999999999  6.7059993999999996  -6.1563005000000004
2191    -1.4718  -3.1962003999999999  -6.1438993999999996
2192    4.6298000000000004  8.1404999999999994  -5.4743003999999997
2193    -4.4344999999999999  -0.34709978000000002  2.915
2194    -8.5045999999999999  -3.8516002  -4.4346994999999998
2195    -7.4538000000000002  -5.5490003000000003  -4.3428993
2196    -6.0091999999999999  -6.2926006000000001  -3.6204996
2197    -3.1352000000000002  -5.4213003999999998  -6.1791996999999999
2198    -1.8251999999999999  -6.0060004999999999  -6.1792993999999997
2199    -0.92430000000000001  -9.2599  -5.5438995000000002
2200    1.1338999999999999  5.7253999999999996  3.1530995000000002
2201    0.18870000000000001  -1.1712996  6.0712999999999999
2202    2.2029000000000001  -4.7493996999999997  6.1755003999999998
2203    3.4266999999999999  -4.2834000000000003  3.1034001999999998
2204    -3.4216000000000002  6.7538004000000003  5.5997995999999999
2205    3.4853999999999998  -2.0365001999999999  -2.6849997000000001
2206    8.6874000000000002  -3.0035002  -4.1635999999999997
2207    9.1534999999999993  -0.93540040000000002  -5.6675000000000004
2208    6.2363  0.77249950000000001  -6.1791
2209    7.1684999999999999  2.3825995999999998  -6.1338999999999997
2210    -2.7705000000000002  7.1658005999999999  4.6715993999999998
2211    6.2285000000000004  4.5954002999999997  5.0923996000000002
2212    4.9904000000000002  5.5095004999999997  4.0517992999999999
2213    1.7397  2.5766  1.1091998000000001
2214    1.3164  3.4201001999999998  2.4803997999999998
2215    0.8952  7.3473005000000002  4.0034995000000002
2216    -0.55079999999999996  2.9350000000000001  -0.23320022000000001
2217    -1.0370999999999999  2.8273000000000001  -0.75070024000000002
2218    -3.1633  5.3994007000000002  3.2187996000000001
2219    -2.8134999999999999  2.9439997999999998  -2.6966001999999998
2220    -2.1958000000000002  2.0179  -0.39340016
2221    -5.0129999999999999  2.2916995999999998  -3.0155002999999998
2222    -9.1057000000000006  1.7852995  -5.5704000000000002
2223    -8.0688999999999993  0.078499749999999993  -3.3254999999999999
2224    1.2630999999999999  -1.9027995  6.1231999999999998
2225    -5.7728000000000002  7.0342994000000001  -4.0465007000000002
2226    -0.9163  4.0175000000000001  2.7884997999999999
2227    2.9098000000000002  5.1758002999999997  3.1675993999999998
2228    6.0095999999999998  -4.8784003  -3.2696996
2229    -4.6524000000000001  -3.7431002000000002  -3.0666997
2230    -6.4485999999999999  -2.4649003  -3.1589996999999999
2231    -1.8714999999999999  -5.5407000000000002  -3.0541995000000002
2232    5.7042999999999999  5.7306995000000001  -6.0727004999999998
2233    -5.2074999999999996  2.5094004000000001  6.1516999999999999
2234    0.058900000000000001  -3.1628995  6.1526002999999996
2235    3.073  6.1933993999999997  -6.1565003000000003
2236    -2.0971000000000002  -3.0626004  -6.1489000000000003
2237    0.23089999999999999  -0.00050045457  -6.0206999999999997
2238    -4.9847000000000001  -0.77969973999999997  3.0415000000000001
2239    -8.0586000000000002  -3.3006003000000002  -3.6271996
2240    -7.1912000000000003  -4.8360003999999996  -3.5901995000000002
2241    -5.4757999999999996  -6.0939006999999998  -3.3645995000000002
2242    -3.7378999999999998  -6.5707006000000003  -6.1336994000000002
2243    -2.2850000000000001  -7.1992006000000002  -6.1338996999999997
2244    -8.5077999999999996  -1.9207002  -3.6351998000000001
2245    -7.7077999999999998  -3.8281002000000002  -3.5386999000000001
2246    -7.4912999999999998  -1.1938994999999999  5.5773999999999999
2247    -1.2230000000000001  8.4908000000000001  -3.5272006999999999
2248    3.6402000000000001  -4.8898997  3.1905005000000002
2249    5.5088999999999997  -4.9910994000000004  4.0518003
2250    3.9407999999999999  -2.7743997999999999  2.9965003000000001
2251    8.3463999999999992  -2.7387001999999998  -3.6875996999999998
2252    9.3963000000000001  -0.38360040000000001  -5.3616999999999999
2253    7.5103  0.84229949999999998  -6.1337999999999999
2254    8.1969999999999992  2.6197995999999999  -6.0018000000000002
2255    2.7168000000000001  1.3525995  -6.1315999999999997
2256    5.8017000000000003  4.1385006999999998  5.9648994999999996
2257    5.1906999999999996  5.7190003000000003  4.8852997
2258    1.786  3.0173000999999999  2.2997996999999999
2259    1.1783999999999999  3.9106002000000002  2.7732996999999999
2260    0.72699999999999998  7.6274004  4.5755996999999997
2261    -0.46860000000000002  3.0667  1.0658996999999999
2262    -1.1133  3.4032000999999998  2.3936996000000001
2263    -3.4502000000000002  5.9905004999999996  3.4482993999999998
2264    -2.3892000000000002  2.6842003000000001  2.4069997999999999
2265    -2.3513000000000002  2.0914999999999999  1.2633998
2266    -4.3498999999999999  2.0700997999999999  -2.9095000999999998
2267    -9.1082000000000001  1.8213997  -4.3342000000000001
2268    -7.4020000000000001  0.0149997575  -3.2094
2269    -0.2545  0.69949954999999997  -6.0377999999999998
2270    -3.0541999999999998  8.4807000000000006  -3.9285006999999998
2271    9.3316999999999997  -1.4991003000000001  -4.8696000000000002
2272    5.7516999999999996  -1.1283996999999999  3.1566999999999998
2273    -4.8788  -6.0087004000000004  -3.2695994000000002
2274    -4.6359000000000004  3.7864996999999998  -3.0682003
2275    -1.7782  6.6690993000000001  -3.1589005000000001
2276    -8.8186999999999998  -3.2203002000000001  -4.5693994
2277    7.2999000000000001  3.7278996000000002  -6.0573005999999996
2278    -4.1798999999999999  3.9948006  6.1515994000000003
2279    -2.6802999999999999  -1.4791995  6.1494
2280    5.7605000000000004  3.8361995000000002  -6.1562004000000004
2281    -2.8294000000000001  2.4051995000000002  -6.149
2282    -6.1943000000000001  -0.057000466  -6.1788999999999996
2283    -5.4592999999999998  -1.3101997000000001  3.1213000000000002
2284    -7.4855999999999998  -3.3351001999999998  -3.3653998000000001
2285    -6.6239999999999997  -4.7992005000000004  -3.3593996000000002
2286    -4.9086999999999996  -5.4363003000000001  -3.2004994999999998
2287    -4.5305999999999997  -7.5789002999999999  -5.8989997000000001
2288    -2.5325000000000002  -8.1667000000000005  -6.0089993000000002
2289    -0.83589999999999998  -9.2346000000000004  -4.3004993999999996
2290    7.4263000000000003  -1.9565996000000001  4.6513
2291    -3.5699000000000001  -6.0378995  3.5098004
2292    -5.9776999999999996  6.1543994  -3.5276005000000001
2293    3.9601000000000002  -5.4368996999999997  3.3381004000000001
2294    5.7164999999999999  -5.1927995999999998  4.8839005999999996
2295    4.5818000000000003  -2.4659998000000001  3.0635002
2296    7.8159999999999998  -2.5481001999999999  -3.3761996999999999
2297    -1.5661  9.2993000000000006  -4.7242002000000003
2298    8.5540000000000003  0.90469949999999999  -6.0026000000000002
2299    8.5899999999999999  2.9581995000000001  -5.7786999999999997
2300    3.9889000000000001  2.0415994999999998  -6.1685999999999996
2301    5.0993000000000004  3.9673004000000001  6.1016994000000002
2302    -3.8102999999999998  -6.4047995000000002  4.0903006
2303    3.2320000000000002  5.6387004999999997  3.2786995999999999
2304    1.5505  5.2461000000000002  3.1009996000000002
2305    0.81459999999999999  7.0781007000000002  5.9655994999999997
2306    -0.40910000000000002  3.5541003  2.3919997
2307    -1.7827  5.0804  3.0887994999999999
2308    7.3112000000000004  -1.9610995  5.6020000000000003
2309    -1.4656  2.6541000000000001  0.56039983000000004
2310    3.7484000000000002  -2.5332002999999998  -2.8314998
2311    -3.2077  1.6536998000000001  -2.3996002999999999
2312    -8.3998000000000008  2.1079998  -3.5851001999999998
2313    -6.4621000000000004  0.0078997649999999996  -3.1139000000000001
2314    8.4670000000000005  -4.1415005000000003  -4.6875996999999998
2315    7.1237000000000004  5.5243998000000003  -3.9296004999999998
2316    1.4138999999999999  -9.3522999999999996  -4.9169992999999996
2317    -2.8673000000000002  -5.1238995000000003  3.1581003999999999
2318    -7.2337999999999996  -2.7600001999999999  -3.2699997000000001
2319    3.2904  5.0015000000000001  -3.0683004999999999
2320    6.6725000000000003  1.7743998000000001  -3.1591003
2321    -7.5918000000000001  -0.37419956999999998  5.5545
2322    5.8013000000000003  -5.7905005999999997  -6.0572996000000003
2323    -1.0337000000000001  5.6867003  6.1516995000000003
2324    -3.0240999999999998  -0.94929949999999996  6.1528
2325    6.8266  1.1834996  -6.1559999999999997
2326    3.1806999999999999  1.9970995  -6.1500000000000004
2327    -9.3211999999999993  0.35819960000000001  -5.5068999999999999
2328    -6.0919999999999996  -1.3225998000000001  3.2126000000000001
2329    -6.6950000000000003  -2.9695003  -3.2003998999999999
2330    -5.9309000000000003  -4.2966002999999997  -3.2003998999999999
2331    -4.3377999999999997  -4.7988  -3.1145995000000002
2332    -4.3742999999999999  -8.2739999999999991  -5.4707993999999998
2333    -3.3323  -8.7382000000000009  -5.4778995999999998
2334    -1.2241  -8.5809999999999995  -3.5919992999999999
2335    0.41339999999999999  -7.6933993999999997  4.8191004
2336    1.998  -5.8534006999999999  -6.1788993000000003
2337    -1.4247000000000001  4.0973997000000004  -6.1649003000000002
2338    4.2060000000000004  -5.9164995999999999  3.7799005999999999
2339    -3.5821000000000001  -2.7375995999999998  6.1759000000000004
2340    5.6181000000000001  -3.2215997999999999  3.2729002999999999
2341    6.9642999999999997  -2.2824000999999998  -3.2008998000000002
2342    9.4370999999999992  -0.93080039999999997  -5.0155000000000003
2343    9.1363000000000003  0.87429959999999995  -5.6913999999999998
2344    8.7850000000000001  3.3882995  -5.3110002999999999
2345    5.4067999999999996  3.1573994000000001  -6.1791999999999998
2346    4.1489000000000003  3.1417004999999998  6.1768999999999998
2347    4.8265000000000002  5.2651005  5.9554995999999996
2348    3.6305999999999998  6.2100004999999996  3.6965995
2349    1.8220000000000001  5.7373003999999996  3.1792995999999998
2350    0.4677  6.4442005  6.1015997000000004
2351    0.0094000000000000004  5.7966994999999999  -6.1772003
2352    -1.9133  5.7315006000000004  3.1825994999999998
2353    -3.7017000000000002  6.4471005999999997  4.0523996000000002
2354    -4.3697999999999997  4.8261003000000002  3.2814996000000001
2355    -2.6311  2.1687002  2.0895997999999998
2356    -2.5213999999999999  1.6903999000000001  -1.0218001999999999
2357    -7.9911000000000003  1.7099998000000001  -3.3562002
2358    -3.5209000000000001  -0.35120020000000002  -2.3490000000000002
2359    0.84140000000000004  0.20879954000000001  -6.0437000000000003
2360    8.4652999999999992  3.3074995999999999  -4.0313005000000004
2361    0.68100000000000005  -5.8432994000000003  3.1597004000000002
2362    4.0250000000000004  -4.3618994000000004  3.1673002000000001
2363    -2.7645  7.2294992999999996  -3.2696003999999999
2364    3.7911000000000001  4.6205999999999996  -3.0673002999999999
2365    1.7782  -6.6690006000000004  -3.1588995
2366    -2.3854000000000002  0.90069949999999999  -6.1140999999999996
2367    3.7332999999999998  -7.2618003  -6.0616994000000002
2368    2.5055999999999998  5.1990004000000001  6.1520995999999997
2369    -1.0275000000000001  4.4047003  6.1759995999999999
2370    6.7221000000000002  -1.7012004999999999  -6.1558000000000002
2371    3.2772000000000001  -2.6786004999999999  -6.1623000000000001
2372    -5.5075000000000003  -0.06480023  -3.0148999999999999
2373    -6.7667999999999999  -1.4243996999999999  3.4497
2374    -5.9069000000000003  -2.6326003  -3.1143996999999999
2375    -5.2308000000000003  -3.7891002  -3.1135997999999998
2376    -3.7364999999999999  -4.0709  -3.0175998000000002
2377    3.0836000000000001  -3.5890995999999999  2.9775002000000002
2378    -2.8506  -8.8856000000000002  -4.4222994
2379    -0.8669  -8.1334999999999997  -3.3593993000000002
2380    0.14899999999999999  -4.5272006999999999  -6.1697993000000002
2381    2.3820999999999999  -7.1739005999999996  -6.1336994000000002
2382    0.50509999999999999  -1.3732005  -6.0720000000000001
2383    4.3745000000000003  -6.2197994999999997  4.4257007000000002
2384    5.2618  -4.8401994999999998  5.9512004999999997
2385    6.2072000000000003  -3.6336997000000002  3.6957002000000001
2386    6.1494999999999997  -2.0179002000000001  -3.1149998000000001
2387    9.2703000000000007  -1.0589004  -4.4249000000000001
2388    9.4057999999999993  1.0587996  -5.1456999999999997
2389    5.8638000000000003  7.3731995000000001  -4.6598005000000002
2390    6.5239000000000003  3.8228996  -6.1336006999999997
2391    4.6135000000000002  -7.2640003999999996  -3.5382996000000002
2392    -2.7732000000000001  1.3896002000000001  1.0625998999999999
2393    3.6922999999999999  6.6487007  4.4294995999999998
2394    2.0297000000000001  6.3456006  3.3193996000000001
2395    0.45329999999999998  5.1230006000000001  6.1792993999999997
2396    -0.69420000000000004  6.4595003000000002  3.2779995999999998
2397    -2.0733999999999999  6.3669003999999996  3.3274995999999999
2398    -3.8557000000000001  6.6942005  4.8901997000000001
2399    -4.7793000000000001  5.3719006  3.6926994
2400    -3.0878000000000001  2.4359001999999998  2.7090998000000002
2401    -2.4026000000000001  1.8104  0.39319986000000001
2402    -7.1612999999999998  1.5336997999999999  -3.2004000000000001
2403    -2.9990000000000001  0.18100002000000001  0.32950000000000002
2404    9.4240999999999993  -0.23620036  -4.6821000000000002
2405    9.0623000000000005  -0.4875003  -4.0138999999999996
2406    -0.85770000000000002  2.8877000000000002  0.42809977999999999
2407    -4.0705999999999998  4.4040002999999999  3.1762997999999998
2408    2.7633999999999999  -7.2287005999999998  -3.2693994000000002
2409    4.609  -3.7780003999999998  -3.0655996999999999
2410    -6.6718999999999999  -1.7757002  -3.1590997999999999
2411    1.4218999999999999  -2.8330001999999999  -1.6204997000000001
2412    -5.7529000000000003  -5.7951006999999999  -6.0615997000000004
2413    3.9855  4.1729006999999996  6.1520995999999997
2414    0.81440000000000001  4.4494004  6.1759995999999999
2415    3.8315000000000001  -5.7618003  -6.1562995999999996
2416    -3.2427999999999999  -2.0639004999999999  -6.1523000000000003
2417    -4.8421000000000003  -0.20870021999999999  -2.9142000000000001
2418    -5.3762999999999996  -5.3625993999999997  5.5658006999999996
2419    -4.8882000000000003  -2.4461002000000001  -3.0091999
2420    -4.4367999999999999  -3.0771003000000001  -2.9985998
2421    -3.2888999999999999  -3.4683003000000001  -2.9036998999999999
2422    -4.5509000000000004  -8.1018000000000008  -4.3426995000000002
2423    -2.9832999999999998  -8.1361000000000008  -3.5900992999999999
2424    -0.77610000000000001  -7.2825002999999997  -3.2003995999999999
2425    0.72760000000000002  -6.0871005  -6.1786994999999996
2426    2.5722  -8.3763000000000005  -5.9304996000000001
2427    1.3454999999999999  -2.3236005  -6.1192000000000002
2428    4.5952999999999999  -6.2285994999999996  5.0924006000000004
2429    4.9513999999999996  -4.1761993999999998  6.0989003000000004
2430    6.6471999999999998  -3.6948998  4.4290003999999996
2431    5.1039000000000003  -1.7617003  -2.9984999000000001
2432    8.6204999999999998  -0.68280030000000003  -3.5718000000000001
2433    9.1866000000000003  0.9116997  -4.2107000000000001
2434    8.9870000000000001  2.9735993999999999  -4.8996000000000004
2435    7.4539  4.3228992999999996  -6.0004004999999996
2436    -8.4952000000000005  4.1575993999999996  -4.9069003999999996
2437    4.1607000000000003  4.9538007000000004  6.1001997000000001
2438    3.7728999999999999  6.7535005000000004  5.1055994
2439    2.218  6.8716005999999998  3.7287995999999999
2440    0.28079999999999999  3.7456005000000001  6.1710997000000001
2441    -0.67859999999999998  7.1645006999999996  3.7023994999999998
2442    -2.1703999999999999  6.9262003999999999  3.7788993999999998
2443    -3.5095999999999998  6.2018003000000004  5.9651994999999998
2444    -5.1670999999999996  5.5596003999999999  4.3881993000000001
2445    -4.4920999999999998  3.1443002  3.1025999
2446    3.0234999999999999  -0.14409995  0.53739999999999999
2447    -6.3170000000000002  1.3538996999999999  -3.1137999999999999
2448    -3.9045000000000001  0.1005002  2.6970000000000001
2449    2.5872999999999999  -9.0635999999999992  -4.6880993999999996
2450    7.1024000000000003  -5.6939006000000001  -4.0507993999999998
2451    -6.6759000000000004  6.6792993999999997  -4.8170004000000004
2452    -7.8879999999999999  3.9756993999999999  -5.8945002999999998
2453    -7.6359000000000004  1.2283998  -3.2686000000000002
2454    -3.2624  -5.0393999999999997  -3.0698995999999998
2455    2.4851000000000001  6.4411993000000001  -3.1591005000000001
2456    -7.0285000000000002  -2.5917997000000002  4.1661999999999999
2457    -7.1961000000000004  -3.6951005000000001  -6.0721993000000003
2458    4.7637  3.2583004999999998  6.1520995999999997
2459    1.0266  -4.4009995000000002  6.1760006000000001
2460    1.173  -6.8052006  -6.1567993000000003
2461    -3.7749999999999999  0.75439953999999998  -6.1524000000000001
2462    -4.1157000000000004  0.12629979999999999  -2.7101999999999999
2463    -7.2808000000000002  -1.5339997000000001  4.0632000000000001
2464    -4.3863000000000003  -1.7602002999999999  -2.8918998
2465    -3.802  -2.8153001999999998  -2.8919997
2466    -2.0830000000000002  -2.2393999999999998  -1.1898998999999999
2467    -4.6031000000000004  -7.3421006000000002  -3.5899994
2468    -2.5415000000000001  -7.7736006  -3.3589994999999999
2469    -0.69999999999999996  -6.4268999999999998  -3.1142995
2470    0.84079999999999999  -7.5025005  -6.1339993000000002
2471    3.0059999999999998  -8.8268000000000004  -5.5178995000000004
2472    1.5396000000000001  -4.2986006999999997  -6.1707996999999999
2473    4.1383999999999999  -5.8021994000000001  5.9647006999999999
2474    3.9424000000000001  -3.4474995000000002  6.1755003999999998
2475    6.7530999999999999  -3.7754995999999998  5.1005006000000002
2476    3.7989000000000002  -1.4685003000000001  -2.6972
2477    8.1219000000000001  -0.79370019999999997  -3.3525
2478    8.8336000000000006  0.87129970000000001  -3.7715000000000001
2479    8.8629999999999995  2.7505999000000001  -4.3163999999999998
2480    7.9588000000000001  4.5698996000000003  -5.6955004000000002
2481    -2.8235999999999999  2.9053996  -6.1576000000000004
2482    3.3511000000000002  3.8684006000000002  6.1790995999999998
2483    3.6044999999999998  6.1687006999999996  5.9549994000000002
2484    2.4117000000000002  7.2049003000000003  4.4035997
2485    0.49740000000000001  0.94680050000000004  6.0644999999999998
2486    -0.83340000000000003  7.5624003000000002  4.4276996000000004
2487    -2.2353000000000001  7.2698007000000002  4.4302998000000002
2488    2.5708000000000002  4.7936997000000003  -6.1757007000000002
2489    -5.1875  5.7513002999999996  5.0249996000000001
2490    -4.9379999999999997  3.5507002000000001  3.1881998
2491    -3.1448  1.8420002  2.4568995999999999
2492    -5.2728000000000002  1.1118996999999999  -2.9963000000000002
2493    -4.4969000000000001  0.33850019999999997  2.9287000000000001
2494    3.1368999999999998  8.8871000000000002  -4.6646004000000003
2495    5.7617000000000003  -7.0288005  -4.0312995999999996
2496    2.2265000000000001  2.0070000000000001  -0.55280019999999996
2497    4.1830999999999996  7.9927998000000002  -5.8063006000000001
2498    -5.4618000000000002  5.4807997000000004  -3.2692006
2499    -3.7924000000000002  -4.6398999999999999  -3.0687997
2500    -2.4689999999999999  -6.3734000000000002  -3.1520996000000001
2501    2.5855000000000001  -7.0380992999999998  4.1780004999999996
2502    -8.0755999999999997  -0.45380044000000003  -6.0724
2503    5.2070999999999996  -2.5123994000000001  6.1516000000000002
2504    -0.81430000000000002  -4.4493995000000002  6.1760006000000001
2505    -1.7056  -6.7158002999999997  -6.1559996999999997
2506    -3.6293000000000002  1.4970995  -6.1543999999999999
2507    -3.0251999999999999  0.32589990000000002  -1.0619000000000001
2508    -7.5434999999999999  -1.6413996  4.8651
2509    3.4337  6.7547006999999999  5.5903996999999999
2510    -3.7172999999999998  -1.9918001999999999  -2.7399998000000001
2511    -2.2121  -2.0485000000000002  0.43790015999999998
2512    -4.1010999999999997  -7.0760006999999998  -3.3589994999999999
2513    -2.2707000000000002  -6.9524007000000001  -3.1993995000000002
2514    -0.6895  -5.3960999999999997  -3.0047996000000001
2515    1.0094000000000001  -8.4908000000000001  -6.0089993000000002
2516    8.7211999999999996  0.10979973  -3.6352000000000002
2517    3.1383999999999999  -5.4174004  -6.1791996999999999
2518    3.9668000000000001  -5.1015997000000004  6.1014004000000002
2519    7.1687000000000003  -4.7607007000000001  -3.5383995000000001
2520    6.1634000000000002  -3.6195995999999999  5.9528002999999998
2521    3.3624000000000001  -1.0499002  -2.3372000000000002
2522    7.2812000000000001  -0.77530025999999996  -3.2002000000000002
2523    8.234  0.82269979999999998  -3.3990999999999998
2524    8.4145000000000003  2.6993996999999998  -3.7350001000000002
2525    -7.7203999999999997  0.19130038999999999  5.1714000000000002
2526    1.0608  -1.6665004000000001  -6.0918999999999999
2527    -6.7413999999999996  -5.3043003000000004  -3.5269995000000001
2528    3.0434999999999999  5.7023004999999998  6.1011996000000002
2529    2.3509000000000002  7.3725003999999998  5.1092997000000002
2530    -0.71230000000000004  7.7053003000000002  5.0949992999999996
2531    -2.4380000000000002  7.3431005000000003  5.1132993999999998
2532    -3.4110999999999998  5.4874004999999997  6.1015997000000004
2533    -4.7317  5.3386006000000004  5.9608993999999997
2534    -5.4447000000000001  3.9502003000000001  3.3382998000000002
2535    -4.2134999999999998  2.1179001  2.9743998
2536    -4.5495999999999999  1.2930998  -2.8929
2537    -6.7031999999999998  0.0037002515000000001  3.3292999999999999
2538    -1.3247  -9.3331999999999997  -4.6948996000000003
2539    2.9813999999999998  -8.4596  -3.8669994000000001
2540    -2.0630000000000002  -4.2465000000000002  -2.8901997000000001
2541    2.9954999999999998  0.16279995  -0.62480000000000002
2542    1.2266999999999999  7.6447997000000001  -3.2701006000000001
2543    -5.9631999999999996  0.29789975000000002  -3.0667
2544    -6.6656000000000004  1.7987998000000001  -3.1591003
2545    5.3667999999999996  -1.8902005  -6.1768000000000001
2546    -0.43070000000000003  8.1186000000000007  -6.0666003000000002
2547    4.1791999999999998  -3.9971994999999998  6.1516004000000004
2548    -4.3091999999999997  1.3738005  6.1760000000000002
2549    -3.0714999999999999  -6.2017007  -6.1561994999999996
2550    -1.6174999999999999  3.4562995000000001  -6.1515006999999997
2551    -2.9872999999999998  -0.095500039999999994  -0.4929
2552    -0.42299999999999999  -5.2655004999999999  -6.1749996999999999
2553    -2.9295  -1.2245998  1.3784000999999999
2554    -2.8631000000000002  -1.1320001  -1.2744998999999999
2555    -2.3269000000000002  -2.2953996999999999  1.7379001000000001
2556    -3.6718999999999999  -6.3313002999999997  -3.1998994000000001
2557    -1.9019999999999999  -6.0401999999999996  -3.1014995999999999
2558    -0.96870000000000001  -4.8078000000000003  -2.9223995
2559    0.37540000000000001  -9.4161000000000001  -5.2813996999999997
2560    -4.282  -3.9670996999999999  3.1532000999999998
2561    3.8193999999999999  -6.5166006000000003  -6.1338996999999997
2562    3.1419000000000001  -4.1882997  6.1755003999999998
2563    -8.2405000000000008  4.5274996999999999  -4.5933003000000001
2564    5.7004000000000001  -3.0487994999999999  6.101
2565    2.9186000000000001  -1.4003000999999999  -1.8460999
2566    6.1181999999999999  -0.76210020000000001  -3.0853999999999999
2567    7.2824  0.75389974999999998  -3.2000999999999999
2568    7.8494999999999999  2.5413996999999999  -3.3884002999999998
2569    3.3847999999999998  -8.7988999999999997  -4.7084994
2570    4.0218999999999996  2.9950994999999998  -6.1738
2571    -6.3600000000000003  -4.1082996999999999  5.5991005999999999
2572    2.5314999999999999  4.4744004999999998  6.1792993999999997
2573    2.2646999999999999  6.7553004999999997  5.9657992999999996
2574    -5.8167999999999997  -4.7061995999999997  4.1519003000000003
2575    -0.67679999999999996  7.0925007000000004  5.9656997
2576    -2.1667999999999998  6.7704005  5.9759994000000001
2577    -2.6400999999999999  4.4136004  6.1792993999999997
2578    -4.4812000000000003  4.6581006  6.1011996000000002
2579    -5.8300999999999998  4.3300004000000003  3.7836997999999999
2580    -4.2037000000000004  3.8315994999999998  -6.1767006000000002
2581    -3.9958999999999998  0.82289979999999996  -2.6979000000000002
2582    -3.9841000000000002  2.8107997999999998  -2.9181004000000001
2583    -4.7122999999999999  1.0685003  2.9992000000000001
2584    1.8697999999999999  4.1196999999999999  2.9310996999999999
2585    -7.1227999999999998  -5.4498005000000003  -3.8655995999999999
2586    0.55020000000000002  9.4453999999999994  -4.9371004000000003
2587    -3.9809000000000001  -7.9241004000000004  -5.8782997000000003
2588    5.4802  5.4616994999999999  -3.2691004000000001
2589    -5.3159000000000001  2.7331998  -3.0673002999999999
2590    -6.4413  2.4860997  -3.1591003
2591    9.3025000000000002  1.7369996000000001  -4.9260999999999999
2592    8.1468000000000007  0.44719955  -6.0625
2593    1.0327  -5.6886996999999999  6.1516004000000004
2594    -0.092700000000000005  4.5227003000000003  6.1759995999999999
2595    -5.7724000000000002  -3.8371005  -6.1558995000000003
2596    2.7509000000000001  2.6754994000000001  -6.1520999999999999
2597    -3.4823  -0.095499829999999994  2.2534000000000001
2598    -6.9873000000000003  -1.4239995000000001  5.9622999999999999
2599    -3.1610999999999998  -1.2476999  2.0642999999999998
2600    -3.1291000000000002  4.1260995999999999  -6.1745004999999997
2601    -2.6945000000000001  -2.7510998  2.6622002
2602    -3.3199999999999998  -5.5800999999999998  -3.1172995999999999
2603    -1.3766  -5.2133000000000003  -2.9977996
2604    -2.0087000000000002  -2.5439994000000001  6.1551
2605    1.0382  -9.2790999999999997  -4.4368996999999997
2606    2.9843999999999999  -8.7752999999999997  -4.2919992999999996
2607    4.3754  -7.3463006000000002  -6.0089993000000002
2608    -4.0050999999999997  -7.5824002999999998  -3.5257995000000002
2609    1.7237  -3.0005004  -6.1424000000000003
2610    4.5697000000000001  -2.5579996  6.1755000000000004
2611    2.7321  -1.1994  -0.40599990000000002
2612    5.3696999999999999  -0.44020024000000002  -2.9967999999999999
2613    6.4486999999999997  0.68499975999999996  -3.1162000000000001
2614    6.9690000000000003  2.2530996999999999  -3.2004003999999999
2615    8.1856000000000009  4.7511996999999999  -5.1574005999999999
2616    4.6155999999999997  4.2552995999999998  -6.1793003000000004
2617    1.0992999999999999  0.61400049999999995  6.0747999999999998
2618    1.7738  3.5341005000000001  6.1729994000000001
2619    1.796  6.2054004999999997  6.1017995000000003
2620    1.431  2.6668994000000001  -6.1314000000000002
2621    -0.88529999999999998  6.3980002000000002  6.1019997999999998
2622    -2.2065999999999999  6.0688003999999998  6.1021995999999996
2623    -1.9651000000000001  3.2031003999999998  6.1711992999999996
2624    -3.4984999999999999  3.7707004999999998  6.1792993999999997
2625    -6.0757000000000003  4.5886006000000004  4.4536996000000002
2626    -5.2282000000000002  2.1643002  3.1276999000000001
2627    -3.1092  0.73809990000000003  -1.7136
2628    -2.5764  -8.6089000000000002  -3.8887991999999998
2629    0.6583  -0.53910047000000005  -6.0429000000000004
2630    -8.4832999999999998  -3.3155003000000001  -4.0577993000000001
2631    -1.0620000000000001  1.4130005000000001  6.0987999999999998
2632    0.45619999999999999  -8.1532999999999998  -6.0615997000000004
2633    -2.5055000000000001  -5.1990995  6.1521005999999998
2634    2.0851999999999999  4.0854005999999998  6.1763997000000002
2635    3.6888000000000001  0.47269951999999998  -6.1490999999999998
2636    -5.6498999999999997  0.30730024  3.1278999999999999
2637    -6.2739000000000003  -1.5475996000000001  6.1014999999999997
2638    -3.1318999999999999  -3.1477997000000002  2.9137002999999999
2639    -2.6831  -4.7164000000000001  -3.0021996
2640    0.65500000000000003  -8.6763999999999992  -3.6205992999999999
2641    2.3755000000000002  -8.3381000000000007  -3.5937994
2642    -2.5705  -1.7316001999999999  -1.3515999000000001
2643    3.4152  -1.5377995  6.1707000000000001
2644    2.8673000000000002  -1.1792997999999999  1.0464001000000001
2645    8.0572999999999997  4.4449997000000003  -4.1775001999999999
2646    -2.3426  2.3919994999999998  -6.1395999999999997
2647    1.4671000000000001  4.9130006000000002  6.1791996999999999
2648    -2.5790000000000002  2.7400004999999998  6.1712999999999996
2649    -0.26700000000000002  0.0053004549999999999  6.0243000000000002
2650    -7.1131000000000002  0.038600452  5.9732000000000003
2651    2.3146068319996642  -2.38620414928761  6.1576840042645715
2652    1.9422336169066075  -2.5442291092198679  6.1543395982527951
2653    1.4891487618939283  3.6719771992742292  -4.6844060680576796
2654    -0.19358046071267382  -0.1927395144965629  2.3961491983343901
2655    -0.26631762239381096  -7.3555546555561708  -4.6713508314888692
2656    0.043530049660163488  -0.46464852808551288  -2.8628660302183402
2657    0.28598678628373375  1.7367726826568608  -2.0395270101489587
2658    -5.2534242251749559  -2.901088425138401  -4.8689255303659991
2659    -3.0253579805878443  -5.9806464921954108  4.7438994703136661
2660    -0.21147697918285155  -0.77687036315415758  -0.63618177380651009
2661    7.008114359903205  -2.5706451327619373  -4.6023871432273813
2662    4.5623584583131382  4.6078167506800085  -4.4249357252184707
2663    4.6028588652809965  -2.6126303366633525  -4.8356624489064668
2664    -5.5647771341194927  3.7202501601668221  4.7188733190173036
2665    -2.5672519789589052  4.3186853062233448  4.6271466536816552
2666    -2.3402772798308948  6.1468801671770219  4.6462235492805375
2667    -2.5439987666619248  1.6436251086321365  4.3996318100526386
2668    -1.206625039757494  1.153367940012171  5.0992320060136755
2669    -0.014224625555994292  4.2518255463534356  4.3506937146760345
2670    -4.3480003590283243  -3.3185655282812236  4.9201206688297798
2671    -0.90569851984348548  6.497062512828478  4.94936346858095
2672    -3.829289513398026  2.1791546228545267  -4.5825304342776798
2673    4.5592335466500273  -5.0710435733327373  4.8347427400114045
2674    -3.6803116360297294  2.3079600100260302  4.4415286213434211
2675    -1.1964803059802787  3.0024266976290033  3.3328678419123832
2676    5.1259988583595391  -1.2963714376758471  4.2555440592932685
2677    1.7368642715641782  -0.74934083052283373  -4.8269515464575843
2678    -2.1799603140119839  -4.323781248843015  -4.8369472263375446
2679    -1.7499278362942379  0.64123921400542228  0.2446112031481936
2680    -6.5206155387920415  -0.33747061372206028  -4.5158127305792899
2681    2.2617349835315181  -1.2149616778832262  1.8855662910155333
2682    3.1447438958813123  -5.8848361377091054  4.6196308303298279
2683    -0.47240212148483784  8.6977851640353929  -4.9372725890319575
2684    0.67510014997969003  1.7152023103615486  4.9062778196962027
2685    -2.2926063424427756  -0.13566949156646418  -2.71313647671932
2686    1.6848975094842706  1.9078435671708756  -4.6921703524834237
2687    -6.2373353945920966  -5.8775673554596901  -4.9135743768476958
2688    2.1591996627542738  -8.0048044563221392  -4.7223802415537017
2689    -6.0997847969254853  6.0371092323962312  -4.8717874638802687
2690    2.9373633581308796  2.440229220534091  -5.0669668677383068
2691    -4.9869971616867792  1.161186776934348  4.1972742466807915
2692    1.0098156878319646  -1.854941833506873  0.45721005479998328
2693    -1.6865836976399926  1.3940636525023014  -1.3102166413187744
2694    3.3469700857716971  -5.1297297141471718  -4.491409991298803
2695    -3.7485472223784839  7.7269024422736736  -4.8193547487690749
2696    1.6348964112847229  4.4602885979293925  4.5266326027546491
2697    6.7164658141668996  1.3710773150393205  -4.6097430030009736
2698    -6.4836343864836783  1.7289947122550207  4.8990649333488872
2699    2.2803740959346492  5.7288129711548743  -4.251354666053464
2700    -1.3600310351841161  7.3476981014509519  -4.3478478536561358
2701    6.4888872847020878  -1.7564746903084862  4.8005891100597866
2702    -0.99505788921291427  3.108320148290431  5.2319884616607339
2703    8.0935090056751946  2.2267056245483001  -4.6799971734140922
2704    6.7548737935206153  -0.14242448826784465  -4.5439394899834689
2705    -0.86033662570600866  2.1178410052804044  1.0329186561041779
2706    4.6264324527207297  -0.86710669746046742  -4.3838308001317721
2707    -4.9313785258785501  4.5734722682004181  -4.8856088920529217
2708    1.9640988879783314  -0.026605095716057368  -1.0291373123461718
2709    -3.2656414503215396  -2.9495666262601428  -4.852612430133675
2710    6.4033409267296815  5.4454780354666976  -4.8110805487761814
2711    0.9020945183429967  3.0193583748584474  -2.9448631137376009
2712    3.364657409172553  -7.2480061874716197  -4.3962177904411739
2713    0.94625244727991653  6.2541869173723672  -5.3007823658565911
2714    1.4627244378258926  -1.3553146168347705  4.208497529085089
2715    -2.1731678741555842  8.3644151885162188  -4.8942281265180565
2716    -3.5682848376932825  -4.6857674039047446  4.2016101178661822
2717    -5.0533475486398292  1.9202413119399533  -4.8158317179609025
2718    0.67635424047576331  5.2717659135106949  5.5803246886872415
2719    6.4453715983382764  1.8645599480398569  4.7925663033041559
2720    -3.8381121343188895  5.4676817298397546  4.8233189652292712
2721    -4.1208719142087906  -1.8972020534779859  -4.2419413896725011
2722    -6.1379799405848061  -2.4983490189728248  4.7650229054644777
2723    2.7647650450222416  4.3136602027813922  -4.1186650449437101
2724    -1.5908480476896776  -5.7166155646354291  -4.4679756788169485
2725    -3.5700027613103837  -0.73885552083503003  4.5128790099263707
2726    3.7794914671185342  3.2902950930843855  5.1007093580923168
2727    -7.8273994820375732  -2.9657066011981148  -4.8314505357958151
2728    7.3871617135003902  3.8299270522756497  -4.7765959990589559
2729    8.4308003443018578  0.61678199993285354  -4.7812316494432068
2730    2.0241055772760177  -2.4937497513872664  5.3819658226764266
2731    -2.7053400970716059  1.042090656555356  -5.3250706398887946
2732    2.7822057217212661  -3.4843370344014253  3.7378002153944583
2733    4.1440645829641856  5.196371869078753  4.6513517235480322
2734    -6.5103173920871686  3.326034000200051  -4.7388744736239072
2735    6.1935515098259124  -5.996349195293007  -4.7783311887102
2736    1.6760837190257218  -6.403034339746327  4.7055419845615543
2737    0.96042010751527462  -6.6081654376046384  -4.4143131011574486
2738    5.0642526051973311  3.2590603650542831  -4.82800451248242
2739    -4.3556161712499231  -4.6160792360593819  -4.8924047205746684
2740    -7.1458507670099056  -4.30641275951493  -4.8004830696209169
2741    1.0672043848383912  -0.2539095407671853  5.1704344848141481
2742    4.4566339609096453  -3.5597897013292412  4.4057408761804604
2743    -2.9682467947472029  -2.5823270957064253  4.8534964037847637
2744    -2.6955208140401403  6.5213236914478641  -4.6771886102445386
2745    -3.4203104992743363  5.1523309657626388  -4.3698143545830632
2746    7.3612126826806854  -1.2363601134088094  -4.0653903034663825
2747    0.001800502928536341  -5.4493063094668681  -4.7886745013004184
2748    3.0311336789191152  0.25218545620795207  -5.1708014460225336
2749    5.0751100458961274  -4.5115312283593951  -4.49319029981796
2750    -4.7698688810296188  -6.4804438209852648  -4.5630520138230883
2751    -3.0821067163166664  -5.493264910239458  -4.2928555153359573
2752    -2.5642573283282739  2.6057530445230341  -5.5008546032586887
2753    5.3784125933380968  0.48828170583646158  -4.8517022279299473
2754    -6.5215263618969335  -0.99539877395618048  4.6938421191544917
2755    5.0940072069038074  6.5192460280274425  -4.6852217334522006
2756    1.0537856070681189  -2.5468947476595267  2.1510628592928289
2757    3.5719267200694369  5.2444053746709614  -3.6229833008380479
2758    1.6250060274614022  -4.9795191920184916  -4.210638365919757
2759    -7.2909328383334717  1.0298957931175787  -4.5430269738081055
2760    -3.2534672972735934  0.61089520399212305  5.0458429266882758
2761    0.9824779862551607  -2.178821370126415  -1.3501563268427299
2762    2.4737468254404074  -3.4474269129465838  -4.6985717078534552
2763    3.3034936973956661  6.7306716983836266  -4.1309496416626761
2764    -1.7696091615584217  5.3501642207739994  -4.2463037618056489
2765    -4.5783330458672378  4.3362057505356697  4.4345513956024769
2766    3.2117732950540732  -2.04979729512065  -4.106335941467286
2767    -1.8465524501267345  3.812345717018748  -4.7771637416016617
2768    0.84452219138737306  -8.5028928552335064  -4.6978446785036461
2769    -2.5655520146552324  -2.1823793147451669  3.2333104342597809
2770    -4.9873149839407853  -0.75617872390965613  -4.4623402098298328
2771    -1.2664244787049048  -0.88225286276555659  5.0725126408877443
2772    -1.8858859232753726  1.4917302891197541  -2.5419092280318325
2773    2.1016514142318248  1.0816573294104368  -2.7549397449321629
2774    -6.4083707698608618  -1.6826755760260574  -4.3193777229421091
2775    -1.9788591620389302  -8.2020077587301703  -4.7795242538449196
2776    6.1497083298007258  4.0195483854631533  -4.1735697781459278
2777    3.996964109885635  -7.8021340386899229  -5.1480010259338407
2778    2.2950392673777933  -6.1987818835137647  -4.3997798381294171
2779    1.1930260557790848  2.1497360234621308  1.340526681599268
2780    -3.1554308934049771  3.8566846609513412  -5.2736987286317341
2781    -0.70259124815579499  -3.0434473140036511  -4.42275309984048
2782    -0.14580807513543356  4.4847124547929651  -4.5027536003502915
2783    2.4535595926701266  2.6307519546058589  5.3339437971057784
2784    -3.8046663179134144  -7.78457707526006  -4.8063827360998213
2785    6.3836006745240148  0.21143787763218813  4.570043888178418
2786    -6.5450096781980704  4.7367051317165378  -4.344890412439363
2787    1.9557632647533518  7.3300627591346776  -4.2957452672156498
2788    3.9735271682854036  1.4646682411549248  4.3222363461427813
2789    4.8645042542657411  -2.3368912388415204  5.2585814499419818
2790    -2.6630352268894408  -6.8488525661485289  -4.3997893048511516
2791    -2.4899560724668013  0.2361367356526923  1.4985281669975976
2792    -1.1178784653099083  -5.3082607291469763  4.831907119873982
2793    5.5605414409785041  3.8352785080345764  4.8756492077274283
2794    3.5135967906825858  -1.6188250235228672  4.2638459244882849
2795    3.1413088294775862  -4.083408784861887  5.2033668836483198
2796    -2.4335958356612144  -4.3509114316136319  5.240292476535827
2797    -0.59382538440950172  6.1086829851762641  -4.6932494860621743
2798    1.6699176414610351  2.0001595704296871  -1.4123982676434585
2799    1.1844795163053057  -2.5480938899857923  -4.4097478043946605
2800    -4.1806231250031454  3.7745649208082619  -3.6987328667565404
2801    -8.5953967404920135  1.0871562830169672  -4.8415934949149459
2802    -0.52587795824909001  -2.7026654215465538  3.0658291624150489
2803    -5.6782078618936129  -4.5339651734921187  -4.1359917552999539
2804    2.5242976761817317  2.0288803553258732  3.3938237739204529
2805    4.427159521319151  -0.13171012363927695  3.8412454138336978
2806    -0.62901313927273494  2.6787353371757643  -2.5200093583118428
2807    -6.766273274135937  0.56275695139927973  4.7093575859891939
2808    -2.2131555369620539  -1.863715679254917  -3.2063612395877716
2809    -1.7251358538471255  2.5582121686989052  -3.45418057536269
2810    2.4845228516622964  8.3348830930373055  -5.0121602797820444
2811    4.7465267349954976  -6.5244979638628022  -4.630128953252604
2812    -8.21124613527045  -0.61977311185025896  -4.7335781913206469
2813    -2.9180532504621581  2.7577096059471282  -3.6309572177430547
2814    1.725734737210447  -4.0814139292826868  -5.5781560946780582
2815    -0.16334540377393722  1.1636033939981294  -4.655031803038054
2816    2.3780389649630074  3.483265270299885  3.5409212120175084
2817    -5.5269996307090041  0.71142444408208805  -4.6709044409466891
2818    0.12061690102762039  -6.6773639754475145  4.6328040714972216
2819    2.2303952049834592  0.94426039698725739  2.5294566275789592
2820    2.3632722423414423  6.0423951342901088  4.6159088204072019
2821    -2.9474023065973558  -0.85448531489689072  -5.2537559432097085
2822    -8.1111215672061299  2.5890230025662406  -4.7856656197144662
2823    -4.5226861870937913  6.280506593045609  -4.3330279957020617
2824    -1.7716682746200689  -3.2317057312336037  5.1520173343338289
2825    3.6989337643694431  -3.7729002822170776  -5.5512475787469251
2826    -0.032583336637593704  -1.1292997263089455  -5.1646933526903398
2827    -1.4686268459562515  0.13598540507198045  -4.967866585819336
2828    -3.6799575398657982  3.4401379072230536  5.287474351141336
2829    -6.4037057183982551  2.8072398224307529  4.8565022521619881
2830    -5.0608518221739462  -0.31915923499227872  5.0331378509061935
2831    1.9244051079609583  0.39108376194782646  0.45841117803165005
2832    0.313524547598098  -4.6216095283677108  4.3573176802770321
2833    3.3155656328157983  -0.58479715789810227  -3.0633086370637126
2834    0.25624396496938157  -2.5075349442944286  5.4403394620617407
2835    -1.0151819686792263  -6.5879394765050892  -4.0993306489210521
2836    -1.8669300244103508  -3.0922693482905386  -5.1165561781963609
2837    -0.91088527069558345  -4.4421735239639508  -3.9867401817589756
2838    -6.453435487761725  2.0889244677835794  -4.1510890600213139
2839    -4.9471928334082635  2.5396212939299332  5.1081561142814502
2840    7.007141478242402  -4.6095446125113995  -4.7084998628450592
2841    0.71508499370720191  -3.9573551456726532  -3.5044428981640121
2842    -2.1149811890649381  -0.91568358488857893  0.65149290961532069
2843    -2.2320002390701199  -0.64863219821262141  -0.99385499961948143
2844    3.5970443901584073  3.4199361145456075  -5.2052816421906494
2845    -3.0208890238856871  1.2803998212372942  -3.4055511343325819
2846    -8.4665713068028925  -1.9017816048334986  -4.9242374937319395
2847    0.35998627198620259  6.0609458783031158  3.8962041911300971
2848    -1.8114267900327801  -1.7692965485689012  1.9862335899496226
2849    -7.664892388581551  4.0200396192461891  -4.9217427877792455
2850    8.0486260286057529  -3.1509319594706549  -4.8561713323762934
2851    -2.5411714265783987  3.0744007439039547  3.7495450044974894
2852    2.8176109017155202  0.095691704634165986  5.1713855008011071
2853    1.0576057833223032  -3.461086469877543  3.664712972303827
2854    -4.0455669088039006  0.46577926565512268  -4.8618998738512493
2855    1.176429968631187  0.39243806917612506  -5.2904009869055546
2856    2.6623760319389778  0.2598462382663595  -1.9250428451384252
2857    -2.7785266492716021  -0.15553940758031506  2.9039666407853328
2858    -0.05635510467085704  2.4864136767880276  2.5604755722039561
2859    -6.3722704955973093  -3.0292728330217287  -3.9119621676641425
2860    1.5417307188088822  1.9259180812467576  -0.094634039245892823
2861    5.7975352343447115  -1.5009885784972099  -5.4735224587366877
2862    4.8500164215002179  -0.50865532695395799  5.5931309493969357
2863    -0.20287477411216578  2.1030011872998768  -0.46217683669267284
2864    -5.6165842790488041  -4.1120878875325877  4.690945074325974
2865    0.8836683952996055  3.3074371509571519  3.7205219647225523
2866    2.8645539729306235  4.402673803817688  5.2478757316073104
2867    0.38005974210704957  7.8478594985938921  -4.5631765718640631
2868    0.54234350384752361  -5.4273712211564655  5.6727191097198668
2869    8.2666960810721815  3.3457043249337399  -5.009834070378071
2870    -3.6412875562512559  1.0225037660923977  -5.7091248551787013
2871    2.3118747445977155  -2.4237916544145892  3.0180788591202128
2872    1.4082806222899436  6.7972762938830407  5.0111464756945718
2873    -1.3631361654792111  -2.0582643853271589  -1.5699147914735812
2874    -0.17915187148016506  2.8024160608608377  -5.1090994827803762
2875    -0.18098940369958383  -2.6013291829555452  1.4507510317335033
2876    3.9882553556463205  7.7021194943124547  -5.0225741212355901
2877    5.8035976960402582  -3.1090460869976111  -4.0830262340286883
2878    0.24006389890686258  6.8397605959931447  5.2622953354070523
2879    3.6190131500409417  -3.693563955778115  -3.5494098165883088
2880    5.8364948176604408  -3.6119625833094857  4.783840241035886
2881    0.23368185543400929  -3.8721652302899745  -5.4767210880697093
2882    -1.6436309056265501  -1.6102717943065017  -5.4391782877275388
2883    0.081686845238901185  -2.6937197923918506  -2.6870152863758876
2884    -4.4231047187006975  -3.4166193867502281  -3.5107694349263716
2885    0.55474432331347012  5.6336483411991134  -3.6641945876003579
2886    -2.131156837460527  1.674637856369793  2.4922978008246912
2887    4.9840812233866458  2.1230101481120811  -5.6131439160990837
2888    8.5095923897665795  -1.2918933181332737  -5.0130619192263941
2889    -4.6409713758104338  -4.8878013040303108  5.1777852707805003
2890    5.7383828716585921  -1.3931282685288797  -3.6690905160711798
2891    -5.1618751829751917  7.1253647582945669  -5.1713380963015254
2892    -1.6341704420286054  -6.6801211232174351  4.8667384673960612
2893    -5.304495004881093  3.2009343491217277  -4.0998408121856293
2894    1.8092357653539108  -4.5681356906043504  4.7536092834486752
2895    -0.099363520267123528  0.3420153287245658  5.4601800778288734
2896    4.4165530256317274  1.8644016510725852  -3.9506614428805165
2897    1.3518627624292832  5.0759384714286764  -5.4275389935848501
2898    3.525283914222114  5.4081794328197281  -5.4671293059797845
2899    -1.7030028896884533  1.8780122481597048  -5.3821382743206758
2900    1.4951038361977622  2.7055913628027564  2.628978132551437
2901    5.1208632356493649  2.3437286671104016  4.903748066338121
2902    -4.5819979930047117  -1.8857093340131863  4.4805689867520817
2903    -0.97226996174136104  -3.9090668124819885  3.8649137387460701
2904    3.1788294407765267  -3.669405856394567e-05  3.1091602066822346
2905    2.1980814036025356  -1.4446257927276405  -2.3734840213914015
2906    2.0976894805430981  1.2052300018078823  5.3840090183329412
2907    4.3078940127436383  0.36456468086533078  -3.7917604346441163
2908    -3.5444212040741352  -0.3611643031370399  -3.3685343472660101
2909    4.9566527815422914  0.82210883400598256  5.45477379027085
2910    -0.93376818090426095  -2.1262275857204087  0.18520161911052935
2911    3.2825990829820921  1.5464631394897699  -3.1803154993443776
2912    -0.7156535175158677  3.6190315355329394  -3.1207216519229166
2913    -0.60408603052789966  -8.6290038032281622  -4.8252984945033912
2914    1.4108067296673099  4.8292932923512666  -3.5554071220269678
2915    4.4587141110289021  3.2636696447938265  3.6171007132413671
2916    3.0855976829634399  -2.6214034025525921  5.6496029992899821
2917    2.3026003879706805  -5.1044935804293798  5.7407429385981725
2918    3.381406840505806  2.7475166597429479  3.4735021863836333
2919    -3.4962716386774808  -4.2841147657836469  -3.6328198547234511
2920    6.1137085333638073  2.4253008112085137  -4.1356366187182934
2921    0.73768909079348333  6.760443458393925  -3.5499828051442868
2922    3.3524324543708528  -5.2226452750170518  5.7504689054260814
2923    2.1132353572435245  -1.814647891684577  -5.6183780286248366
2924    -1.0260776689368365  4.9385266061884439  5.0458329416133676
2925    -2.5641269313493074  2.3126421509063033  -2.7126733857077445
# Generated by E:\Slicer3D\vsd_device\tetgen.exe -pkqa mesh3.ply 
