8711  4  0
    0    2142  2707  1735  2689
    1     908  2920  2776  2728
    2    2707  2498  2786   548
    3    1376    34  2572  2866
    4    1473  1802  1714  2659
    5    2746  2432  2729  1195
    6    2390  1197  2277  2728
    7    1794  2677   138  2526
    8    1127  1700  1229  2790
    9    2857  1430  2791   111
   10     340   434  2727  2846
   11    1643   997   953  2921
   12    1382  2577   342  2665
   13    2445  1120   515  2674
   14    1032  2265  2355  2886
   15    2848  1404   128  1138
   16     210  2743  1844  2824
   17    2409  2663  2749  2879
   18    1110  1440  2710  2776
   19    1571   195  2823  2891
   20    2894  2202  2917   650
   21     947   903   594  2327
   22    2774  1621   390  2727
   23    1505   317  2788  2805
   24    1499  2811  2735   356
   25      35   461  1825  2734
   26     718   291  2050  2288
   27    1322  2825   268   906
   28    2660  2654  2842  2910
   29    1197  2209  2010  2728
   30    1130   159   367  2810
   31    1534  1490   981   747
   32    1153  2738  2887  2920
   33    1965  2921   456   953
   34     985  2262  2085  2675
   35    2171  2657   809   898
   36    1115  2215   531  2847
   37      10   749  2781  2881
   38       1  2786  2849  1262
   39    1827  1205  1161  2666
   40     780  1287  2232  2755
   41    2417  2770  2854  2908
   42    2654  2684  2819  2858
   43     956   979  2726  2413
   44    2347  2733   935   979
   45    2495  2003   488  2735
   46    1574  2781  2799  2826
   47    2875  2802  2654  2848
   48    1110    15  1222  2710
   49    2685  2507   917  2843
   50    2832   132  1539  1760
   51     848   659  2075  2793
   52    2530  1915  1159   213
   53    1819  1906   676  2711
   54    1527  2452  1869  2849
   55     172   128  2073  2769
   56     457  1732  2297  2715
   57    2779   893  1274  2860
   58     359  1325   403  2701
   59    2808  2656  2827  2685
   60    1711   691  1881  2771
   61    1854    80  1677  2663
   62    2581  1816  2854  2908
   63    2489   103  2533  2720
   64    1374   465    55  2728
   65     990  2178  2135  2801
   66     877  1008  1299   921
   67     316   404  1724  2785
   68    1071  2396  1027  2847
   69     179  2778   514  2694
   70    1383   119  1470  2668
   71     861  1389   112  2846
   72    2584  2865   763  2259
   73     241   480   524  2864
   74    2853  2048  2756  2871
   75    2275  1952   633  2700
   76    1481  2116   666  2877
   77     661  2834  1013  2853
   78    2358  1210  2685  2908
   79    2590  2132     4  2838
   80    2245  2859  1171  2740
   81    2267   946  2117  2801
   82    2680   727  2759  2817
   83    1850  1629  1673  2832
   84     419   254  1739  2830
   85    1619  2280  2738  2776
   86     693  2482  1376  2866
   87     163  2109   449  2785
   88    1909  2744  2715  2700
   89     772   275   142  2773
   90      99    55  1114  2728
   91    1627   220  1583  2892
   92     581  1967  2719  2785
   93     252  2426  2054  2688
   94    1473  2291  2302  2659
   95    1241  2728  2869  1038
   96    1478  1773   800  2876
   97    1481  2840   578  2072
   98    1972  2904  2794   448
   99    2049  1694  2698  2829
  100     452   667    36  2748
  101     749  1697  2799  2881
  102     806  1991  1867  2816
  103      81  1136  2537  2754
  104      36   476  1813  2706
  105    2318  2774   742  2859
  106    2171  2657   898  2806
  107    1455   506  2569  2777
  108    1997    29  2040  2764
  109    2658  2740  1795   611
  110    2503  2564   385  2789
  111     493  2785  2719   449
  112    2839  1307  2691  1870
  113    2333  2784   422  2050
  114    1965   118  2700  2797
  115    2894   661  1013  2832
  116    2003  2811   532  2735
  117     269   824   511  2840
  118     507  1561  2097  2760
  119    2751  2242  2790  2750
  120    2705  2660  2831  2679
  121    1280  1042  1236  2880
  122     597  2746  1018  2888
  123    2250   883  2071  2732
  124    2901  2909  1549  2719
  125    1717  1673  2361  2736
  126    2699  2885  2897  2914
  127    2358   873  2462  2908
  128    2586  2867   324  2683
  129     923   879   291   244
  130     323  1334   123  2713
  131    2633  1934   526  2659
  132     600  2751  1184  2556
  133    2667  1308  2668  2702
  134    1865  2700  1909  2715
  135    1322  2825  2694   268
  136    2819   628  1859  1815
  137     557  2454  2639  2751
  138    1818   674  2723  2914
  139    1452  2910   174  2875
  140      37  2537  1092  2754
  141     291  1873   718   244
  142     824  2749  1500  2735
  143    1365  1410  2569  2471
  144    2150  1299   643  1609
  145    2746  2296  1018  1062
  146    2002  2680  2759  2812
  147    1374  1419  2710  2776
  148      36   476  2706  2748
  149    2372   829  1216  2770
  150     828   874  2721  2908
  151    2611    52   886  2708
  152     643   877   833  1299
  153     312  2749  1310  2811
  154    1415  2446    96  2831
  155     186  1884   230  2856
  156    2245   919  1828  2740
  157    1570  2086   592  2800
  158     990  1427  1034  2801
  159     573  2593  2736  2868
  160      19  1836  1336  2924
  161    1013  2832  2853  2894
  162     440  2818  2067   226
  163    2291  1757  2659  2716
  164    2718  1026  2350  1396
  165    2654  2714  2819  2741
  166     948  2759  1427  2801
  167    1719  2391   512  2811
  168    2222  2822  2177   858
  169      38  2902  2830   694
  170    1556  1601   657  2782
  171    2032  1516  2484  2872
  172     679  2130  2745  2800
  173    1590   795  1805   839
  174     340  1923  1665  2846
  175     432  2690  2748  2896
  176    2580  2707  2780    58
  177    1895  1939  2766  2799
  178    1350   225   824  2840
  179    1770  2901   538  2719
  180    2184  1040  2694  2879
  181    2885  2699  2921   631
  182    1371  2612  1125  2706
  183     471  2156   559  2834
  184    2585  2803  2527  2687
  185      73   677  1995  2797
  186    2331  1228  2739  2919
  187    2762   796   752  2879
  188    2272   228   184  2676
  189    1056   150  2422  2784
  190     766    74  2744  2745
  191     298   197  2674  2828
  192    2252  2729  1107  1082
  193    2258   806  2092  2900
  194    1964  1731  1789  2885
  195    1297  2685  2845  2772
  196     581   537  1900  2785
  197    1476    81  1386  2807
  198    1440  2390  2277  2728
  199    1965   500  1995  2797
  200    2853  1629  1850  2832
  201    1555   463    69  2867
  202    1079  1867  1991  2816
  203    1549   855  1593  2785
  204    2792  2099   572  1660
  205    1381  2924  1087    19
  206    2007  1524  1232  2688
  207     879   291   244  2775
  208    2920  2753  2887  2697
  209    1143  1389   610  2846
  210    1746  1910  2745  2823
  211     147  1091   672  2918
  212     725  2734   204  1259
  213    2221  1260  2589  2893
  214    1213  1023  2346  2726
  215     636  1999  2274  2800
  216     262  2728    63  2710
  217     198   154  1296  2829
  218    2684   251  1486  1466
  219     394  1888   438  2659
  220     517  1933   869  2716
  221     761  1772  2690  2723
  222     163  1724  1768  2785
  223    1630  2694  2778  1084
  224    2371  1708  2663  2825
  225    1346  2727  1611  2149
  226    2570  1532  2738  2887
  227      82  2279  2324  2725
  228    1685  1412   256  2762
  229    1122  1745  2543  2817
  230    2769   378  1449  2743
  231    2570  2300   977  2887
  232    1248   638  1204  2671
  233    2581  2536  2845  2854
  234    2707  2042    30  2823
  235     487  1894  2732  2894
  236     887  2848  2599  2553
  237     631   997   162  2921
  238    1601   686  2337  2767
  239    1128  2331  2739  2919
  240     431  2817  2759   727
  241     945   814   858  1608
  242     622  1380   578  2850
  243     687   521  1709  2846
  244    1544   824  2322  2735
  245    2016   918  2685  2808
  246    2571  1448  1491  2864
  247    2603  1877  2231  2724
  248     129  1713  1669  2716
  249    2238    70  2725  2902
  250     312  2735  2749  2811
  251    1404   128   172  2769
  252     391   222  1364  2758
  253    2788  2915   495  1091
  254     192   280   236  2683
  255     985  2858  2262  2675
  256     896  2045  1737  2717
  257    2794  2862  2852   579
  258    2041  2705  2858  2886
  259    2661  1380   622  2850
  260    1704  1660  1803  2792
  261    2771  2654  2848  2857
  262     230  2541   274  2708
  263    2395  1291  1880  2718
  264     440   528  2818  2892
  265    2544  1165  2447  2838
  266    1272  2499  2376  2919
  267    2657   898  2693  2863
  268    2741  2819  2852  2904
  269     179   512  2712  2811
  270    1382   342  2624  2828
  271     400   356  1343  2735
  272     770  1919   814  2822
  273    1714   351   307  2659
  274    2465  1359  2709  2721
  275    2673  1358    20  1147
  276    2497    27  2192  2876
  277    2047  1988  1096  2750
  278    1015  2159  2742  2673
  279    2183  2703  1418  2568
  280     459  2823   289   503
  281     814  1919  1608  2822
  282    1518  2674  2535  1164
  283     608   145   446  2753
  284    2653   761  2690  2723
  285    1068  2303  2227  2733
  286      26  2479  2434  2703
  287     758  1989  2719  2901
  288    2359  2179  2237  2855
  289    1265   379  1309  2827
  290    1691  2745    58   151
  291    2178  2759  1034  2223
  292    1601   564  2764  2797
  293    1459   341   491  2701
  294    1428  2785   493  2109
  295     770  1086   428  2822
  296    2146  2686  2690  2653
  297    1036  2763  2810  2876
  298    1921  1260  1209  2717
  299    1791  2546  1688  2683
  300     475  1134  1735  2707
  301    2164   933  2697  2887
  302    1645   355  2121  2764
  303    2753   933  2208   744
  304    1844  1667  1925  2743
  305     669  2144  2788  2852
  306     970   650  2795  2894
  307    2537  1386    81  2807
  308    2181  2812   947  2134
  309    1961  2649  1435  2895
  310    2029   247  1985  2850
  311     541  1478   497  2755
  312    1903  2900  2804  1947
  313    2673  1358  1199  2384
  314    1212  2775  2784  2790
  315    2398  2666  2204  2720
  316    2267   156   201  2822
  317    2591  1108    26  2703
  318    2867    79  1644   104
  319    2865  2584  2092  2259
  320    1544   511   824  2735
  321    1881  2743  2771  2824
  322    2659  1802  2302  1473
  323    2746  1195  2704  1437
  324     254  2548  1914  2760
  325    1017  1972    95  2794
  326    2063   868  2687  2750
  327    2202   650   970  2917
  328    2180  1662  2689  2786
  329    2769  2725  2771  2857
  330    1287    15  2232  2710
  331    2750  1299   877  1008
  332    2744  1646  2101  2823
  333    2830  1048  1960  2238
  334    2474  1458   781  2742
  335    1117  2397  1161  2666
  336     550  2097  1610  2668
  337    1328   733   249  2753
  338    1059  1377  1103  2673
  339    2171   632   676  2806
  340    2671  1915  1871  2486
  341     641  2840   578  2850
  342     361  1680   405  2785
  343    2626  1518  1164  2691
  344    2763  1642   864   542
  345     609   861   112  2846
  346     733  2896  1328    54
  347    1584  1362    87  2873
  348    1009   207  2388  2729
  349     362   363   318  2831
  350     742  2410  2230  2774
  351     768  2679  2137  2705
  352    1808   401  2735  2840
  353     868   833  1395  2750
  354    2027   928   443  2756
  355    1024  2227  2696  2866
  356    2408  1524    90  2688
  357    2232    15   955  2710
  358    1400   727  1652  2817
  359     618  1585  1629  2853
  360    1712   568  2889  2864
  361    1624  1668   305  2889
  362    2485  2741  2684  2617
  363    2541   274  2708  2831
  364    1538  2638  1581  2743
  365     433  2502  2046  2812
  366    2716  2796  1626  1582
  367     598  1931  1930  2721
  368    2770  1137  2854  1753
  369    1936   308  1979  2818
  370     854  2015  2084  2767
  371     973  1016    95  2681
  372    1528  2676  2785  2701
  373    1077  2077  2088   160
  374    1500   312  2322  2735
  375    2654  2842  2848  2791
  376    2697  2009  2613  2704
  377     973    95    51  2681
  378    1952  2096   722  2744
  379    2809  2767  2874  2899
  380    2871  1060    95  2794
  381    1446  1508  1465  2755
  382     771  2002   387  2759
  383    1075   670  1469  1902
  384    2307  2924  1029  1301
  385     911  2210  1249  2531
  386    2026   885   884  2692
  387    2668  2675  2684  2858
  388    1077  2312   732  2357
  389    2119   845  1750  2748
  390     547   503  1546  2823
  391    1956  1854  1677  2663
  392    2786   460   504  2689
  393    2801  2812  2327   731
  394     678  1335  1909  2363
  395     438   482   748  1722
  396    2201  2714  2741   471
  397    1182   378  1269  2902
  398    1471  2191   801  2836
  399    2663  2431  2706   798
  400    2187  2744   370  2695
  401    2361  2832  1804  2818
  402    2734   726  1825  1883
  403     948  2267  2822  2801
  404     582  1814  1770  2719
  405    1747  2790  2242  2784
  406     945   814  1608  2822
  407    1448   264  2571  1491
  408     767  2806   898  2693
  409    2792  2796  2824  2903
  410     177   221   391  2841
  411    2765  2489  1163  1758
  412     107  1386   199  2807
  413    1531  1602   326  2744
  414    2528  2368  2820  2866
  415    1193   315   271  2701
  416    2624   298  1295  2828
  417      52   886  2708  2905
  418    1396  2395  1880  2718
  419     264   215  1491  2722
  420    1369  1776   939  2669
  421    1405  1406  2873  2910
  422     448  1548  1504  2904
  423    1034  2759  1427  2453
  424     671  2166  2122  2793
  425    2511    84  1450  2842
  426    1570  1261   548  2707
  427    2706  2663  2861  2890
  428    2226  2306  1776  2675
  429    1869  1919   428  2822
  430    2209  2920  2697  2703
  431    1591   271   315  2701
  432    2533   103  1294  2720
  433    1671  1627   888  2892
  434    1648  2734  1262   461
  435     942  2173  1073  2665
  436    2237  2179  2269  2815
  437    1822  2823  1866  1546
  438    1718   310  1698  2799
  439    1575  2145  2797   237
  440     260  1492  1449  2670
  441    2622  1087  1337  2666
  442     197  2667  1264  1220
  443    1820  2297  2683  2715
  444    1512   977  1135  2887
  445     646  2556  1483  2751
  446     817  2585  2195  2740
  447    2373  2328  1092  2754
  448    2576  1292  2622  2666
  449    1572  2862   535  1811
  450    1858  2901  1814  2719
  451     700  1846  2659  2892
  452     400  1588  1170  2735
  453    1400   200  2089  2817
  454    1935  1793  2064  2834
  455     178   222   311  2758
  456     578  2661  1481   622
  457    1574  1978   749  2781
  458     257  2698  1782  1738
  459    1553  2235   190  2898
  460    1134  2101  2745   151
  461    1173  1129  2424  2835
  462    2823   547  1998  1744
  463    2730  1013  2853  2894
  464    2809  2813  2845  2925
  465     433   477   687  2812
  466    1620  2229  2420  2884
  467    1800   826   481  2670
  468      74  1910   722  2744
  469    2903  1538  1582  2824
  470    2051  2680  2812   741
  471    1451  1407  1405  2910
  472    2035  1685  2762  2814
  473    2787   377  2810   499
  474    1615  1641   278  2876
  475    2327   859   903  2801
  476      55  2776  1374  2728
  477    2659   748  1845  1888
  478     983  2669   939  2847
  479    2904  1972    95  1460
  480    2764  2084  2767  2782
  481     368   463   412  2867
  482    2699   161  2723  2757
  483     182  2677  2766   667
  484    1237  2466  2642  2873
  485    1917   146  2653  2723
  486     613   867   126  2771
  487     442    13  1497  2692
  488    1028  2924  1479  2671
  489    2039  2764  2782   721
  490    1574   749  1838  2799
  491    1549  1593  2719  2785
  492    2517  1707  2415  2694
  493    1231  2655  1275  2768
  494    1637  2785  1593   361
  495     537   581  2719  2785
  496    2802  1537   218  2769
  497     639  2461  1778  2870
  498    1130  2787  1467  2810
  499    1312  1268  1432  2754
  500    2285  2527  2240  2740
  501    2300  2570  1653  2844
  502    2889  1889   349    17
  503    1646  1571   195  2823
  504    2258   762  1904  2900
  505    2011   668  1943  2862
  506    1795  2017  2740  2859
  507     806  1947  1991  2804
  508     410   322  1433  2876
  509     205  2896   996  2920
  510    1848  2832   132  2818
  511    1779  1655  1823  2689
  512    2747   469  2758   177
  513    2710   554   262   302
  514    2685  2656  2693  2843
  515     835   648  2655  2775
  516     463  1555  1599  2867
  517    1127  1083  2468  2790
  518     835  2790  2505  2243
  519    2635   432   845  2748
  520    2230   786  2374  2859
  521    1222  2280  1110  2776
  522    2703  1463  2728  2183
  523     326  2745   355  2744
  524    1658  1439  1852  2749
  525    2662  1728  2723  2844
  526    2812  2801  2327   947
  527     837  2425  2460  2737
  528    2693  2657  2772  2806
  529    1900  1856   624  2785
  530    1440  2390  2728  2776
  531    1449  2670  2743  2902
  532    2113  2736   882   926
  533    2119   667   452  2748
  534    2577  1381   386  2665
  535     635  1304  2095  2745
  536    1160  2441  2486  2671
  537     966  2775   244  1010
  538     996  2896   231  2738
  539    2595  2018  1399  2803
  540    1100  2449  1012  2688
  541     600  2751  2556  2750
  542     834  2197  2549  2751
  543     213  2671  2878  2575
  544    1868  2094   204  2786
  545    2708  1102  1326  2856
  546     133   558  2053  2737
  547    2912  2083  1315  2127
  548      72  1142  1083  2775
  549     545  2700   589  2715
  550    2048   971  2756  2871
  551    2924  1087  2665  1381
  552    1616   927  2157  2922
  553    2209  1197  2920  2728
  554     457   369  1732  2715
  555    1532  2570  2738  2844
  556    2654  2705  2791  2886
  557    2397  1072  2442  2666
  558    2836    42  1316  2709
  559    2300  1653  2690  2844
  560    1931   832  2416  2709
  561    1850  1894   487  2894
  562     515  2124  2828  2851
  563     339   713   383  2906
  564     959  2875  2910  1452
  565    1882   702   880  2882
  566     352  2818  2023  1979
  567      32   771   384  2801
  568    2533  1338  2578  2720
  569    1357  1402    39  2722
  570    1358  2673  1199  2294
  571    2701  1459  2789  2880
  572    2688  1751  2737  2778
  573    1265  1882  2827  2882
  574    1029  2669  2226  1301
  575    1674  2898  2844  2662
  576      34  2726   782  2783
  577    2328  2283  1048  2754
  578    1804   132  2832  1760
  579     818   619   575  2682
  580    2843    40  1405  2910
  581      36   667   476  2748
  582    1990  2918   672  2915
  583     962  2859   644  2740
  584     670  1075  1469  2719
  585    2818  2736  2832  2868
  586     991  2695  2715   466
  587    1948   161  2699  2757
  588    2185  1630   514  2778
  589    2597   111  2448  2857
  590    2225  1872  1911  2689
  591    1247  2671  2575  2878
  592    2679  2137  2705  2863
  593     982  2619  1026  2872
  594       3  1999   857  2893
  595    2843  1049  2842  2679
  596    1801  1757   261  2716
  597    2704   334  2753  2890
  598    1026  2718  2878  2872
  599     907  2586  1167  2683
  600    2411   354   399  2761
  601    2654  2681  2692  2831
  602    1540  1362  2873  2883
  603    2640  1039  1275    45
  604     224  1412  1685  2825
  605    1335  2744  1909  2363
  606     525   320  1788  1419
  607    2431   754   798  2663
  608    2022  1004  2552  2747
  609    1909  1335  1865  2715
  610     285  1005  2554  2843
  611    1262  1648   736  2786
  612    2334  2655  2913  2775
  613    2430  1281  2385  2880
  614    1206  1162  2353  2720
  615    2263  2666  1117  1161
  616    2655  2737  2747  2835
  617     481   210  1976  2796
  618     672   716  1079  2918
  619     304  1536  2560  2670
  620    2867  2586   324  1511
  621    2792  2504  2832  2903
  622     714  2719  1945  1075
  623    2663  1255  2749  2825
  624    2454  2602  1228  2751
  625    1307  1826   121  2698
  626    2227  2733  2820  2866
  627    2380   214   344  2881
  628     263  1716   219  2792
  629    2409  2877   381   533
  630    1639  1799  1682  2911
  631    1966  2744  2715  2695
  632    1557  2791  2553  2842
  633    1886   301   212  2821
  634    2521   842  2565  2905
  635    2532   209  1338  2720
  636      37  2830  2807  2754
  637    2696  2718  2820  2847
  638    2344  2434  2299  1035
  639    1337  1351  2532  2720
  640    2316  1482   327  2768
  641    2914  1862  2653  1818
  642    1362  1361   130  2873
  643     638   924  1248  1204
  644    2685  2656  2843  2873
  645     983  2669   940   939
  646    1393   674  1345  2914
  647     194  2383  2428  2673
  648     157  1891  1231  2913
  649     342  2577   386  2665
  650    1990   539  2034  2915
  651     950  1468    64  2810
  652    1027   983  2038  2847
  653    2539  1426  1498  2712
  654    2731  2821  2827  2908
  655    1246   300   388  2782
  656    2765  2674  2828  2839
  657    2498  2786   548  2094
  658    1447  2754  1402  2373
  659    2079  2866  1024   980
  660       9  2802  1495  2875
  661     167  2325  2208  2697
  662    2479  2434  2703  2869
  663    2619  2820  2573  1157
  664    1031  2579  2534  2765
  665     773  2750  2467  2784
  666     502  2815  2237  2269
  667    2721  2821  1420  2770
  668     112  1389  1143  2846
  669    2263  2666  2218  1117
  670    2653  2844  1917  2723
  671     901  2087  2311  2925
  672    2797  2713  2867  2921
  673    2743  1538  2769  2824
  674    2753  2861   652  1754
  675     259  1219  1748  2722
  676    1983  2066  2552  2747
  677     150  2332  2287  2784
  678      18  1336  2323  2924
  679     698  1612  2727  2846
  680    2492  2536  1816  2817
  681     601  2721  2419  2658
  682    2657   371  1949  2798
  683    2087   901  2813  2925
  684     453  1465  2389  1375
  685      58  2580  1003  2780
  686    1156  1112  2167  2733
  687    2181  2134   609  2812
  688    2071  2362  2115  2742
  689     611  2658  2740  2595
  690    1094  2016  1541  2808
  691    1351   209  2532  2720
  692    1972  2805  1971   448
  693     803  2901  2793  1989
  694    1371  2612  2706  2907
  695    2318  2284  2727  2859
  696    2043  2582  2800  2813
  697    1085  2704  2566  1041
  698    2238  2283  1269  2902
  699      39   202  1357  2722
  700    1852   620  1658  2749
  701     772  2856   142   186
  702    2218  1118  1074  2720
  703    1055  1099   599  2768
  704    2894  2730  2795  2732
  705     124  1672   442  2875
  706    2443  2666  1337  2720
  707      33  2716   869  2889
  708    2369  2702    61    62
  709     797  2905  2761   886
  710     313   511  2735  2840
  711    2569  2712  1455  2777
  712     265   221  1453  2841
  713    2659  1757  1801  2716
  714    1011   296  2632  2655
  715    1754   975   902  2753
  716    1347   456   776  2867
  717      50   427  2714  2730
  718    2767   854  2809  2912
  719    1266  1488   225  2749
  720    2152  1202  1786  2678
  721    2786   504  1868  2094
  722     302  1391  1286   262
  723    1131  1989   758  2901
  724     232   276  1959  2710
  725    2678  2709  2739  2919
  726     680  2809   723   640
  727    1004  2678  2724  2837
  728    2795   575  2248  2682
  729    2138  1596  1987   585
  730     561  2188  1312  2754
  731     830   828  2721  2770
  732    1446   994  2710  2755
  733     306  2291  2659  2716
  734    1678  2067   529  2818
  735     840   753  1939  2905
  736     537  2719  1857   889
  737     433  1923  2502  2812
  738    2078   760  2034  2915
  739    1208  2534  1252  2664
  740    1086  2759   384  2133
  741    1311   598  1089  2658
  742    2609  2035  2762  2814
  743    2873  1540  2761  1584
  744     879  2154   648  2775
  745    2744  1966  2715  1689
  746    2901  1858   707  1902
  747    1033  2077  1077  2822
  748     265  2883  2841  1496
  749    1566  1476  1519  2807
  750    1551  2139   231  2738
  751    2443  2398  2204  2720
  752    2684   119  2702  2668
  753    2863  1993  1863  2037
  754    2040   689   721  2764
  755    1646  2744  2101  1531
  756    1661  2714    50  2794
  757    2483  2820  2733  2528
  758    2816  2092  2900  2865
  759     427  1634   757  2741
  760    1547  2676   227  2701
  761    2008  2386  1525  2890
  762     906  1752  2694  2825
  763    1255  2104   916  2663
  764    1190  2781  2826  2882
  765     312   999  2735  2811
  766     311  1022   178  2758
  767    1414  2520  2564  2880
  768     157  2289  1168  2913
  769    1647  2752  2780  2481
  770    2300  2887   145  1135
  771    1146   520  2416  2821
  772    1301   940   984  2924
  773    1572  1528  1767  2701
  774    2758  2747  2841  2881
  775    2742  2789  2794  2916
  776    1326  2905  2833  2521
  777    2485  1961  1435  2895
  778    1122  2543  2313  2680
  779    2837  2540  1317     8
  780    1112  2303  1068  2733
  781    1683   275  2773  2911
  782    2770  2721  1355  1798
  783     661  2234  1749  2834
  784    2628  1212  2423  2775
  785     243   107  2049  2698
  786    1700  2512   600  2750
  787     726  2734  2838  1883
  788    2064  1837  1881  2824
  789    1851  2184  2694  2879
  790    2656  2781  2826  2883
  791      76   325  1787  2715
  792      45  2007  1855  2768
  793    2076  1975   745  2739
  794    1102   230  1884  2856
  795    2408    90  1586  2778
  796    2774  2721  2658  2770
  797    2716    33  2670  2889
  798    1030  2124  2665  2765
  799    1772  1595  2690  2844
  800     443  1806   486  2756
  801     930  2681  2831  2692
  802    2676   228   272  2272
  803     290   800  1773  2876
  804     889  2785   493   537
  805    2691  1606    22  2626
  806    1045  2065  2030  2874
  807     784   896  1737  2717
  808    2697   951  2704  2729
  809    1212  2423  2775  2790
  810    2547  2474   781  2742
  811    1970  1898   270  2861
  812     544  2039  1348  2885
  813    2847  2718  2872  2878
  814     846  2906  2788  2144
  815    2164  1663   695  2697
  816    1056  2332   150  2784
  817    2897   388  2653  1246
  818    1412  2371  2762  2825
  819    2696  2865  2783  1442
  820    2629   138  2677  2826
  821    2240   962   644  2740
  822     248  1866   292  2823
  823    1286  2728   262  1391
  824     523   714  1075   670
  825    1516  2032   895  2872
  826    1895  1718  1698  2799
  827    1194  2706  2612  2890
  828    2290  1679  2308   403
  829    2415  2694  1310  1322
  830    2329  1171  2318  2859
  831    2532  1338  1294  2720
  832    2538  1054  1168  2775
  833    1322   906  1752  2694
  834      20  2428  2473  2673
  835    1348  2039  2797  2885
  836      56  2710  1154  1699
  837    2911  1799  1638  2896
  838     285  2554   961  2843
  839    2158  2203  2377  2732
  840    1164   258  2626  2839
  841     148  2867   120   907
  842    2073    70   378  2725
  843    1507  2139   408  2662
  844     168  2416   832  2709
  845     373  1737  2672  2717
  846     657  2058   300  2782
  847    1664  2747  2758  2881
  848     944    57  2693  2772
  849    2587   922  1747  2784
  850     768  2309   899  2705
  851     277  1597   607  2898
  852    2753  2748  2635   446
  853     194  1147    20  2428
  854     428   726  2734  2822
  855    2802  1145  2853  2903
  856     588  2083  1775  2782
  857     486  2875   442  2163
  858     921   150  2287  2784
  859    1272  2639  2454  2919
  860     544  2782  2083  2039
  861     606  1323  2730  1014
  862     145  2896  2748  2907
  863    1149  2676  2789  2701
  864     648   835  1218  2775
  865    2866  1068  2227  2733
  866     502  2108   836  2826
  867    2632  2913  1055  2768
  868    2055  2736  2894  2917
  869    1057  1414   447  2701
  870    1078  2453  2402  2759
  871    1385  2403    23  2679
  872    1551  1728  2662  2844
  873    1775  2083   544  2885
  874    1467  2190  1927  2787
  875    2475  1842   295  2880
  876    2414  2647  2696  2718
  877     132  2832  1539  2792
  878     309  2756  2802  2853
  879    2351  1600   564  2797
  880     726  2759  1086  2133
  881    2057  2089   682  2838
  882    2169  2858  1950  2779
  883    1519   243  2698  2807
  884    1816  2417  2854  2908
  885    2367  2054  1321  2777
  886    2696   253  2647  1201
  887    2403  2791  2842  2679
  888     691   779  2021  2771
  889    2368   253  2820  2866
  890    1188  1344  1144  2688
  891    1436   283   239  2891
  892    2177  2222   775  2801
  893    2409  1564  2663  2879
  894    1097  1056  2422  2784
  895    1993   371   849  2798
  896    1731  2914  1775  2885
  897    2501  2025  1981  2682
  898    2264   985  1843  2675
  899    2795  2248  2362  2673
  900     947  2812  2801  2134
  901    1551  2723  1772  1728
  902    1696  1822   289  2695
  903    2378  1212  2628  2775
  904    1539  2792  2832  2903
  905      98  2896  2907  2911
  906     913  2578  2720  2765
  907    2401  2220  2137  2679
  908    1484  2062  1043  2740
  909    2477  1437  1195  2746
  910     736   196  2142  2689
  911    1461  1674   872  2844
  912    2798   319  1771  2708
  913    1750  1986  2677  2855
  914    1400  1652  1137  2817
  915    1849   794  1761  2736
  916     930  2681   929  2644
  917     631  2885  2699  1964
  918    1573   712  2189  2852
  919    1451  1405  2511  2910
  920     428  2734  2849  2822
  921    1089  1973   567  2658
  922    1584  1540  1362  2873
  923    2476  2521  1282  2833
  924     464  1587  1499  1456
  925    2324  1666  1401  2725
  926    1196  2697  2703  1963
  927    2590  1121  2132  2838
  928    2896   733   205    54
  929    2769  2771  2848  2857
  930     929   885   928  2692
  931    1433  2004   410  2876
  932    2736  1937   529   193
  933     148  2867  2683   120
  934     362   407  1815  2819
  935     171   981   215  2722
  936    1690  1571  2187  2695
  937      92    47  1410  2777
  938    1387  2691  2636   595
  939    2787   455  2810   992
  940    2703   207  2729  2591
  941     121   418  1870  2839
  942    2663  1854  2059  1956
  943    1689  1575  2700  2744
  944    1366  2561  1703  2811
  945    1817  1478  2755  2876
  946    1703  2367  2607  2777
  947     997   631  1687  2921
  948    1403  1314  2722  2864
  949    2885  2699  2897  2713
  950     441   397  2736  1849
  951    1950   852   808  2858
  952    2085  2129  1843  2851
  953    2153  1471  2678  2837
  954     719  2914  2782  1775
  955    1792  1739   169  2830
  956    1387  2691  2807  2636
  957     247  1174  2850  2888
  958    2656  2772  2693  2657
  959    2612   334  2706  2753
  960     468  2877   489  2116
  961    1865  2270  1256  2715
  962     522  1065  1373  2869
  963    2659  2889  1933  2716
  964       6  2687  1051  1289
  965     592  2893  1261  2800
  966    2164  1153  2887  2920
  967     685  2712  1503  2391
  968     643  2150  2063  1302
  969     955  1440  1154  2710
  970    2312  1077   732  2822
  971     128  2848  2857  2769
  972    1524  2737  1276  2778
  973    1537  1538   218  2769
  974    2724  2678   834  2751
  975    1507  1438  2139  2738
  976    2311   944  1297  2772
  977    1700  1127  1185  2790
  978    1174   560   799  2888
  979     680  2141  2175  2772
  980    1994  1776   852  2865
  981    1855  1232  1188  2688
  982    2107  2687  2150  1302
  983     968  1012  2426  2688
  984      99  1114   908  2728
  985     799  2118  2746  2888
  986    2743   378  2902  2769
  987    2848   128  2599  1138
  988    2688  2449  2569  2606
  989    2563   245  2000  2849
  990    2688  1012  2471  2449
  991    1859  1726  1903  2819
  992    2703  2183  2728  2920
  993    1141  2790  1185  2423
  994    2370  1970  2661  2861
  995     981   171  2001  2722
  996    1299  2750   877   833
  997       3  2274  2800  2893
  998    1567  2471  2569  2688
  999    2680  2268  2759  2812
 1000    1501  1661  2643  2916
 1001    2706  2748  2766  2833
 1002     917   961  2685  2843
 1003     868   643  2063   833
 1004    2688   968   596   925
 1005    1690  1571  2695  2891
 1006    2427  1838  1697  2799
 1007    1687  1789  2885  2921
 1008    2691  2807   199   595
 1009    1607  2650   282  2807
 1010    1137  2770  2854  2817
 1011    1084  2758  2778   425
 1012    1950   764  2858   808
 1013    2731  2854   301  2821
 1014    1579  2670   568  2864
 1015    1404  2848   128  2769
 1016    2867  2810  2787   472
 1017    1903  1904  1859  2819
 1018    1426  2641    46  2688
 1019     455   964   377  2810
 1020    2462  1816  2581  2908
 1021    2254  2010  2703  2869
 1022    2908  1094  2510  2808
 1023    2896   145  2748   432
 1024    2617   757  1961  2741
 1025     684  1741  1346  2149
 1026    1524  2778  1276    90
 1027     935  2301   979  2793
 1028    2527  1876  2285  1183
 1029    1609  2687     6  2151
 1030     804   760  2078  2793
 1031    2659   700  1722  1846
 1032    1052   106  1008  2750
 1033    2434  2479   569  2869
 1034    2842    40  2843  2910
 1035    2755  2588  2662  2710
 1036    2736   353  2361  1717
 1037    1346  2740   699   655
 1038    2760    82  2725  2771
 1039     881  1879   252  2688
 1040    2651  2730  1705  2916
 1041     743  2740   860  2062
 1042    2694  1040  2749  2879
 1043    2732  2742  2794  2916
 1044     929   972   973  2681
 1045    2672   857  2800  2893
 1046    1359  2709  2721  2808
 1047     743   860  2106  2062
 1048    2106  2687  1051  1007
 1049    2142  2707  2689   196
 1050    2885   631  1789  1964
 1051      59  1442  1397  2865
 1052    2232  1287  2710  2755
 1053    1020  1831  2254  2703
 1054    2789   781  2742   385
 1055    2714  2654  2819  2681
 1056    2496   584  2168  2860
 1057    2071  2250  2732  2742
 1058    1188  1232  2641  2688
 1059      45  2737  2768  1039
 1060    1184  2751  1526  1483
 1061    2010  2728  1241  2277
 1062     560  2162   208  2888
 1063    2018  2595  2740  2803
 1064    2139  1438   231  2738
 1065     557  2724  2500  2751
 1066    1306  1615  1597  2876
 1067    2759  1086   384  2801
 1068    2870  1737  2717  2672
 1069    2234  1935  1749  2834
 1070    2807  2691   199  2698
 1071    2816  2804  2865  2900
 1072    2733  2820  2438  2393
 1073     841  2761   797   884
 1074    1144  1344  2449  2688
 1075    1459   341  2701  2789
 1076    2404  2405  2729  2888
 1077    1734   863    41  2695
 1078    1228  2454  2751  2919
 1079      98  1638  2186  2896
 1080    1708  1255  2663  2825
 1081    1939  2766  2799  2905
 1082    1443   149  2815  2874
 1083    1263   375  2698  2807
 1084    2791   111  1430  1254
 1085    1475  2667  2857  2886
 1086    2449  1344  2606  2688
 1087    2537    81  2754  2807
 1088    2575  2621  1248  2671
 1089    2673  2547  2742  2795
 1090     476  1854  1813  2706
 1091    1317   557  2724  2231
 1092    2476  2706  2766  2833
 1093    1130  1510   159  2810
 1094    2661   799  2746  2888
 1095    2018   611  1484  2740
 1096    1188  2641  1344  2688
 1097    2013   279  1290  2713
 1098    2861  2753   652  2706
 1099    2690  2653  2723  2844
 1100    2698   374  2839  2829
 1101    1721   181  1266  2877
 1102    1140  2273  1988  2241
 1103     159  1510  1554  2810
 1104    2381  2778  1751  2688
 1105    2313  1922   866  2680
 1106     813  1955     3  2893
 1107     329  1548   448  2805
 1108    2426  2471  1567  2688
 1109    2539  2641  1426  2688
 1110    1066  2280  1222  2738
 1111    2637  2143  2722  2754
 1112    2245   962   919  2740
 1113    1626   219   810  2792
 1114     968  2426   925  2688
 1115    1953   766   909  2745
 1116      60  1290   563  2713
 1117    2792  1670  2659  1626
 1118     883  1654  1267  2871
 1119    2859   644  2803  1006
 1120     102  2686  2815  2855
 1121     252  1879   925  2688
 1122    1344  2641  2539  2688
 1123    2449  1100  1144  2688
 1124    1766  2853  1585  1145
 1125    2867  2810    64   992
 1126     979  2726  2733  2793
 1127    1734  1690   863  2695
 1128     396  1058   288  2891
 1129    1567  2569  1365  2777
 1130    2378  2784  1212  2775
 1131    2678  2724   834   774
 1132    1008  2750  1609  1052
 1133    2739   958  2751  2750
 1134    1419  1788  2710  2776
 1135    2407   943  1030  2765
 1136     235    49  1246  2897
 1137    2679  2507  2693  2843
 1138     189  2653  1917  2146
 1139    2370  1898  1970  2861
 1140     704  1710  2752  2767
 1141     890  1738   647  2698
 1142    1403   392  1314  2864
 1143    1430  2392  1032  2791
 1144    2608  1185  1700  2512
 1145     680  2806  2141  2772
 1146     199  1386  1387  2807
 1147    2699  2885  2921  2713
 1148    1523  1214   420  2777
 1149    2016  1094   918  2808
 1150    1379  2802  2903   131
 1151     602  1186  2513  2790
 1152    1701  2420  2229  2884
 1153     745  2076  2739  2751
 1154    1754  2074  2704  2861
 1155    2081  2779  1907  2860
 1156    1096  1140  2467  2750
 1157    1791   335   325  2715
 1158     240  1779   819  2689
 1159     253  2866  2696  2820
 1160    2549  2014   834  2790
 1161     174  1494  1452  2875
 1162     485   193  2736  2818
 1163    1523  2607  1214  2777
 1164    2613  2753  2704   249
 1165    2658  2739  1399  1974
 1166    1006  1878  2330  2803
 1167    2595   611  2018  2740
 1168    2751  2750  1526  2739
 1169     460  2292   504  2689
 1170    1863  2657  2863   809
 1171     364  2662  2710  2776
 1172    1365  1214  1321  2777
 1173     250  1507  2662  2776
 1174     516  2787  1467   234
 1175    1464  1790   250  2776
 1176    1321  1214  2367  2777
 1177    1405  2660  2843  2910
 1178    2686  2690   496  2911
 1179    1636   361   855  2785
 1180    1768   404   492  2785
 1181     822  1050  1878  2859
 1182    2011  2909   737  2785
 1183    2712  1455  1784  1498
 1184    2449  2688  2569  2471
 1185    2819   628  1815  2779
 1186    2051  2680  2774  2812
 1187    2901  1924   758  1131
 1188      72  2334  2379  1142
 1189     767  2217  2693  2863
 1190    1462   406   229  2904
 1191    2390  1110  2280  2776
 1192     477   687  2812  2846
 1193    2374  1172  1050  2859
 1194     908    99  2728  2776
 1195    2802  1537  2848   218
 1196      86  2837  2781    43
 1197     364   250  2662  2776
 1198    1329  2079   716  2915
 1199    1099  2913  2199  1543
 1200    1006   822  1878  2859
 1201    1778  2821   212   301
 1202    1100  1012   596   968
 1203     193   529   485  1678
 1204    2503  2610  1502  2789
 1205     495   539  1091  2915
 1206      57   944  2131  2772
 1207     703   352   440   226
 1208    2662  1507  2738  2776
 1209     860  2195  2687  2740
 1210     700  2659  1722  1890
 1211     878  2243  2014  2790
 1212    2780  1445  2580  1370
 1213    2827  2808  2821  2882
 1214     465  2710  2728  2776
 1215    2654  2831  2819  2681
 1216     618  1850   487  2853
 1217     299   791  2505  2835
 1218    2888   552   931  1126
 1219    2857   128  2073  2599
 1220    2196   116  2687  1183
 1221     838   882  1116  2736
 1222    2064  1881  2771  2824
 1223    2717  2089  2817  2838
 1224    1878  2658  2803  2859
 1225    2003  1720   488  2735
 1226     997   587   162  2921
 1227    1318    43  1598  2781
 1228    2352  2924   984  2666
 1229    2733   760  2793  2915
 1230    2662  2723  2364  2757
 1231     195  1571   912  2891
 1232    1357   202  2902  2722
 1233    2776  1419    99  1374
 1234    2281  1829  2646  2752
 1235    1507   187  2738  2776
 1236    2166   671   715  2793
 1237     107   243  1476  2807
 1238    2882  2709   788  2836
 1239    1316    42  2421  2709
 1240     598  2709  1311  1931
 1241    2740  2061   655  1346
 1242    2402  2544   910  2838
 1243    1828  2194  2727  2740
 1244    1932  1786  1202  2709
 1245     923  2154   966  2199
 1246      55  2776    99  1374
 1247    1822  2823  2695  1866
 1248     592  1261  2707  2800
 1249     764  1950  2858  2779
 1250    1138  2553  2599  2848
 1251    2373  1136  2463  2754
 1252    2692  2761   884  1762
 1253    2785  1812  1428  1856
 1254    1502  2610   957  2789
 1255    1406  1407  2873  2910
 1256    1458  2610   385  2789
 1257    2007  1276  2688  2737
 1258     422  2775  1873   718
 1259    2848  1494   174  2875
 1260    1222  1110  2710  2776
 1261    1374   465  2728  2776
 1262     454  2494   410  2810
 1263    2332   921   150  2287
 1264    1592  2805   317   273
 1265    2169  1950  2125  2779
 1266     506  1410  2569  2777
 1267    2280  1222  2738  2776
 1268     718   422  2050  2333
 1269     422  1053   823  2333
 1270     250   364  1464  2776
 1271     454  1773   421  2876
 1272    2125   762  2169  2779
 1273    2745  1531  1602  2101
 1274    2662  1222  2710  2776
 1275    2740  1346   699   684
 1276    1317  2678  2724  2751
 1277     127    83  2456  2722
 1278    2328  2902  2754  1357
 1279      46  1524  2408  2688
 1280    2557  2835   602  2724
 1281    2463  1136  1180  2754
 1282    1725  2785   449  2719
 1283    2920  2183   908  1506
 1284     889  2785   537  2719
 1285    2785  1725  1637  2719
 1286     316   272  2701  2785
 1287    2785  1278  1856   624
 1288    2739   958   745  2751
 1289     143  1790  1464  2776
 1290     420    92   158  2777
 1291    1506   143   908  2776
 1292    1788   364  2710  2776
 1293    2740  2658  1795  2859
 1294     361  1593   855  2785
 1295     274  1771  2708  2831
 1296    1788  1419   380  2776
 1297      91  2811   685  1631
 1298    1903  1946  1947  2804
 1299    2685  1297  2627  2772
 1300    2240   817   919  2740
 1301    2486  2441  1871  2671
 1302    2390  1619  2728  2776
 1303    2710  1440  2728  2776
 1304     465  1374  2710  2776
 1305     646  2500  1229  2790
 1306    2503  1502   341  2789
 1307    2374  2658  2859   601
 1308    1907  2037  2860  2863
 1309    1450  2511  2842  2910
 1310     182  2677  2923  2766
 1311    2602  2454   557  2751
 1312    1244   101  1200  2733
 1313    1142   347  2468  1083
 1314    2423  1185  2468  1127
 1315    2640  1039  2768  1275
 1316     482  2659  1889  1933
 1317     143   380   908  2776
 1318    2000  1785  2436  2849
 1319     773  2750  2784  1565
 1320    1784  2712  1498  1503
 1321     272  1680  1636  2785
 1322    2658   346  1046  2774
 1323    1140  2750  2512  2467
 1324    2754  2598  1534  2637
 1325     272   316  1680  2785
 1326    2902  2754  2143  2830
 1327    2896   205   996  1594
 1328     893  2779   628  2213
 1329     317  2909  1549  2788
 1330    2785   492  2701   404
 1331     600  2751  2750  1184
 1332     404   316  2701  2785
 1333     151  2780    58   949
 1334    2717  2734  2838  2893
 1335    1229  2556   646  2790
 1336    2860  2660  2708  2831
 1337    1153  1619  2738  2920
 1338    2373  2463  1447  2754
 1339    1751   881  2381  2688
 1340     693  1376   297  2866
 1341     891  2726  2788  2783
 1342      24  2382  2629  2826
 1343    1479  2924   984   940
 1344    1222  2662  2738  2776
 1345     886   797  2708  2761
 1346     245  1234  2000  2849
 1347     935  2733   892  2793
 1348    2670  2796  2743   481
 1349    1253   901  2311  2845
 1350    1636   228   272  2785
 1351    2862  2794  2852  2805
 1352     844   145  2753  2887
 1353    2719  1924  2901  2909
 1354    2061  2457  2727  2740
 1355      99   908   380  2776
 1356    2770   821  2774   830
 1357    1871  2671  2847  2878
 1358    1039  2737  2655    89
 1359     345  2770  1577   740
 1360    1695  1792  1432  2807
 1361     323  1334  2713  2867
 1362    1991  1079  2816  2918
 1363    2457  2017  2727  2740
 1364    2598  1312  2637  2754
 1365    2824  2802  2834  2903
 1366     247   843  1174  2888
 1367    2381   881   252  2688
 1368     611  2658  2595  1795
 1369    2106  2740   860  2687
 1370    2637  2188  2143  2754
 1371    1742    98  2907  2911
 1372     745   958  2197  2751
 1373     679  2745  2780  2800
 1374    2281  2481  1390  2752
 1375    1043  2803  2740  2687
 1376    1771  2708  2831  2860
 1377    1680  1724   405  2785
 1378    1139  2803  1183  2687
 1379    1284  2920   733    14
 1380    2076  1151  2678  2751
 1381    2602   646  1483  2751
 1382    2281  2646  2481  2752
 1383    2768   555   599  2515
 1384    2076  2197  1151  2751
 1385     646   557  2500  2751
 1386     557   646  2602  2751
 1387     405  1724   163  2785
 1388    1228  2602  1483  2751
 1389     745  2197  2076  2751
 1390    2765  2839  2490  2445
 1391    1838  1574  2799  2826
 1392    1151   834  2678  2751
 1393    2753   933  2697  2208
 1394     833  2750  2287  1395
 1395     187   996  2738  2920
 1396    1636  1680   361  2785
 1397     815   731    32  2801
 1398     724   811  2220  2693
 1399    2435  1391  1440  2728
 1400     635  1746  1953  2745
 1401    2457   655  1484  2740
 1402    2887  2738  2896  2920
 1403    1741  1346  2727  2740
 1404    1417   362   185  2819
 1405    2282   727  2680  2817
 1406    2017   611  1795  2740
 1407    1043  2018  1484  2740
 1408    1393  1730   630  2699
 1409     960    67  1254  2791
 1410    1763  2694  2811  1834
 1411     674  2699  2723  2914
 1412    1327  1328  2753  2907
 1413    2522  2704  1041  1239
 1414    1359  1316  2709  2808
 1415    2703   207   509  2729
 1416    2773   540   371  2798
 1417    2721  1420  1798  2770
 1418    2686   413  2874  2653
 1419     513  2514  1408  2747
 1420    2750   921  2287  2784
 1421    2716   173  1536   129
 1422      88    44   175  2903
 1423    1045  2030   246  2874
 1424    1547  2676  2701   272
 1425    2247  1920   589  2700
 1426    1613   513  1408  2747
 1427    2510  2908  2808  2721
 1428    2604  2020  1844  2824
 1429    1288  1109  2347  2733
 1430    2117  1796  2267  2801
 1431     149  2269  2179  2815
 1432    2184  1569  1851  2694
 1433    1531   370  1646  2744
 1434    1457   268   827  2749
 1435    1835  2592  2298  2729
 1436     783  2118  2704  2746
 1437     782  1067    34  2783
 1438    2769   218  2802  2903
 1439    2708  2773  2656  2657
 1440    2702  2667  2648  2851
 1441    2764    73  2039  2797
 1442    1813  1854  2059  2706
 1443    2096  2764   766  2744
 1444     721  1315  2764  2782
 1445     892  2733   848  2793
 1446    1586   556  2408  2712
 1447    1445  2717   784   373
 1448     535  2862    78  1811
 1449     561  1312  1432  2754
 1450     140   229  2819  2904
 1451    2672  2731  2845  2854
 1452    2324  2279  1666  2725
 1453    1151   834   774  2678
 1454     799  2118   783  2746
 1455    1423  2690  1653  2844
 1456    1567  2712  2688  2777
 1457    2121   237  2764  2797
 1458     764  2858   808  2705
 1459    1321  2054  1567  2777
 1460    1737  2870  2717  2045
 1461    2421  2465  2709  2884
 1462    2352  2924  2307   984
 1463    1706  1736  2786  2849
 1464     362   185  2819  2831
 1465    2044  2734  1259  2088
 1466     778   143  1506  2776
 1467     764  1907  2125  2779
 1468     765  2127   632  2912
 1469    2609   792  2035  2814
 1470    1086   726   428  2822
 1471    2692  2761   398  2660
 1472     339  2617   251  2906
 1473     978  1509  1296  2664
 1474    1001  2743  2670  2902
 1475    1311  1932  1931  2709
 1476    2779  2081  1907  2125
 1477    2328  2902  2283  2754
 1478    2005  2620  1969  2686
 1479    1440   955  1110  2710
 1480    1026  2718  2872  1441
 1481    1615   278   516  2876
 1482     563   104    79  2867
 1483     267  1851  1569  2694
 1484    2048   530   618  2853
 1485    1898   755  1651  2861
 1486    2773  2911  1830  1683
 1487     189  2653  2146  2844
 1488     917   285   961  2843
 1489     338  1085  1106  2746
 1490     584   893  2168  2860
 1491    2796  1582  2824  2903
 1492    2689  1058  2225  2891
 1493     107   675  2049  2698
 1494     852  2306   808  2858
 1495    2255   376   845  2748
 1496    1660  1704  1847  2792
 1497    1210  2358  2462  2908
 1498    1036   421   498  2876
 1499    2821  2685  2827  2908
 1500     597  2746  2661  1018
 1501    2690  1423   189  2844
 1502    1814   626   551  2719
 1503    1373  2728  1740  2645
 1504    1348  2039    73  2797
 1505     529  2736   193  2818
 1506    1642  2763   864  2787
 1507    1087  2665  1351  2666
 1508     507  2668  2097  2771
 1509    2278   605  1251  2765
 1510     288  1655   283  2891
 1511    2710  1391  2728  1440
 1512    1780  2180  1434  2786
 1513    2223  1245  2178  2812
 1514    2545  2663  2104  2861
 1515    2781  2799  2841  2881
 1516    1813   652   446  2706
 1517    2249  2294  1280  2673
 1518    2642  2873  1541  2016
 1519    2679    67  2392  1385
 1520    2795  2917   429   970
 1521    1597  1306  2755   277
 1522    2374  2774  2859   786
 1523    1934  1890   526  2659
 1524    2146  2653  2690  2844
 1525    2673  1000  2795  2922
 1526     855  2909  1549   317
 1527     323   472  1334  2867
 1528    2539  2606  2688  2712
 1529    1912  2707  2893  2786
 1530    1092  1048    37  2754
 1531    2303  2227  2733  2820
 1532     916  1956  1677  2663
 1533    1050  2884  1701  2375
 1534    1772  2690  2723  2844
 1535     132  1539  1716  2792
 1536    1443   413  1045  2874
 1537    1217  2734  2786  2893
 1538     815   859   731  2801
 1539    2820  2733  2438  2483
 1540    2839  2765  2490  2664
 1541     913  2665  2828  2720
 1542    2403  1049  2551  2679
 1543    2610  2503   385  2789
 1544    1670   307   263  2659
 1545     861  2244  1389  2846
 1546    2551    23  2679  2843
 1547     913  2665  2720   209
 1548     796  2762  2766  2879
 1549    1315  2084  2764  2782
 1550      75   101  2393  2733
 1551    2876  1729  2192   290
 1552    1667  2339  1001  2743
 1553    1395  1747  2242  2784
 1554    2574   436  1559  2864
 1555     319  2773  1727  2856
 1556    2163     9  1495  2875
 1557    2574  1559  1624  2864
 1558     158  2811  1523  2777
 1559    1329  2733  2123  2079
 1560    1056  1097   823  2784
 1561    2889  2659  1801  2716
 1562    2058   657  2767  2782
 1563    1015  1059  2159  2673
 1564    2900  1903  2819  1904
 1565    1628  2660  2761  1584
 1566     827  1488  1457  2749
 1567    2454  2499  1272  2919
 1568    2520  1413  2564  2880
 1569     149  1514  2269  2815
 1570     725   681  2112  2786
 1571    2771  2279    82  2725
 1572    2314  2840  1897  1941
 1573     376  1487  2120  2855
 1574    2826  1838  2526  2799
 1575    2106   860   409  2687
 1576    1279  1000  2562  2795
 1577     543  1642   820  2787
 1578    2069  2736  2682   191
 1579     813  2176     4  2893
 1580    1377  2338  2383  2673
 1581    1126  2207  2162  2888
 1582    1997  2745  2764  2767
 1583    1848   353  2361  2818
 1584     637  2786   681  2849
 1585    2846   653  2812   861
 1586     423   321   780  2755
 1587    1491  1579   524  2864
 1588    1641  1615  1306  2876
 1589    2518  1000  2673  2922
 1590    2018   920  1399  2803
 1591    2662   364  1640  1614
 1592     988  2401  1385  2679
 1593    2744  1303  1909  2363
 1594    1235  2547  2429  2673
 1595    1754  1061   652  2753
 1596    2106  2740  1743  2062
 1597    2378  2784   422   823
 1598    2753  2861  1754  2704
 1599     120   104  1334  2867
 1600    1512  2164  1153  2887
 1601    1385  2401  2392  2679
 1602     563  2797    79    60
 1603    1745  1166  2543  2817
 1604    1050  2884  2375  2658
 1605    2734  1527  2849   461
 1606    2130  2813   679  2174
 1607     410  2004   454  2876
 1608    2348  2393  1025  2820
 1609     744   933  1512  2887
 1610     565   521   477  2846
 1611     661  2834   616  2234
 1612    1158  1352  2056  2702
 1613    1317  2639  2678  2751
 1614    2142  2707   196  1735
 1615    2473  1191    20  2673
 1616    1277  2367  2561  2712
 1617    1762  1982   399  2761
 1618    2333  2050   965  2784
 1619    1850   487  2853  2894
 1620     401   445  2519  2840
 1621    2527  1139  2585  2687
 1622    2169  2214   730  2900
 1623    2291  1757  2302  2659
 1624    2823  2695  1571  2891
 1625    2853   487  1267  2732
 1626     418  1474   870  2839
 1627    2783  2866  2618    34
 1628     394  2302  1888  2659
 1629    1254   111  2597  2857
 1630     901  2582   904  2813
 1631     253  2647  1441  2718
 1632    1888  2302  1801  2659
 1633    1842  1042  1280  2880
 1634    1123  2336  2758  2778
 1635     563  2797  2713  2867
 1636    1385    23   988  2679
 1637    2082  1027  2038  2847
 1638    1706  2563   593  2849
 1639     289  1353  2695  2891
 1640     473   571  1704  2792
 1641    1664  2881  2814   214
 1642     533  1394  2749  2877
 1643      82  2771   507   867
 1644    1160  2487  2666  2671
 1645    1863  2037   720  2863
 1646    2301  2256   803  2793
 1647    2106  1007  1743  2687
 1648    2619  1441  1026  2872
 1649    2917   429   970  1616
 1650    2665  2675  2702  2851
 1651    1491  1448  2722  2864
 1652    1315  2039  2083  2782
 1653    2857  1430  2886  2791
 1654    2773  1742  2833  2911
 1655    1406   130  2466  2873
 1656    2587  1747  2287  2784
 1657     150   921   106  2784
 1658    2811  2777  2561  1703
 1659    2422   106  1565  2784
 1660    2332  2587  2287  2784
 1661    2200   807  2696  2847
 1662    2374  2658   601  1172
 1663    2670  1579  2722  2864
 1664    2145  2797   237  1600
 1665     429  1000  2518  2922
 1666    2682  2473  2922  1590
 1667    1725  1769  2105  2719
 1668    2411  1982   840  2761
 1669    2441  2847  2396  1071
 1670     438   482  1722  2659
 1671    1771   711  2496  2860
 1672    2858   985  2262  2041
 1673    2322   356  1170  2735
 1674    2648  2674  2828  2851
 1675    1434  1824  2112  2786
 1676    1113  2528  1157  2820
 1677    1122   866   910  2759
 1678      80  2923   182  2103
 1679    2551    23  2403  2679
 1680     813  1217  1955  2893
 1681    2092  2214  2258  2900
 1682    1809    71  1477  2840
 1683     934  1486  1529  2906
 1684    2695   991  2715  1480
 1685      95  2714  2794  2904
 1686    2315   276   232  2710
 1687     270   211  1970  2661
 1688    2114  2129   986  2851
 1689    1233  2336   871  2778
 1690    2054  1277  2381  2712
 1691    2724   557  2500  2557
 1692      63  2710  2728   465
 1693    2783  2684  2804  2906
 1694     480  2571   524  2864
 1695    2412  2019   920  2687
 1696     652  2861  2706  2059
 1697    1765   225  1350  2840
 1698    2147  1545   357  2840
 1699    1941   114  1984  2840
 1700    2665   386  2702  2924
 1701    1090  2707  2734  2893
 1702      84  1450  2842  2848
 1703    2590     4  2176  2838
 1704     948  1427   990  2801
 1705    2718  2671  2878  2847
 1706     701   788  2836  2882
 1707    1342  1562   595  2691
 1708    2787   234  1927  1467
 1709     468  2749  2877  2840
 1710    1835  2697  2729  2703
 1711     130  1360  1431  2873
 1712    1143  2727   610  2276
 1713    2450  1545  2735  2840
 1714     314  1765  1659  2661
 1715     109  2839  1429  2664
 1716    1739  1792  1263  2830
 1717    1949  1863  2657  2798
 1718    2340  1192  2385  2880
 1719     699  2062   655  2740
 1720    2522  1085  1041  2746
 1721    2588  1552   320  2710
 1722    2099  2792   572  2868
 1723    1473  1714   306  2659
 1724    2369  2594    61  2924
 1725     713  2144  2852  2906
 1726     853  2406  2216  2863
 1727    2313  2543  1216  2680
 1728    2367  1277  2054  2712
 1729    2317   306  2659  2716
 1730    1946  1991  2804  2918
 1731    2424  1568    72  2655
 1732    1521   357  2450  2840
 1733    2694  2758  1084   267
 1734    2770  1216   645   829
 1735     117  1348   500  2885
 1736    2450   401  1521  2840
 1737    2360  2728  1418  1740
 1738     200  1400  2717  2817
 1739    2242  2790  2750  2784
 1740    1697  1838   749  2799
 1741     503  2225  2823  1954
 1742    1921  2817  2838  2717
 1743    1448   264  1491  2722
 1744     472   120  1334  2867
 1745      37  1387  2537  2807
 1746     696  2552   360  2747
 1747    2124  2665  2828  2851
 1748    1986  2359  2629  2855
 1749     669   712  1573  2852
 1750      80  2923  2103  2766
 1751     363  1815  1274  2831
 1752    2847  2441  2396  2671
 1753    2826  2108  1190  2882
 1754    2692   124  2875  2910
 1755     869  2796  1976   517
 1756     465    63  2645  2728
 1757    2704  2253   167  2697
 1758    2710  1330    63   262
 1759     616  2834  2832  2903
 1760    1486   934   251  2906
 1761    1552  2588  1596  2710
 1762    2498  2823  1998  1744
 1763    1096  1565  1052  2750
 1764      57  2356   944  2693
 1765      55  2776  2728    99
 1766    2659   438  1846  1722
 1767    2844  2738  2616  2662
 1768     988  2220  2401  2679
 1769    1274   893   584  2860
 1770     506  1784    91  2777
 1771    1664  2380   696  2747
 1772    2774   390  1046  2727
 1773     111  2791  2857  1254
 1774    1153  2164   695  2920
 1775    2697  1835  2253   976
 1776     955    15  1110  2710
 1777     364  2588  1788  2710
 1778    2006  1985   604  2850
 1779    2253  1019  2704   167
 1780      83   127  1403  2722
 1781    1551  1595  2844  2896
 1782     394  1846  1802  2659
 1783    1521   401  2519  2840
 1784     510  2847  2215  2126
 1785    1615   516   234  2876
 1786    1656   656  1861  2763
 1787    1481  2072   468  2840
 1788    2755  1446  1959  2710
 1789    2773  2677  2833  2905
 1790    2344  1065  1285  2869
 1791     748  2659   482   438
 1792    1559   480  1668   241
 1793    2591   467  2703  1064
 1794    1943   518   474  2862
 1795    1578   259   215  2722
 1796    2157   839  2682  2922
 1797     957  2610  1458  2789
 1798     556   179   512  2712
 1799     775   859   815  2801
 1800    1714  1802   351  2659
 1801     903  2801  1796  2117
 1802    1934  2633   473  2659
 1803    1765  2877  2840  2661
 1804     309  1495  1145  2802
 1805    2710   302  1391  1154
 1806     564  1556   862  2782
 1807    1788   525  1419  2710
 1808     893  2779  1274   628
 1809    2924   983   940  1479
 1810    1479   983  1027  2847
 1811    2374  2774   601  2859
 1812     807  2038   939  2847
 1813     575  2894  2795  2732
 1814    2196  2750  2687  2241
 1815    1789  1731   117  2885
 1816     419  1739  1263  2691
 1817    2082  2126  1071  2847
 1818    1400  2854  2045  2817
 1819     591    30  2042  2823
 1820    1362   130    87  2873
 1821     982  1026  2305  2872
 1822      83  1447  2456  2722
 1823     224   906   816  2825
 1824    2381  2778  1277   871
 1825    1384  2060  1340  2829
 1826     541   585  1817  2755
 1827     155  2583  1298  2691
 1828     454   421  1036  2876
 1829     720  2037  1907  2863
 1830    2853  2756  2714  2871
 1831    1281  1325  2701  2880
 1832    2106  2740  2062   860
 1833     120   907  1378   148
 1834    1858  1469  1902  2719
 1835    2256   759   803  2793
 1836    2256   935   105  2793
 1837     365  1729    27  2755
 1838    1649  2815  2899  2827
 1839    2792   810  2796  2903
 1840    1478   541  1817  2755
 1841    1490  2754  2508   747
 1842    1375   994  1465  2755
 1843    2058   238  2030  2874
 1844    2374  2774   786   601
 1845     102  1969  1443  2686
 1846    1700  2790  2750  2556
 1847    1113   660  1069  2820
 1848    1494   218   131  2802
 1849    2862  2852  2909  2805
 1850     270   211  2661  2877
 1851     352   440   226  2818
 1852    2750  2047  2196  2687
 1853    1489  1558  2767  2780
 1854    2663  2762  2766  2825
 1855    1328  2186  2896  2907
 1856    1561  1220  2667  2760
 1857     988  2356  2220  2693
 1858    2693  2507    23  1341
 1859     986  1030  2124  2665
 1860     767  2806  2693  2141
 1861      68   502  2269  2827
 1862    2413  1023  2482  2726
 1863    1850  1673   662  2894
 1864      60  2351  2713  2797
 1865    1759  2170   483  2892
 1866     233  1178   607  2898
 1867    1527   505  2452  2849
 1868    1800   612  2339  2670
 1869    1192  2742  2340  1148
 1870     891  1213  2726  2783
 1871    1362  1361  2873  2883
 1872    1176  1517  1220  2760
 1873     857  2717  2672  2221
 1874    2656  2799  2883  2826
 1875    2045  2717  2854  2870
 1876     566  2727  2149  1611
 1877    2739   958  1354   745
 1878     784  1737   373  2717
 1879    1687   500   953  2921
 1880     471   427  2714  2741
 1881      12  1742  2833  2856
 1882     353  2736  2361  2818
 1883    1665  1923   433   687
 1884    2797  1575  2744  2700
 1885     973   972  1016  2681
 1886    2237  2629  2359  2855
 1887    1295   298   153  2828
 1888     484  2713   279  2013
 1889    1228  1526  2331  2739
 1890    2779  2863  2831  2705
 1891    2277  1038  2435  2728
 1892     854  2084  2128  2912
 1893    2390  1440  1110  2776
 1894    2058  2030   300  2874
 1895    1669  1713   306  2716
 1896    1752  1685   479  2814
 1897    2371  2103   256  2762
 1898    1517  1176  1914  2760
 1899    2804  2852  2819  2904
 1900    1858  1814   551  2719
 1901    2684  2617  2741  2906
 1902      51   140  1415  2681
 1903    2906   891  2783  2100
 1904    2129  2675  1029  2851
 1905    1807  1834   223  2694
 1906    1420  2721  1798  1930
 1907       0  2419  2721  2884
 1908    2877   211  1765  1266
 1909    2083  2912   588  2127
 1910    1808  2749  2735    28
 1911    1752   906   224  2825
 1912    1727   275   772  2773
 1913      73  1995  1348  2797
 1914     949  1489  2745  2780
 1915    1209  2266  2536  2717
 1916    2163  2802  2875  1495
 1917    2364  2319   673  2757
 1918      34  2618  2634  2866
 1919    2745  1489  2764  2780
 1920    2915  2788  2918  1091
 1921    2245  1171  2284   962
 1922    1357  2902  1313  2283
 1923    2661  1659  2840  1765
 1924    2431  2663  2706  2890
 1925     800   497  1478  2755
 1926     480  2571   241   524
 1927    1540  1584  1454  2761
 1928    2227   850  2696  2820
 1929    1410  1365  2569  2777
 1930     606   562  2795  2916
 1931    1913  1785  1608  2822
 1932    2435  1038  2480  2728
 1933    2586  2867  2683   907
 1934    1093  1049  2403  2842
 1935    1776  2669  2675  2865
 1936    2899   704  2767   238
 1937    2138  2588  1640  2755
 1938    2772  2809  2815  2827
 1939    2696  2414  2669    59
 1940    2450  1720  1764  2735
 1941    2289  1187  1543  2913
 1942    1040  2409  2749  2879
 1943    1639   496  1595  2911
 1944     336   585  2138  2755
 1945    2436  1388   593  2849
 1946     420  1214    47  2777
 1947    2317   306  1670  2659
 1948    2755  1729   453   365
 1949    1737  2506  2672  2870
 1950    1714   307  1670  2659
 1951    2633   526   517  2659
 1952     592  2893  2800  1955
 1953     962  2240   644  2285
 1954    2821  1420   212   520
 1955    2606  1344  2539  2688
 1956     371  2657  2773  2798
 1957    1499   356  1456  2811
 1958    2166   659  2122  2793
 1959    2728  2703  2010  2869
 1960    1987  2138   585  2755
 1961     206  2699  2455  2763
 1962     731   859  2327  2801
 1963    2017  1795  1046  2859
 1964     886  2565   753  2905
 1965     181  2663  2749  2877
 1966    2508  2722  1490  1657
 1967     484  2713  1422   279
 1968    1209  2536  2492  2717
 1969      75  2393  2348  2733
 1970      32  2812   731  2046
 1971    1310   268  1322  2694
 1972    1052  1609  2151  2750
 1973     778   187  2776  2920
 1974    1611   478  2149   566
 1975     146  2653  2723  2897
 1976     586   864  1656  2763
 1977    2321  2754  1224  1589
 1978    2672  2731  2854  2870
 1979    2045  2461  2506  2870
 1980     456  2700  1965  1951
 1981    1100  1012   968  2688
 1982    1772   717  1728  2723
 1983     112   216   521  2846
 1984    2505  2014  2243  2790
 1985    2393   101  2438  2733
 1986    2176  1260  2838  2893
 1987    2924  2307  2665  2666
 1988     706  2682  1938   818
 1989    2672  1829  2731  2870
 1990     743   699   684   831
 1991    2607  2811  2777  1523
 1992     800  1729  2755  2876
 1993    1515  2686  2005  1155
 1994    1418  1463  1114  2728
 1995    1974  1311  2658  2739
 1996    2506  1829  2672  2870
 1997    2505   791  2724  2835
 1998    2788  2906  2804  2852
 1999    2124  2665  2765  2828
 2000    1829   330  2731  2870
 2001     815    32   384  2801
 2002     482  1933   526  2659
 2003    1643  2867  2542  2921
 2004     639  2854  2731  2870
 2005    2714    95  2794  2871
 2006    1670   306  1714  2659
 2007    2137  1833  2705  2863
 2008    1741  2727  2149  2136
 2009    2668  2675  2858  2886
 2010    1052  2047  1096  2750
 2011    1452  1494     9  2875
 2012    1410    47  1365  2777
 2013     687   433  2812  2846
 2014    2301   935  2256  2793
 2015    1180  1136   125  2754
 2016    2183  2920   908  2728
 2017      30   591  2745  2823
 2018    1702  1271  2331  2739
 2019    2792  1670  1626   263
 2020    2811    91   158  1631
 2021    1565   106  1052  2750
 2022     888   395  1424  2892
 2023    2641  1524  1232    46
 2024    1643  2867  1347  2542
 2025    2564   385  2789  2880
 2026     330  2461   639  2870
 2027    2314   402  1897  2850
 2028     420   158  1523  2777
 2029    2736  2832  2868  2894
 2030    2061  2740   655  2457
 2031    2656  2808  2827  2826
 2032    2151  2047  1052  2750
 2033    2785   536  1278   624
 2034    2614  2183  2703  2920
 2035     465  2645    55  2728
 2036     500  1348  2797  2885
 2037    1384  2664  1340  1755
 2038    2731   639   330  2366
 2039    2492  1166  1745  2817
 2040    1060   883  2794  2871
 2041    2728   522    63  2645
 2042    2690  2300  2887  2896
 2043    1201  2634  2696  2866
 2044    1563  1566  1519  2807
 2045    2078   583   627  2793
 2046    2728  2615  1285  2480
 2047     149   102  1443  2815
 2048    2669  2924   983   940
 2049     639  2731   330  2870
 2050    1092  1136  2373  2754
 2051    1267   971  2048  2871
 2052     162   587  2787  2921
 2053    1635  1101  2290  2701
 2054    1740  1418  1114  2728
 2055     979   956  2726  2793
 2056    1276  1524  2007  2688
 2057    1604  1445  2707  2893
 2058     435   379  1265  2827
 2059    1458  2916   957  2789
 2060      55  2645  1740  2728
 2061    2201  2165  1634  2741
 2062     629  2662  1349  2757
 2063     925  2426   252  2688
 2064     825   573  2111  2868
 2065    2367  2561  2712  2777
 2066    2426  1567  2054  2688
 2067    2291  1473   306  2659
 2068     708   752  1940  2879
 2069     811  2679  2137  2220
 2070    1231  2655  2768  2913
 2071     688  2680  2268   741
 2072     563   123  1334  2713
 2073    2778  2381  1277  2712
 2074    2739  2658  1399  2803
 2075    2022  2380  1957  2881
 2076    2159  1192  2115  2742
 2077    2641  1524    46  2688
 2078    2712  1503  2391   135
 2079     221   177  2747  2841
 2080    1921  1209  2492  2717
 2081    2176   813  2589  2893
 2082    2811  1587   158   464
 2083    2837  2540    86  2678
 2084     487  2732  2853  2894
 2085    2744   678  1335  2695
 2086    1720  2450  1545  2735
 2087    1814  2901   627  1770
 2088    1604   417  1445  2893
 2089     384  1086  2177  2801
 2090    1524  2737  2778  2688
 2091    1604  1090  2893  2707
 2092    2663   577  2766  2879
 2093     784   200   896  2717
 2094     632   676  2711  1819
 2095     526  1933   517  2659
 2096     769  2893  2734  1217
 2097    1260  2717  2838  2893
 2098     672  1091  2915  2918
 2099     388  2874   300  2065
 2100    1746   591  1910  2823
 2101    1244  1109  1288  2733
 2102    1388  1913  2452  2849
 2103       4  2838  2893  2176
 2104    2232   994  2710    56
 2105     594  2134   947  2801
 2106     892   848  2075  2793
 2107    1890   482   526  2659
 2108    1241  1285  1038  2869
 2109     823  1097  1212  2784
 2110    2349  2696  2304   850
 2111     122  2792   572  2504
 2112    2785  1637  1593  2719
 2113    1670  1626  2317  2659
 2114    2607  2367  1214  2777
 2115    1579  1748  2670  2722
 2116      32  2759   771  2801
 2117    2650  2321  2525  2807
 2118       4  1217   813  2893
 2119    2393  2348  2733  2820
 2120    2079  1068  2866  2733
 2121     767  2217   811  2693
 2122    1892   353  1848  2818
 2123    1895  1698  1939  2799
 2124     857  2717  2893  2672
 2125     395  1802  1846  2659
 2126     482  1890  1722  2659
 2127    2507  2551   285  2843
 2128     539   583  2034  2915
 2129      95  1460    51  2681
 2130    1068  2079  2866  1024
 2131    2716  1580  2889  1536
 2132     841   886   797  2708
 2133    1731  1775   544  2885
 2134    2414  2669    59  2440
 2135     451  1462  1505  2788
 2136    1432  2830   561  2754
 2137     493   889  1769  2719
 2138    2676  1149   227  2701
 2139     479  2035  2472  2814
 2140     629  1349  1305  2757
 2141     855  2909  2785  1549
 2142    2865  2702  1397  2669
 2143     870  2548   418  2839
 2144     274  1771   319  2708
 2145     206  2757  2763  1305
 2146     929  2027   972  2681
 2147    1522  1752   479  2694
 2148    1114  1463   908  2728
 2149    1968  1783  2012  2760
 2150    2219  2087   904  2813
 2151    1936   397  1892  2818
 2152    2756  2654  2692  2875
 2153     451  1462  2788  2904
 2154     616  2824  2903   615
 2155    1169   141  2708  2831
 2156    2569  2712  2777  2688
 2157     714   523  1857  2719
 2158    2648   342  2665  2828
 2159    2514  2835  2747   513
 2160     685  2712  1784  1503
 2161    2111  2067   528  2818
 2162     528  2099  2111  2818
 2163    1400  2854   683  2045
 2164    2655   835  2835   299
 2165    2327   115   947   728
 2166     730  2858  2169  2900
 2167    2767  2752  2809  2813
 2168     330  2506  2461  2870
 2169     228  2676   272  2785
 2170    2593   617  2068  2868
 2171     702  1886  1146  2821
 2172    2183   908  1463  2728
 2173    1305  1349   673  2757
 2174    2496  1860  1771  2798
 2175    2542  2867  2787  2921
 2176    1223   479  2472  2814
 2177    2681   930  2831  2644
 2178    1709  2846   478  1875
 2179     752  2762  1022   311
 2180    2101  1134  2745  2823
 2181    2741   383  2852  2906
 2182     187  2738  2776  2920
 2183    1440  2277  2435  2728
 2184    2728  1286   262    63
 2185    1286  2728  2480  2615
 2186    2200  2696  2820  2847
 2187    2788  1462  2805  2904
 2188    2871   883  1016  1060
 2189    2777  2811  2561  2712
 2190    2582   901  2672  2813
 2191     904  2043  2219  2813
 2192    1115  2126  2215  2847
 2193    2921  1965   456  2867
 2194    1172  2884  2419  1701
 2195    2813  2767   679  2174
 2196    2849  1919  2822  1913
 2197    1962  2876  2810   278
 2198    2672  2780  2800  2813
 2199     728  2812   947  2181
 2200     728  2812   565   477
 2201    1923  1621  2812  2846
 2202    2472  1664  1223  2814
 2203     609   565  2812  2846
 2204    1583  2792   176  1716
 2205     478   566  2727  2846
 2206    1923   433   687  2846
 2207    1143  2727  2846   610
 2208    2219  2043  2174  2813
 2209     723  2219  2174  2813
 2210    2806  2772  2809  2815
 2211     292  1866  2695  2823
 2212     807  2200  2696  2304
 2213     868   643   833  2750
 2214    1314    83  1403  2722
 2215    2424  1129  2655  2835
 2216    2659   351   395  1802
 2217    1517  2667  1220  2760
 2218    1914  1783   254  2760
 2219    2163  2802  1495   309
 2220    2741  2714  2819  2904
 2221     471   559  2201  2834
 2222    2789  1874  1149  2880
 2223    1914  2012  1783  2760
 2224     859  2801  2222   903
 2225     681   245   637  2849
 2226    2759  2268  2223  2812
 2227    2327  2812   947   115
 2228    2786     1  1736  1692
 2229     929   973  2644  2681
 2230    2792   527  2892  1704
 2231    2924  2669   983  2847
 2232     155  1298  2667  2760
 2233    2206  1124  2251  2850
 2234    2246  1268  1224  2321
 2235      40   993     7  2843
 2236    2861   783  2704  2746
 2237    2682  2473  2673  2922
 2238    2493  2691  2725  2760
 2239    2073  2148  2725  2857
 2240     811  2679  2863  2137
 2241    2293  2338  1059  2673
 2242    1963  1392  2697  1240
 2243    1471   801  2678  2836
 2244    2656  2781  2808  2826
 2245    2200  2038   807  2847
 2246    2251  2661  2296  1018
 2247    1588  1544  1170  2735
 2248     356  1499  1343  2735
 2249    1659   358   604  2850
 2250     532  2031  2003  2735
 2251     593  2849  1736  1706
 2252    1735  2689  2707  2823
 2253    1735   912  2689  2823
 2254    1982   797   840  2761
 2255    2056  2684  2702  1397
 2256     576    28  2031  2735
 2257    2178  1245   905  2812
 2258     547   248  1744  2823
 2259    1083  2835  2790  1186
 2260    1388  1913  1785  1608
 2261    2695  1646  2744  2823
 2262     358  2840  1853  2850
 2263     314  1659   604  2850
 2264    2327  2812   115   731
 2265    2659   483   700  2892
 2266    2029  1985  2006  2850
 2267     814  2177   858  2222
 2268     292  2695  2744  2823
 2269    2020   614   210  2824
 2270     547  1546   248  2823
 2271    1910  2744  2745  2823
 2272    1618   488  1343  2735
 2273    2686   376  2748  2855
 2274    1709  1665   687  2846
 2275     473  1934  2659  2892
 2276     483  1934   527  2892
 2277     164  2209   976  2703
 2278    2707    30  2745  2823
 2279    2762  2371  2766  2825
 2280    2699   206  2757  2763
 2281    1910   292  2744  2823
 2282    1182  1226  1449  2902
 2283    1515  2686  2690  2005
 2284    1666  2725  2743  2902
 2285    1397  2684  1442  1466
 2286     852  2306  2858  2865
 2287     338  2341  2661  2746
 2288     580  1577   346  2774
 2289    2669  2594  2414  2718
 2290     246  2815  1514   149
 2291       7  1005  1049  2843
 2292     268   816   906  2825
 2293    1005   285  2551  2843
 2294    2697   976  2209  2703
 2295    2673  2248  2682  2795
 2296    1546  1866   248  2823
 2297     578  1124   641  2850
 2298     534   641  1124  2850
 2299     600  2556  1700  2750
 2300     958  2739  1354  2750
 2301     887  2848  2553  2791
 2302    2498  2823  1744  2042
 2303    1134  2707  2745  2823
 2304    2792   528  1803  2892
 2305     880   788   701  2882
 2306    2804  2684  2865  2900
 2307     591  1746  2745  2823
 2308     527  1704  1803  2892
 2309    1134  1735  2707  2823
 2310    1954  1998  2689  2823
 2311    2406   853  2705  2863
 2312     313  1676  1545  2735
 2313    2173  1030   986  2665
 2314    2533  2489  2720  2765
 2315    1875   340  1665  2846
 2316    1764  2031  1808  2735
 2317     824  1500  2322  2735
 2318    2300  1653  2326  2690
 2319     989   945  1785  2822
 2320     307   263  2659  2892
 2321     868  1395   789  2750
 2322    1808  2749  2228  2735
 2323     576  2031   532  2735
 2324    2337  2550  2058  2767
 2325    1735   195   912  2823
 2326     797   753   840  2761
 2327    2334  2655  2379  2913
 2328    2414  2696  1273    59
 2329    2655  1363  2737  2835
 2330     789   958  1354  2750
 2331    2792   527  1704   473
 2332    2576  2671  1248  1292
 2333    2674  2548  2691  2760
 2334    2524  2568  1418  2703
 2335    1957  2781  2881  2182
 2336     310   266  1409  2841
 2337     606   562  1279  2795
 2338     208  1063  2729  2888
 2339    2493  1298  2691  2760
 2340    2886   985  2041   812
 2341     131  1495  1494  2802
 2342    1208  2839  2664    22
 2343     979  2726  2413  2733
 2344     126   613  2771  2895
 2345    2116   426   666  2877
 2346    2677  2748  2773  2833
 2347       1  2786  1262  1692
 2348    1982   884   797  2761
 2349     308   352  2818  2892
 2350    1326  2521  2565  2905
 2351    1220  1561  1176  2760
 2352     423   453   365  2755
 2353    1996   689    29  2764
 2354     528  2792  2818  2892
 2355    1134  2101   195  2823
 2356     816  1457  1255  2825
 2357    2654  2714  2771  2802
 2358    1264  1472  1220  2667
 2359     155  2667  2674  2760
 2360    2148  2448  2725  2857
 2361    1236  1192  2742  2880
 2362     602  1230  1173  2835
 2363    1462  1504  1548  2904
 2364    2920  2753  2697   733
 2365    2154   923   966  2913
 2366    1914  1176  2012  2760
 2367    2668  1561  2760  2097
 2368    1298   155  2691  2760
 2369    1783  1968  2725  2760
 2370    2070  1708  1412  2825
 2371    2469  1129  1173  2835
 2372    2201   559   603  2834
 2373    2714  2654  2756  2802
 2374     155  2674  2691  2760
 2375    2181   609   565  2812
 2376    2787   234  2763  1927
 2377    2705  2654  2858  2886
 2378    1021  2765  2720  2444
 2379    2849   593  1736     1
 2380     928  2027   929  2681
 2381    1034  1427  2357  2453
 2382    2051   688   741  2812
 2383    2294  2880  2673  1199
 2384    1517  2548  2674  2760
 2385    1298  2725  2493  2448
 2386    2714  2730  2853  2871
 2387      60    79  1600  2797
 2388     161   674  2699  2723
 2389     636  2582  1999  2800
 2390     141  2541  2708  2831
 2391    1402  1447    83  2722
 2392    1914  2548  1517  2760
 2393    1298  2725  2448  2760
 2394    1325  1605  1414  2880
 2395     507  2668  2771  2760
 2396    2144  2906  2788  2852
 2397    1541  1431  1257  2808
 2398     680  2806  2772  2809
 2399    2857   887  2848  2599
 2400     342  1382  2665  2828
 2401    2432  2746  2729  2888
 2402     501   545  1256  2715
 2403    2658  1399  2803  2595
 2404    1526  2751  2739  1228
 2405    1046  2658  1795  1973
 2406    1957  2781  2182  1471
 2407    2339   826  2670  2743
 2408    2464   830   828  2721
 2409    1326    12  2833  2856
 2410    2750  1008  1609  1299
 2411     400  1343   787  2735
 2412    1591   316  1547  2701
 2413    2751  2242  2750   958
 2414    1000  2547  1235  2673
 2415     995  1106  1062  2746
 2416    2679  2654  2705  2791
 2417    1949   371  1993  2798
 2418    2591    26  1064  2703
 2419    2739  2687  2750  2803
 2420    2760    82  2771   507
 2421      22  2698  2839  2829
 2422     576    28  2735  2811
 2423    2178  2759  2801  1034
 2424     241  2889  1668  2864
 2425    1071  1027  2082  2847
 2426     725  2044  1259  2088
 2427    1275  2640  1231  2768
 2428    2699  1686  2787   162
 2429     724  2220  2356  2693
 2430    2531  2576   911  2666
 2431    1149  1193  2701  2880
 2432     960  2791  2403    67
 2433     961  2554  2016  2843
 2434    2611   841  2692  2708
 2435     841  2761  2708   797
 2436    2760  2857  2668  2771
 2437    2813   901  2845  2925
 2438     821   601   786  2774
 2439    1869   428  1527  2849
 2440    2686  2773  2815  2855
 2441     454  1036  2810  2876
 2442    2880   295  1605  2520
 2443     160  2088  1259  2734
 2444    1425  1308  1088  2702
 2445    1170  1544  2322  2735
 2446    1217  2893  1261  1955
 2447      96  2708  2831  1169
 2448    1085  2704  1041  2746
 2449    1990  2918  2915   716
 2450    2840   641   578  2028
 2451     249   733  2697  2753
 2452    2200   851  2082  2847
 2453    2448  1298  2760  2857
 2454    2064  2771   603  2834
 2455    2684  2819  2900  2804
 2456     201   156   989  2822
 2457    2623  2648  2665  2851
 2458    2749   824   225  2840
 2459    2801   903  1796  2222
 2460     886   841  2611  2708
 2461    2669  2675  1029  2226
 2462    1776  1994  2669  2865
 2463     529   193   485  2818
 2464     652   446  2706  2753
 2465    1147  2294  1103  2673
 2466    2646  1603   704  2752
 2467    1794  2677  2526  2923
 2468    2833  1742  2907  2911
 2469    2434  2299  1035  2869
 2470    1137   293   740  2770
 2471     119  1470  2668  2684
 2472    2721  2774   601   830
 2473    2774  2721  2770   830
 2474    2723  2699  2757  2898
 2475    2249  1059  1103  2673
 2476     122  2792  2504  2832
 2477    1635   404  1591  2701
 2478    2762  1718  2799  2841
 2479    2527  2585  2240  2740
 2480    2409  2877  2663   381
 2481     840  1939  1698  2905
 2482     346   580  2658  1355
 2483    2747   513  1363  1613
 2484    1128  1620  2376  2884
 2485     593   549  1736     1
 2486    2403  2791  2679    67
 2487    1184  2286  1526  2750
 2488    2887   933  2753   744
 2489    1237   993    40  2843
 2490    2031  1764  2003  2735
 2491     851  2200  2820  2847
 2492    2268  2759  2223  1215
 2493    2696  2669  2847   807
 2494    1400  2854  2817   683
 2495     270  2545  2104  2861
 2496    1653  2596  2326  2690
 2497    1021  2765  2399  2720
 2498     901  2311  2845  2925
 2499    1820   756    25  2683
 2500    2108  1177  1190  2882
 2501     435  2826  2827  2108
 2502    1070  1396  1441  2718
 2503    2712   685  1784  2777
 2504    1443   102  2686  2815
 2505    1725  2105   626  2719
 2506    1449   378  1182  2902
 2507    1102  2541   230  2708
 2508    2120  1487  1111  2855
 2509    1459  2503   341  2789
 2510     673  1684  2364  2757
 2511    2647  2414  2696  1273
 2512    1817  2763  2755  1861
 2513     313  2840  1545  2147
 2514     543   444  1642  2787
 2515    2644    51  1415  2681
 2516    2789   957  2794  2916
 2517    1341  2356   988  2693
 2518    1778  2821   301  2854
 2519    1315   721  2039  2782
 2520    1732   335  1688  2683
 2521    2364  1684  2662  2757
 2522      57  2175   724  2693
 2523    2644   973    51  2681
 2524    1595  2690  2896  2911
 2525     185  1415   140  2681
 2526     271  1547   227  2701
 2527    1125  2833  2706  1282
 2528    1603   704  2752  2899
 2529    2711  1830  2773  2686
 2530     637  2786  1706  1780
 2531    2414  2594  2395  2718
 2532     502  2815  2269  2827
 2533    1710  2752  2767  2780
 2534    2507  2627  1341  2693
 2535    2743  2725  2769  2902
 2536     895   170  2260  2872
 2537    2344   569  1065  2869
 2538    2656  2708  2761  2905
 2539    2003  2811  2495   532
 2540    1448  1403  2722  2864
 2541     261  1757   173  2716
 2542     554  1330   232  2710
 2543     208  2704  2729  1019
 2544     368  2867    69   463
 2545    2697   951  2567  2704
 2546    2006   402  2029  2850
 2547    2165  2021   613  2771
 2548    1766   490  1629  2832
 2549    1748  2902  2670  2722
 2550    2778  2688  2408    90
 2551     785   734  2680  2774
 2552    1966  2744  2695   370
 2553    1358  2294  1147  2673
 2554     857  2221  2589  2893
 2555    1298  2667  2760  2857
 2556     501  2683  1820   333
 2557    2710    56  1154   955
 2558    1283  2753   334   249
 2559    2450   357  1545  2840
 2560      76  1733  1966  2715
 2561    1151  2197   834  2751
 2562    1898  2545   270  2861
 2563    2623  2665  2702  2851
 2564    2678  2739  2076  2751
 2565     401  2228  1808   445
 2566    1320   469   777  2737
 2567    2846  2774  1797  1612
 2568     663  2293   619  2682
 2569    2768  2515   925   555
 2570    1108  1300  2479  2703
 2571    1462  1505  2788  2805
 2572    1917  1576  2723  2844
 2573     606  1279  2562  2795
 2574    2335  1979  2023  2818
 2575    2428  1590  2473  2673
 2576    2475  1605  1325  2880
 2577      65  1755    21  2664
 2578     567  1973  1795  2658
 2579    1211  1887   964  2810
 2580    2113  2069  1116  2682
 2581    2151  1289  2091  2687
 2582    1414  1605  2520  2880
 2583    2635   446   145  2753
 2584    1232  2007  2688  2768
 2585     734  1885  2410  2774
 2586    1302  2063  2412  2687
 2587    1542  1426  2408  2712
 2588    1496  1540  1409  2883
 2589     631   162  2787  2921
 2590     366  1962   322  2810
 2591    2847   510  2215  2872
 2592     801  2191  2236  2836
 2593    1516  2820  2439  2484
 2594     898   809  1225  2863
 2595    1990   672  1091  2915
 2596    1225   809   720  2863
 2597    2408    46  2688  2712
 2598     469  2747  2758  2737
 2599    1840  1932  1311  2709
 2600    2384  2429  1199  2673
 2601     344   749    10  2881
 2602    1393  1964  2699  2914
 2603    2636  2691  2807  2830
 2604    2117   594   903  2801
 2605     664  1896  1658  2749
 2606    2186    98  2896  2907
 2607    2008  2431  1194  2890
 2608     593   549     1  2849
 2609    2135  2134  2801  2812
 2610    2512  2790  2750  1700
 2611    1589  2525  2321  2807
 2612     180  2609  2762  2923
 2613    2741  2906  2819  2684
 2614     162   587  1686  2787
 2615    1681  1529  1486  2783
 2616    1643  2867  2921  1347
 2617    1672  1452     9  2875
 2618      71   269  1037  2840
 2619    1415  2644  2681  2831
 2620     116  1876  1227  2803
 2621     975  1754  2704  2753
 2622    1207  2578  1251  2765
 2623    1551  2723  1728  2844
 2624    1086  2759  2822  2801
 2625    1886   702  1265  2821
 2626    1246   862  2782  2897
 2627     989  1033   201  2822
 2628    1101   359  2290  2701
 2629    1015  2742  2362  2673
 2630    1000  1235  2518  2673
 2631    2182    10  2781  2881
 2632    2408  1426    46  2712
 2633     932  2765  2664  1163
 2634    1414  1459   447  2701
 2635     512   135  2712  2811
 2636    1512  1135   844  2887
 2637    2801   859  2222   775
 2638    2423  1212  2784  2790
 2639     145   608   844  2753
 2640    2319  1948   673  2757
 2641     811  2679  2693  2863
 2642    1363  2747  1613  2737
 2643    2118   783  2704   739
 2644    2341   995  2661  2746
 2645    2422   773  1097  2784
 2646     552  2207  1126  2888
 2647      24  2629  2237  2826
 2648    1372  1328  1327  2907
 2649     378  2769  2725  2902
 2650    2201  2714   471  2834
 2651    2888  2704  2118  2746
 2652    2266  2845  2672   901
 2653    1518  2674  1164  2691
 2654     799  2370  2661  2746
 2655    1508   497  2389  2755
 2656    1977  2633   570  2796
 2657    1346  2061  2727  2740
 2658     148  2546   120  2683
 2659    2860  2660  2831  2863
 2660    2704  1437  2522  2746
 2661    1163  1119  2444  2765
 2662    2306  2262   897  2858
 2663     185   362   318  2831
 2664    1004  2724  2747  2837
 2665    2077  1234  2044  2849
 2666    1063   208  1082  2888
 2667    2770  2721  2821  2908
 2668     887   960  1254  2791
 2669     924   213  2575  2530
 2670    2656  2799  2905  2883
 2671    1652  2282   293  2817
 2672    2730  2651  1705    11
 2673    1633  1309   379  2827
 2674    1409  1540   354  2883
 2675     247  2029  2161  2850
 2676     145  2748  2753  2907
 2677    2462  2417  1816  2908
 2678     514   223  1834  2694
 2679    1281  1193  2385  2880
 2680    1922  2268   866  2680
 2681    2618  1442    59  2696
 2682    1203  1247  2575  2878
 2683     538  1593   582  2719
 2684    2522  1437     2  2746
 2685     390  2098  2017  2727
 2686    2672  2731  2752  2813
 2687    1549  2901   538   494
 2688    1924  1901  1967  2719
 2689    1506   778  2776  2920
 2690    1515  2255  2326  2690
 2691    1777  2715   991  1480
 2692    2484  1025  1069  2820
 2693    2170   439   483  2892
 2694     479  1685  2035  2814
 2695     958   789  2242  2750
 2696    2099  2111  2818  2868
 2697    2658  2709  2739  1311
 2698     222  1718   311  2841
 2699    2522  2704  2746  1041
 2700    2462  2581  1210  2908
 2701    1953  1304   635  2745
 2702    1797   653   697  2812
 2703    2584   850   763  2696
 2704     563  2797  2867    79
 2705    1897   358  1853  2850
 2706    2889  2659  1933  1889
 2707     806  1947  2804  2900
 2708    1119  2399  2444  2765
 2709    1390  1829  2281  2752
 2710    2424  1186  1173  2835
 2711    2647  1201  1273  2696
 2712     405   163   449  2785
 2713    1102  1169  2541  2708
 2714    2694  1834   470  1807
 2715     895   938   170  2872
 2716    1688   335  1791  2683
 2717      20   194  2428  2673
 2718     491  1723   447  2701
 2719     607  2235  1553  2898
 2720    1997   679  1304  2745
 2721    2914   719  2782  2653
 2722    1549  2788   494   450
 2723     802  1924  1944  2909
 2724    1039  2737  2768  2655
 2725      30  1746   635  2745
 2726    2489  2444  2720  2765
 2727     760  2078  2793  2915
 2728    1658   620   470  2749
 2729     166  2824  2796   210
 2730     763   807  1994  2696
 2731    2863  2779  1907  2705
 2732    2554  1005   993  2843
 2733     374  1782   286  2829
 2734     692   878  2784  2790
 2735    2464     0  2419  2721
 2736    1780  1662  2180  2786
 2737     184   139   183  2676
 2738    1143  2727   566  2846
 2739     507  2012  1176  2760
 2740    2228  1808  2735  2840
 2741    1612  2774  2318  2727
 2742     809   898  2657  2863
 2743    1196  2697  1963  1392
 2744    1148  1104  2071  2742
 2745     168   701   788  2836
 2746    2214  2092  2865  2900
 2747    2747  2837  2841  2881
 2748     395   439  1424  2892
 2749     491  1572  1767  2701
 2750    1325   359  1281  2701
 2751     604  2661  1942   314
 2752     428  1527  2734  1825
 2753    1997  1304   909  2745
 2754     251  2485   998  2684
 2755    2542   587  1643  2921
 2756    1441   253  2718  2820
 2757    2853  1629  1766  1585
 2758      30  2086  2707  2745
 2759      46  1426  2688  2712
 2760     577   381  1564  2663
 2761    1001  1666  2743  2902
 2762    1525  2663  2890  2877
 2763    2704  2888  2118   208
 2764    2526   138  2382  2826
 2765     507  2771  2097   867
 2766    2579  1119  2664  2765
 2767     657  1601  2337  2767
 2768     639  2854  1778   301
 2769     876  1002  1975  2739
 2770    1577  1839   346  2774
 2771      11   427    50  2730
 2772    2472   214  1664  2814
 2773    1147  1103   194  2673
 2774    2702  2648  2623  2851
 2775    1580  1536  2864  2889
 2776    1598  1540  1496  2883
 2777    1591   315  1101  2701
 2778      10  1957   344  2881
 2779     270  2663  2877  2861
 2780    1144   729  1188  2768
 2781    1669  2317  1625  2716
 2782    2604  1881  1837  2824
 2783     403  1325  1057  2701
 2784    2556  2750  2751  2790
 2785    1528   624  1767  2701
 2786     536  2785   492  2701
 2787    1492  1449  2670  2743
 2788    2360  2703  2479  2524
 2789    1591  1101  1635  2701
 2790     204  2112  1868  2786
 2791    1274   628  2831  1815
 2792     904  2582  2043  2813
 2793    2542   820   587  2787
 2794    1976   210   570  2796
 2795    1933   437   869  2889
 2796    1878  1050  2658  2859
 2797    1158   998   119  2684
 2798    2595  2658  2740  2803
 2799    2052  1647  1710  2780
 2800    1528   624  2701  2785
 2801    2534  2579  2664  2765
 2802    2754  1447  1657  2463
 2803    2431  2706   798  1238
 2804     298  2624   342  2828
 2805    2594  2669  2414  2440
 2806    2700  2867  1864  1908
 2807    1659  2661  2840  2850
 2808    2340  2385  1193  2880
 2809     350  2689   328   284
 2810    2504   615   616  2903
 2811    2749  2694   470   664
 2812    2665  2720  2765  2828
 2813    1732  2683   236   790
 2814     228  2676  2785  2805
 2815    2748  2706  2753  2907
 2816    2600  1489   949  2780
 2817    1763   470   620  2811
 2818    2750   921  1008   877
 2819    2608  2790  1185  2784
 2820    2751  2549  2242   958
 2821    1480  1787  1777  2715
 2822     144   188  1446  2710
 2823     765  2128  2127  2912
 2824    1370  2672  2752  2780
 2825     643  2063  2687  2750
 2826    2478   509  2433  2729
 2827    2329   822  1006  2859
 2828     391   222  2758  2841
 2829     545   589  1865  2715
 2830     251   998  1466  2684
 2831      16  2297   501  2715
 2832    1886   520  1146  2821
 2833     184   329  1971  2805
 2834    2137  1833  2309  2705
 2835    1737  1390   373  2672
 2836    2614  1392  2697  2703
 2837    2655  2775    72  2835
 2838     381   754   337  2877
 2839    2677  1530   182  2923
 2840    1141   773  2608  2784
 2841     257  2829  2060   286
 2842    1281   359   315  2701
 2843    2706  2704  2753  2890
 2844    2560    85  1492  2716
 2845    1284   249   733  2697
 2846    2700   589  1909  1303
 2847    2659   482  1889   748
 2848    2574   392   436  2864
 2849    2867  2700  1864  2683
 2850     998  2485  1470  2684
 2851     315   359  1101  2701
 2852     447  1723  2308  2701
 2853    1492  1581  2743  2716
 2854      32  2759  2002   771
 2855     588   632  2127  2912
 2856    1839  1577     5  2774
 2857    2785  1856   537  1900
 2858    1522  1223  2758  2814
 2859     785   645  1885  2774
 2860    2430  1042  1842  2880
 2861    2774   741  1841   734
 2862     922   692  1747  2784
 2863      85  1669  1625  2716
 2864    1747  2790  2784   878
 2865    1814  2901  1770  2719
 2866     821   830   601  2774
 2867     317  2909  2805  2785
 2868     145  2753  2896  2907
 2869    2000  2436  2563  2849
 2870     457  2715  1242  1777
 2871    1885   645   821  2774
 2872     177   391  2758  2841
 2873     969  2068  2894  2917
 2874     580   346  2658  2774
 2875    1839     5  1621  2774
 2876    2608  1185  1141  2784
 2877    2820  2619  2573  2872
 2878    1908  2247  1920   589
 2879    1376  2482    34  2866
 2880    1414  1459  2701  2880
 2881    1024  2696  2816  2866
 2882    2314  2840   641  2850
 2883    2676  2272   227   183
 2884    1679  2290  2308  2701
 2885    1057  1325  1414  2701
 2886    2052  2767  1710  1558
 2887     646  2556  2751  2790
 2888     810  1582  2796  2903
 2889     972  2756  2681  2027
 2890    2593   825   617  2868
 2891     998  1470   119  2684
 2892    2175  2693  2141   767
 2893    2264  2400  2355  2886
 2894    2372  1166  2770  2817
 2895     899  2265   768  2705
 2896    1149  1193   271  2701
 2897     989  1785  2000  2822
 2898    2700   677  2764  2797
 2899      72  2334  1142  2775
 2900     246  2815   149  2874
 2901    2572  2368   297  2866
 2902     624  2011  1900  2785
 2903     698  1612  2318  2727
 2904     742  1841  2410  2774
 2905     911  2210  2531  2666
 2906    2502  2002    32  2812
 2907    2888  2704  2746  2729
 2908     989   156   945  2822
 2909     857  2582  2672  2800
 2910    2427  2526  2799  2923
 2911    2424    72  1186  2835
 2912    2713  1927  1422  2190
 2913    1000  1279  2547  2795
 2914     589  2700  1909  1865
 2915    1957  1471  2022  2881
 2916      10  2182  1957  2881
 2917    2676  1547   227  2272
 2918    2711  2782  2874  2912
 2919    2785   492  1812  1278
 2920    2665  2675  2851  1029
 2921    2447  2817  2759  2838
 2922    2398   658  2443  2204
 2923     678  1866  1822   292
 2924    2799  2781  2841  2883
 2925    1141  1097   773  2784
 2926    1204  2666   638  2487
 2927    2146  2686  2005  2690
 2928     850  2304   763  2696
 2929    2654  2660  2842  2679
 2930     512   179  1763  2811
 2931     496   761  1772  2690
 2932    1033  1234  2077  2822
 2933     597  2661  2888  2850
 2934    2172  2806  2809  2912
 2935    2897   388   235  2653
 2936    2560  1492  2670  2716
 2937    1692   328   284  1736
 2938    2727  1346  1611  2061
 2939       9  2802  2875  1494
 2940     921  2750  1008   106
 2941     763  2865  2696  1994
 2942    2739  2709  2884  2919
 2943     374  2839  1429  2233
 2944    2824  2834  2771  2064
 2945    2824  1081   166  2796
 2946    1236  1192  2159  2742
 2947    1934   473   527  2892
 2948    2239  2318   698  2284
 2949    2725  2743  2769  2771
 2950    2495  1618  1631  2811
 2951     901   904  2087  2813
 2952    1525  2663   754  2890
 2953      85  2560   129  2716
 2954    1075  1945  1902  2719
 2955     413  2065  1045  2874
 2956    2678  2781    86  2837
 2957    1270  2902  2722  2670
 2958    2229  1620  1128  2884
 2959    1024  2227   850  2696
 2960    2098  2061  2457  2727
 2961     637  2563  1706  2849
 2962    2674  1518   155  2691
 2963     463  1599  1347  2867
 2964     468  2749  2840   489
 2965     945   156   858  2822
 2966    1752  2762  2825  1685
 2967     232   188   554  2710
 2968    1633   379  1649  2827
 2969    1782   257   286  2829
 2970    2010  2254  1241  2869
 2971     783  2861  2074   755
 2972    1259   769  2132  2734
 2973    1734   863   458    41
 2974    2450  1764   401  2735
 2975     492   404  1635  2701
 2976    1078  2268  1215  2759
 2977    1534  2754  2722   747
 2978    2050   422  2775  2784
 2979     228  1636  1592  2785
 2980    2304   807   763  2696
 2981    2811  1456   464  1411
 2982    1332  2483  1288  2733
 2983    2098   434  1611  2727
 2984    2680  2372  2770  2817
 2985     415  1734  1436   283
 2986    1913  1608  1919  2822
 2987     725   204  2112  1868
 2988    2016  1541  2808  2873
 2989      22  1650  2698  2829
 2990     352   703   440  2892
 2991    2650  2754  2321  2807
 2992     247  1513   931  2888
 2993     146   235  2653  2897
 2994     582  1593  1637  2719
 2995    2787  2763   516  2810
 2996    1925  2824  1881  2604
 2997     452    36  2635  2748
 2998    2505  2724  2790  2835
 2999    1424  1671   888  2892
 3000    1938  1981  2682  2736
 3001    1238   798  2476  2766
 3002    1354  2019  2739  1002
 3003    1297  1210  2581  2845
 3004    2016  2685  2843  2873
 3005    1553   190  2488  2898
 3006    2255  1155  2686  2690
 3007    2659   263  2792  2892
 3008    1692  2689   240   284
 3009    1155  2686  2005  1969
 3010    2661   578  2840  2850
 3011     504  2786  1868  1824
 3012     716  2079  2726  2915
 3013     854  2128  2172  2912
 3014    1623   612    77  2670
 3015    1815   362  2819  2831
 3016    1930   520  1420  2721
 3017     806  2804  2816  2900
 3018     502   836    24  2826
 3019     189  2653  2844  1917
 3020    2718  2671  2847  2924
 3021      49   484  2013  2897
 3022     284  2689   819   350
 3023     774  1004  2678  2724
 3024     688  2680  2812  2268
 3025    1081  2792  2796  2824
 3026     235  1047    49  2897
 3027    2441  2847  1871  2671
 3028     213  1203  2575  2878
 3029     267  1022  1851  2694
 3030    2533  2765  1207  1758
 3031    1273  1201  2634  2696
 3032    1515  2596  2005  2690
 3033    2215   531  2847  2878
 3034    1601  2764  2767  2782
 3035    2487  2531  2210  2666
 3036    1528  1572  1811  2862
 3037    1990  1329   716  2915
 3038    2653   761  2686  2690
 3039    1817  2763  2876  2755
 3040    2726  1329  2079  2733
 3041    1756  2670   568  1044
 3042    1422  2699  2713  2897
 3043     376  1750  2748  2855
 3044    2686  2146  2005  2620
 3045    1290   123   563  2713
 3046    2322   312   999  2735
 3047    1515  1155  2255  2690
 3048    2564  1413   385  2880
 3049     987  2407  2354  2765
 3050    2757  2699  2763  2898
 3051     901  2672  2813  2845
 3052    2184  1040   664  2694
 3053    2767  2809  2874  2912
 3054    2570  2738  2844  2887
 3055    1943   625   737  2909
 3056    2743   210  1844   826
 3057     854   640   723  2809
 3058     212  1753  2770  2854
 3059    1620  2376  2884  2919
 3060    1080  2746  1018   462
 3061      28  1808  2031  2735
 3062    2696  2227  2820  2866
 3063     277   780  1306  2755
 3064     496  1772  1595  2690
 3065    1482  2316   555  2768
 3066    1930  1798   598  2721
 3067    2834  2224  1132  2730
 3068    2331  1271  1128  2739
 3069    1546  1866   547   248
 3070     867  2097   126  2668
 3071    1830  2711   761  2686
 3072    2920  2896   996  2738
 3073    2808  2656  2873  2883
 3074    2292  1998   504  2498
 3075    2745   355  2744  2764
 3076     928  2027  2681  2756
 3077    2371  2103  2762  2766
 3078     623   371   540  2798
 3079    2678  1202  2709  2836
 3080     547  2823  1998  1954
 3081    2360   569  2479  2869
 3082    1706  2786  1662  1780
 3083    2287  1747  1395  2784
 3084    2852  2909  2805  2788
 3085    2059  1956  2545  2861
 3086    2045  2717  2817  2854
 3087    2596  1515  2326  2690
 3088     238   246  2874  2899
 3089     385  2742  2789  2880
 3090     391   221   265  2841
 3091     572  2832   122  2868
 3092    1140  2273   600  2750
 3093    2121   237  1645  2764
 3094    1429   374   286  2829
 3095     451  2819  2904  2804
 3096    1557  2791  2842   960
 3097    2360  2703  1418  2869
 3098     861   609  2812  2846
 3099     514  1834   179  2694
 3100     448  1504  1460  2904
 3101    2750  2751  1526  1184
 3102    1905  1656  1861  2763
 3103    1430    67  2392  2791
 3104     653   861   905  2812
 3105    2223   688  1245  2812
 3106    2146  2596   189  2690
 3107    2351  1290    60  2713
 3108    2005  2596  2146  2690
 3109    1974   876  1311  2739
 3110     452   845  2119  2748
 3111    1285  2728  1038  2869
 3112    1255   181  2663  2749
 3113    1572  2676  2701  2789
 3114    2835  2514  2724  1877
 3115    1477    71   114  2840
 3116    1207  1251  2664  2765
 3117    2665  2218  1074  2720
 3118    2699  2455  2763  2787
 3119    1560  2731  2752  1829
 3120     505  1527  1262  2849
 3121    2679  2660  2693  2863
 3122     664   470  1807  2694
 3123    1006  1878  2803  2859
 3124     630  1730  2455  2699
 3125    2048   443  1810  2756
 3126    2557  2835  1230   602
 3127    2709  2678  2739  1786
 3128    2188  2143  2830    38
 3129     865   636  2274  2800
 3130    1073  2129  1029  2665
 3131     257  2698  2829  1782
 3132    2622  1292  1836  2666
 3133    2713  1927  2190  2787
 3134    1927  2699  2763  2787
 3135     284  2786  1692  2689
 3136    1904  1947  2258  2900
 3137    2157  2682  2917  2922
 3138    2817  1921  2447  1745
 3139    1599  2787  1555  2542
 3140    1706  2786   328  1662
 3141    2326   432  2300  2690
 3142    2772  2809  2827  2845
 3143    2490  2839  2664   258
 3144    2811  1499  2735  1618
 3145     600  2273  1184  2750
 3146    1632  2206  1513  2850
 3147      15  2662  1222  2710
 3148    2763  1686   864  2787
 3149    2346   847  1213  2726
 3150    2326  2255   432  2690
 3151    2749   312  1310   827
 3152    2190   323  2713  2787
 3153    2147   357   114  2840
 3154    1273  2634  2618  2696
 3155    2846  1709   478   216
 3156    2852  2862   712   579
 3157     626   582  1637  2719
 3158    2781  2799  2826  2883
 3159    1912   769   204  2786
 3160    1040  2184   708  2879
 3161    1994   807  2669  2696
 3162     850  2816  2584  1867
 3163      59  1273  2618  2696
 3164    1080  2405  2387  2888
 3165    2260  2215   895  2872
 3166    2733  1333  1244   101
 3167     182   476   667  2766
 3168    1031   987  2354  2765
 3169     536  2785  2701   624
 3170    2701  1723   536  1767
 3171     151  1134  2707  2745
 3172    2701  1679   492  1958
 3173    2423  1185  1127  2790
 3174     987   943  2407  2765
 3175    2179   102   149  2815
 3176     635  2086    30  2745
 3177    1930  2709  1931  2416
 3178     843  2162   560  2888
 3179    2683  2297  1732  2715
 3180    2352   984  1028  2666
 3181    2578  2278  1251  2765
 3182     403  1057   447  2701
 3183    1528  1572  2676  2701
 3184    2770  2680  1577  2774
 3185     974  2271   642  2888
 3186    1765  1350  1659  2840
 3187     141   318   274  2831
 3188    2700  1864  2247  1908
 3189     825  2155   617  2868
 3190    1102  1884    97  2856
 3191    2407  1030  1074  2765
 3192      33  1756  1044  2889
 3193    2804  2788  2852  2904
 3194     437  1933  1889  2889
 3195    1852    28   620  2749
 3196     649  2323  2924    18
 3197    1538   218  2769  2903
 3198    1216  2770   645  2680
 3199    2588  2662  2710   364
 3200     437    33   869  2889
 3201    2498  2707  2786  2689
 3202     324    25   756  2683
 3203     650  1014   606  2795
 3204    2371  2663    80  2766
 3205    1088    62  1352  2702
 3206    1820  2297   790  2683
 3207    1901   714  1857  2719
 3208    1490  1534   981  2722
 3209    1103  1377   194  2673
 3210    2762  2609  2799  2923
 3211    2750  2412   868  2687
 3212     146  2488  1047  2897
 3213    1844  2339  1667  2743
 3214    1037  2147   114  2840
 3215    2216  2406  1833  2863
 3216     625  1943   474  2909
 3217    1233  1707  2517  2694
 3218    1373  1065   569  2869
 3219     927   429  2518  2922
 3220    1059  2249  2159  2673
 3221    2880  2294  1324  1199
 3222    1147   194    20  2673
 3223    2187  2744  1646   370
 3224     744   844  2753  2887
 3225    1612  1841   742  2774
 3226    2835  2514  2747  2724
 3227    1169    52  2611  2708
 3228    2748  2833  2907  2911
 3229     365   321   423  2755
 3230     110  2529  2573  2872
 3231     232  1959  1446  2710
 3232    2656  2660  2843  2873
 3233    1651   755  2074  2861
 3234    2799  2677  2526  2826
 3235    2548   870  2674  2839
 3236    1527   461  1262  2849
 3237    2255  1155   376  2686
 3238    2475  2430  1842  2880
 3239    1029  2675  2085  2226
 3240    2099   825  2111  2868
 3241     711  1274   584  2860
 3242     824  2749  2735  2840
 3243    2823   289  1546  2695
 3244     842  2521  2833  2905
 3245    2636  1342   595  2691
 3246    2077  2044  2088  2849
 3247    2340  1193  1149  2880
 3248    1274  2831   711   363
 3249     197  2648  2674  2828
 3250    2820  2483  1113  2528
 3251    1591  1547   271  2701
 3252    2222  2822   858  1796
 3253    1844   826  2339  2743
 3254    2372  1166  2417  2770
 3255    2473  2518  1191  2673
 3256     347  2468  1083  2775
 3257    1377  1059  2338  2673
 3258     324   756   280  2683
 3259    2217  2216  1833  2863
 3260     401  2228   445  2840
 3261    2786   637   681  1434
 3262    1754  1651  2074  2861
 3263    2765  2533  1207  2578
 3264     713  2100  2144  2906
 3265    2345  1153  1619  2738
 3266    1251   605  2664  2765
 3267    2371  1412  1708  2825
 3268     376  1750   845  2748
 3269     366  2876  2810   322
 3270    2028   641  1984  2840
 3271    2766   667  2677  2748
 3272    2655  2737  2470   255
 3273    2342  2271  2387  2888
 3274    2208   744   902  2753
 3275    2216  2217  1225  2863
 3276    1100  2768  1144  2688
 3277     597  1513  2850  2888
 3278     902  1061  1754  2753
 3279    2831  2679  2660  2654
 3280      37  2830  1048  2636
 3281    1471  2781  2182  2836
 3282     913  2278  2578  2765
 3283    1188  1855  2688  2768
 3284     420    47    92  2777
 3285     198   242  1694  2829
 3286    1650   675  2698  2829
 3287    2768  1100   596  2688
 3288    1879  2470  2632  2768
 3289    2490  2534  2664  2765
 3290    1296  1252  2664  2829
 3291    2632  1055   599  2768
 3292    2489  2533  1758  2765
 3293    1118  2765  2399  2354
 3294    1389   654   610  2846
 3295     314  1942  1970  2661
 3296     186   319   772  2856
 3297     604  2661  1174  1942
 3298    2037  1993  2168  2860
 3299    1965  2921  2797  2867
 3300    2428  2682  2673  2383
 3301     704  1603   238  2899
 3302     788  2416   168  2709
 3303    1263  1307  2691  2698
 3304    2685  2507  2693  2627
 3305    2546  2867  2683  1644
 3306      39  1314  1270  2722
 3307     367   950   472  2810
 3308    2293  1015  2248  2673
 3309    2823   289  2695  2891
 3310    2081  1907  2037  2860
 3311     338  2341   382  2661
 3312     713  1573  1899  2852
 3313    1458  2916   562   957
 3314    2379  1891  2334  2913
 3315     628  1904  2213  2779
 3316    2681   140  2819  2904
 3317     809  1863   720  2863
 3318    2016  2554  2642  2843
 3319     628  2831  1815  2779
 3320    1191  1235  2384  2673
 3321     389  2774  2680  2812
 3322    2174  2809  2813  2767
 3323     934   713   339  2906
 3324     580  2658  2770  2774
 3325    2068  2055  2894  2917
 3326     283  1655   239  2891
 3327    2750  1140  2512   600
 3328     413  2686  2874  1443
 3329      94  2553    84  2842
 3330     521   565   112  2846
 3331     442  1672  2163  2875
 3332    1765  1266   225  2840
 3333    2131  2087  2219  2925
 3334    2924  2675  2665  1029
 3335    1102    97  1326  2856
 3336     301   639  2731  1309
 3337    2072   578  2028  2840
 3338     255  1011  2470  2655
 3339    1247   649  2671  2878
 3340    1516   895  2215  2872
 3341     587   820  1686  2787
 3342    2713  2013   862  2351
 3343    2238  2725  2830  2902
 3344       1  2786  1736  2849
 3345     972  1016  2681  2871
 3346    2862    78  2794  2676
 3347    2828   943  2124   515
 3348    2116  2877   489  1394
 3349    2129  2675  2085  1029
 3350    1817   421  1478  2876
 3351     124   442  2692  2875
 3352    2860   849  1993  2168
 3353    2897  2488  2723   146
 3354    1350  1809  1659  2840
 3355    1076  1452   959  2910
 3356    2171  2657   676   809
 3357     725  2044   681  2849
 3358    2249  1103  2294  2673
 3359     368    25   324  2683
 3360    1607  2698   375  2807
 3361    2866  2783  2618  2696
 3362     656  2763  1817  1861
 3363     421  2763  1817   656
 3364    1789   117  1687  2885
 3365    1039  1319    89  2655
 3366    1752   224  1685  2825
 3367    2846   653  1797  2812
 3368    2660  2693  2656  2843
 3369     980  1024  1867  2816
 3370    2137   811  1833  2863
 3371    2059  2663  2861  2706
 3372    2666  2443  1293  2204
 3373    1380  2661  2251  2850
 3374    2763   421  1817  2876
 3375    1511   992    69  2867
 3376     186   142  1742  2856
 3377    1664   696  1123  2747
 3378    1829  2506   330  2870
 3379    2248  1015  2362  2673
 3380    2696  2865  1442    59
 3381    2600  2052  1489  2780
 3382     680  2219   723  2925
 3383    2518  1235  1191  2673
 3384    1191  2384  1358  2673
 3385    1793  2824  2834  2903
 3386    2770   821   645  2774
 3387    2273  1140  1988  2750
 3388    1122  2680  2759  2817
 3389     992  1555    69  2867
 3390    2763  2787  1036  2810
 3391     472  1378   120  2867
 3392    2293  1059  1015  2673
 3393    2670  2796   481  2716
 3394    1885   821   786  2774
 3395    1692   736  2689  2786
 3396    2092   806  1867  2816
 3397    1753  1420   212  2770
 3398    1924  2901   758  2719
 3399    2364  2723  1728   717
 3400    1449  1492  2638  2743
 3401    2677  2119   667  1530
 3402    2384  1235  2429  2673
 3403    2809   854  2174   723
 3404     606   970   650  2795
 3405     967   915   255  2655
 3406    1377  2383   194  2673
 3407     141  2541  1169  2708
 3408     582   626  1814  2719
 3409    2095  2086  2745  2800
 3410    1036  2494   454  2810
 3411     401  1808  2735  1764
 3412     166  2824   210   614
 3413     337  2160   381  2877
 3414    2536  1253  2581  2845
 3415     866  1078   910  2759
 3416    2152  2836  1202  2678
 3417    2742  2340  1148  1874
 3418    1984   114   357  2840
 3419    2658  2375  2803  2884
 3420    1479  1027  2396  2847
 3421     923  2154  2775  2913
 3422    1481  2877   468  2116
 3423    2296   424   995  2661
 3424    2813  2130   679  2800
 3425     824  2749   225  1500
 3426    1811    78   518  2862
 3427    2142   912  1779  2689
 3428    1865  1256   545  2715
 3429    2536  2672  2845  2854
 3430    1700  2556  1229  2790
 3431    2427  1697  2609  2799
 3432    2248  2795  2362  2203
 3433    2101  1646   195  2823
 3434    2331  2499  1228  2919
 3435     263   307  1583  2892
 3436    2311  1297  1253  2845
 3437    1774  1731  1964  2914
 3438     435  1882  2108  2882
 3439    1770   538   582  2719
 3440    1270  2902   202  2722
 3441    2594  1291  2395  2718
 3442    2004  1773   454  2876
 3443    2694  1522  2758  2814
 3444    1063   203  2592  2729
 3445    2767  2813   679  2780
 3446     716  2079   980  2726
 3447     715   707   759  2793
 3448    1578  1534  2637  2722
 3449    2103   180   256  2923
 3450    2625  2765  1163  2664
 3451      77  1748  1623  2670
 3452    1145  2832  2853  2903
 3453    1500   312  2735  2749
 3454     647   331   137   287
 3455      70  2238  1269  2902
 3456    1255  1457  2749  2825
 3457    1451  1450   174  2910
 3458    2472   792   214  2814
 3459     459  2823  2891   289
 3460     862    49  2013  2897
 3461    1813  2059   652  2706
 3462    2914  1862  1818   108
 3463     616  2824  1793  2903
 3464    2538  1543  2199  2913
 3465     694  1001   303  2902
 3466     942  2665  2307  2666
 3467     926  2682  2736  2917
 3468    2172   765  2806  2912
 3469     146  1047   235  2897
 3470    1747  2790   878  2242
 3471     424   622  1481  2661
 3472     185   140  1417  2819
 3473    1173  1230  2469  2835
 3474     429  2795   970  2562
 3475    2697  2164  2887  2920
 3476    2144  1573   713  2852
 3477    2558  2603     8  2837
 3478    1011  2110   296  2655
 3479    2282   727   387  2680
 3480    2369  2702    62  2924
 3481     352  1715   703  2892
 3482    1319  1129  2053  2655
 3483    1945  2901  1989  2793
 3484    1710  2550  1558  2767
 3485     307   351  1627  2892
 3486     299  2110   915  2655
 3487    1249  2666   911  1293
 3488     443   928  1806  2756
 3489     959   124  1497  2910
 3490    2252  2729  2888  2404
 3491    1315  2128  2084  2912
 3492    1429  1384   109  2664
 3493     933  2887  2753  2697
 3494     182    93  2103  2923
 3495    1380  2661   622   424
 3496    1912  2707  1261  2893
 3497    2300  2570  2844  2887
 3498    2369    19  1336  2924
 3499    1831    26  1035  2703
 3500    2797    79  2145  2700
 3501    1561  2668  2760  2667
 3502    1044   612  1800  2670
 3503    2902  1219  2143  2722
 3504     605  2278  1295  2828
 3505    2158  1267   487  2732
 3506    1925  1711  1881  2743
 3507     649  1291    18  2924
 3508    1638    54  2186  2896
 3509     157  2334  1891  2913
 3510    2395  1070  2414  2718
 3511    1475   508   155  2667
 3512     638  2531  2576   911
 3513     984  2924  2307  1301
 3514    1250  2720  2398   658
 3515    1729    27  2755  2876
 3516    1994   939  1776  2669
 3517    1293  2622  1337  2666
 3518    1105   139  2295  2676
 3519    1750  2677  2748  2855
 3520     675  2049  2698  2829
 3521    1534   215   981  2722
 3522    1665  1923   687  2846
 3523    2056  2684  1158  2702
 3524     296  2154  1258  2913
 3525    2483  1332  2528  2733
 3526    1470  2668  2684  2895
 3527    1149  1874  2340  2880
 3528     873  2417  2462  2908
 3529     835  2835   299  2505
 3530     810  1626  2792  2796
 3531      64  1211   455  2810
 3532    2761  1698  2883  2905
 3533     127  1448  1403  2722
 3534    1033  1077  2312  2822
 3535    1125  1416  1371  2907
 3536     197   298  2648  2828
 3537     127  2456  2001  2722
 3538    1369  1301  2226  2669
 3539    1023  2413   956  2726
 3540    1249  2666  2398  1205
 3541     162  2699  2455  1730
 3542    2653  2686  2711  2874
 3543    2818   352  2023   226
 3544    2665   942  2307  1073
 3545    2924  2307  1029  2665
 3546    2352  1117   942  2666
 3547     680  2131  2772  2175
 3548    2312   732  2357  2822
 3549    1931   598  2709  2721
 3550    2478  1152   509  2729
 3551     516  2763   234  2876
 3552    1962   516   278  2810
 3553     680  2131  2219  2925
 3554    2060  1384  1340  1755
 3555      65  2664  1207  1251
 3556    1334   563  2713  2867
 3557    1226   304   260  2670
 3558    2817  1921  2492  2717
 3559    1806   928  2026  2692
 3560    1901   581  1967  2719
 3561    2489  2765  1163  2444
 3562    2901  2458   803  2793
 3563    2397  2352  1028  2666
 3564    1207  1758  1163   932
 3565    2204  2666  1249  1293
 3566     559  1935   603  2834
 3567    2647  2414  1070  2718
 3568    2576  2666  1293   911
 3569     187  1507  1790  2776
 3570     645   785  2680  2774
 3571    1195  2704   951  2729
 3572    2709  2721  2808  2821
 3573    1817   585  1861  2755
 3574     638  2531  1204  2487
 3575    2530  2671  1204  2486
 3576    1488   181  1457  2749
 3577    1697  2609  2799  2814
 3578    2781  1471  2881  2837
 3579    2511    40    94  2842
 3580    1827  2442  2487  2666
 3581    2345  1153  2738  2887
 3582    2858   730  2865  2900
 3583     135  2391  2712  2811
 3584    1307  2839  2691  2698
 3585    2687   116  2750  2803
 3586    2670  1579   568    77
 3587    2679   811  2693  2220
 3588    1183   116  2687  2803
 3589    1737  2506  1390  2672
 3590    1579   259  1748  2722
 3591    2105  1469   551  2719
 3592    2821  1420  2770   212
 3593    2402  2453   732  2759
 3594    2226  1776  1369  2669
 3595    2234  1793  1935  2834
 3596    1549  1593   538  2719
 3597     413  2686  2620  2653
 3598    1469  1075  1902  2719
 3599    2666  1249   911  2210
 3600      88  1760  2832  2903
 3601      39  1402    83  2722
 3602     613   779   867  2771
 3603    2180  1824  1434  2786
 3604    1220  1472  1561  2667
 3605    2465     0  2510  2721
 3606    1807  1569  2184  2694
 3607     803  2901  1989  1485
 3608    1598  1361  1362  2883
 3609    1060  2871    95  1016
 3610    2924  2675  2669  2702
 3611    1087  2665  1381  1351
 3612    1300  1339  2524  2703
 3613    2517  2415  1322  2694
 3614    1325  1414  2701  2880
 3615     223  1569  1807  2694
 3616     259  1579  1491  2722
 3617    1119  2579  1031  2765
 3618    2726   891  2788   914
 3619    1425  2631  1472  2668
 3620     567  1974  1089  2658
 3621     553  2404  2405  2729
 3622    2677  1794  1530  2923
 3623    1655  1823  2689  2891
 3624    2828   943   515  2765
 3625    2557  1877  1230  2724
 3626    1539   219  2792  2903
 3627     845   432  2255  2748
 3628     950   411  1468  2810
 3629    1532  1535  2738  2887
 3630    2753   975  2208  2704
 3631    1875  2727   478   434
 3632      64   455   992  2810
 3633     682  2089   200  2717
 3634    2158   575  2203  2732
 3635    1581  1492  2743  2638
 3636    2812   115   731  2046
 3637    2694  2758  2762  2814
 3638      79  2797  2145  1600
 3639    2661   597  2251  2850
 3640    1535  2345  2738  2887
 3641     360  2552  2066  2747
 3642    1527   428  2734  2849
 3643    2209   164  2010  2703
 3644     233  1576  1243  2898
 3645    2250   883  2732  2794
 3646    2666  2263  2218  2720
 3647    2658  2740  2803  2859
 3648    2703  1463  1418  2728
 3649    2857   128  2769  2073
 3650    2748  2773  2833  2911
 3651    1925  1667  2279  2743
 3652    2440    61  2594  2669
 3653     396   288   415  2891
 3654    2120  1111  2359  2855
 3655    2171  2141  2172  2806
 3656    1249  2204  1293   911
 3657     693  1332  2866   297
 3658    2307  2352   942  2666
 3659     508  1475  2491  2667
 3660    1959  1552  1916  2755
 3661    2724   602  2790  2835
 3662     714  1901   758  2719
 3663    1567  2712  2777  2054
 3664    1926  1398  1649  2899
 3665     430  2788  2901  2909
 3666    2684  2675  2865  2858
 3667    2021   603   691  2771
 3668    2489   136  1250   103
 3669    1397  2056  2669  2702
 3670    2893  1912  2786  1217
 3671    1287   277  1178  2755
 3672    2894  2682   706   818
 3673     116  2241  2687  2750
 3674    1468  1211    64  2810
 3675    1447  2754  1657  2722
 3676    1308  1472  2667  2668
 3677     638  2531  2487  2666
 3678    1275  1231  1891  2913
 3679    1827  2487  2210  2666
 3680    2289   157  1187  2913
 3681     393  1823   288  2891
 3682    2591  2388   207  2729
 3683    2531   638  2576  2666
 3684     994  1375  1331  2755
 3685    2886  2851  2400  2667
 3686    2056  2684  1397  1158
 3687    2666  2576  1293  2622
 3688    2201  2021  2165  2771
 3689    2172  2141   640  2806
 3690     837  2460  1751  2737
 3691     598  2658  2709  2721
 3692    1930  2416   520  2721
 3693     255  2425   967  2737
 3694     103  2489  2533  1758
 3695    2837  2603  1317  2724
 3696    2443  2666  1293  1337
 3697     215   259  1491  2722
 3698     934   339   251  2906
 3699     184   183  2272  2676
 3700     650  1014  2795  2894
 3701    2158  1894   575  2732
 3702    2708   886  2761  2905
 3703     147  1726   451  2804
 3704     774   834  2198  2724
 3705    1087  2924  1836    19
 3706    1782  1738   647   257
 3707     867   779    82  2771
 3708    2314  1632   402  2850
 3709    2064  1881   691  2771
 3710    2808  1361  2873  1360
 3711     874  2510  2464  2721
 3712     964   455  1211  2810
 3713     355   686  2121  2764
 3714    1800  2339   826  2670
 3715     155  1298  1475  2667
 3716    2400   508  2491  2667
 3717    2674  2765   515  2445
 3718    2714  2201  2771  2834
 3719    1939   753   709  2905
 3720    1561  2668  1472  1610
 3721     691  1711   779  2771
 3722     603  1935  2064  2834
 3723    2609  1697   792  2814
 3724    2526  2677   138  2826
 3725    1547  2676   272  2272
 3726    1359  2465  2510  2721
 3727    1036   444   377  2810
 3728    1250   103  1294   658
 3729    2721  1355   598  2658
 3730    1916  1508  1959  2755
 3731     336  2138   629  2755
 3732     674  1393  2699  2914
 3733    2797  2713   862  2351
 3734    2510     0  2464  2721
 3735    2442  1160  2487  2666
 3736      95  2681  2714  2904
 3737    1752  2762  1685  2814
 3738    1649  1514  1926  2899
 3739    2001  2456  1657  2722
 3740     550  2631  1383  2668
 3741    2734  2707  2786  2893
 3742    1211   411  1887  2810
 3743    2754  1447  1402  2722
 3744    1390  2506  1829  2672
 3745     296  2110   648  2913
 3746      82   779  1711  2771
 3747    2609   180  2427  2923
 3748    1944  1924  1967  2909
 3749    1072  2397  1028  2666
 3750    2779  2081   893  2860
 3751    2488   190  2699  2898
 3752    1451  2511  1450  2910
 3753     367   411   950  2810
 3754    2051  2774   741  1841
 3755     310   354  2761  2883
 3756    1901  1857   581  2719
 3757     539  2901  2915   495
 3758    2730  1323  2651  2652
 3759    2783  2726  2788  2918
 3760    1797  2774  2812  2051
 3761    2413  2482   693  2866
 3762    2289  1543  2538  2913
 3763    1962  2876   322  2810
 3764      94     7  1049  2842
 3765    1117  2218   942  2666
 3766    2739  1228  2751  2919
 3767    2600  1647  2052  2780
 3768     528  2792  1803  1660
 3769    2697  2253   167  2325
 3770     126  2097   550  2668
 3771    1487   376  2686  2855
 3772    1226  1270  2902   202
 3773    1776  2306   852  2865
 3774    1971   139  2676  2794
 3775    1249  1205  2210  2666
 3776    2021   779   613  2771
 3777    1149  2676   227  1105
 3778    2732  2730  2853  2894
 3779    2725   694  2830  2902
 3780     970   650  2894  2917
 3781     736  1648   196  2786
 3782    2339   612  1623  2670
 3783    2173   986  1073  2665
 3784    2565   842   709  2905
 3785    1087  1351  1337  2666
 3786    1698  1939  2799  2905
 3787     986  2129  1073  2665
 3788    2748  2686  2773  2911
 3789     342   386  2623  2665
 3790    2221  2672  2266  2717
 3791    2901   671   627  2793
 3792    1584  2660  2761  2873
 3793    2733   760  1329  2123
 3794    2568  1339  1392  2703
 3795    1016    95  2681  2871
 3796     373  1390  1370  2672
 3797     249  1327  1328  2753
 3798    2852  2909   669   712
 3799     430   474   669  2909
 3800    1511   324  2867    69
 3801    1394  1439   533  2749
 3802     597  2746  2888  2661
 3803    2668  2654  2684  2895
 3804    1072  1160  2442  2666
 3805    1020  1064  1831  2703
 3806    2613   249  1284  2697
 3807     204   725  2112  2786
 3808     119  2631  1425  2668
 3809    2797  1575   237  2744
 3810    1120  2535   508  2674
 3811    1136    81   125  2754
 3812    2279  2771  2743  2725
 3813     803   759  1989  2793
 3814    2721  2770  1355  2658
 3815    1134   195  1735  2823
 3816    1468   411  1211  2810
 3817    2622  1836  1087  2666
 3818    2255   432  2690  2748
 3819    2179  1111   102  2855
 3820    1562  1606   595  2691
 3821     159   411   367  2810
 3822    1246  1556   300  2782
 3823    2311  2772  2845  2925
 3824     367   472  1130  2810
 3825    1949  1993  1863  2798
 3826     432  2300  2690  2896
 3827    2727  1046  2774  2859
 3828    2686  2748  2773  2855
 3829    2885  2782  2897  2914
 3830    2442  1827  1161  2666
 3831    1161  2397  2442  2666
 3832    1827  2210  1205  2666
 3833     874  2464   828  2721
 3834     474  1943  2862  2909
 3835    2259  2214  2092  2865
 3836    1429  2839  2829  2664
 3837    2664  2765  2828  2839
 3838    1790   778   187  2776
 3839    2301   803  2458  2793
 3840    2646  1560  1603  2899
 3841     175  1379   810  2903
 3842    2219  2809   723  2925
 3843    2650  1607  1695  2807
 3844    1574  1190  1978  2781
 3845    1039  1275  2655  2768
 3846    1977   166  1081  2796
 3847    2867   950  2810   472
 3848    2818   440  2067   528
 3849    1633  1649  1398  2899
 3850    2709  2658  2739  2884
 3851    2066   299  2655  2835
 3852     825  2593   573  2868
 3853     433  1923  2812  2846
 3854    2352  2397  1117  2666
 3855    1383  2631   119  2668
 3856     453  2389   800  2755
 3857    1936  1979   735  2818
 3858      94    40     7  2842
 3859    1666  1001   694  2902
 3860     185   318  2446  2831
 3861    1094  2908  2510   874
 3862     857  2582  2266  2672
 3863     550  1610  2631  2668
 3864     264   171   215  2722
 3865    2792  1583   220  2892
 3866    1643   456  1347  2921
 3867     530  1585   618  2853
 3868      88  1539  1760  2903
 3869    2821  2731  2854  2908
 3870     145  2300   432  2896
 3871    2738  2844  2887  2896
 3872    1539   175   219  2903
 3873    1413   385  2742   781
 3874    1471  2837  2022  2881
 3875     440  1759  1803  2892
 3876      50  2741   427   954
 3877     352  1671  1715  2892
 3878     274  2541   141  2831
 3879     640  2172  2806  2809
 3880    2421  1359  1316  2709
 3881    1732   335  2683  2715
 3882    2132   769     4  2734
 3883    1838  2826  2526  2382
 3884     828   873   874  2908
 3885    2639    42  2678  2919
 3886    1231  2655  2913  1275
 3887    2138  2662   629  2755
 3888    1172  2884  2658  2419
 3889    2745  2764  2767  2780
 3890    1303  2744  1909  2700
 3891    2819   628  2779  1859
 3892      24   836  2382  2826
 3893    1109  1244  2257  2733
 3894      49   862  1246  2897
 3895    2036  1772   761  2723
 3896    1398  1693  2731  2899
 3897    2226  1776  2669  2675
 3898    2246  2754   747  2508
 3899    1287  2662  2755  1178
 3900    1895  1939   796  2766
 3901    1049  2551  2679  2843
 3902    2783  2804  2865  2816
 3903    2623  2648   342  2665
 3904     519   326  1645  2744
 3905     410  2494   366  2810
 3906      50  2741  2852  2714
 3907     397   353  2736  1761
 3908     782  2482  2726  2866
 3909     126   867  2668  2771
 3910    1022  2694  2758  2762
 3911     183   139  1105  2676
 3912    1063  2592   208  2729
 3913    2250  2732  2742  2794
 3914    2311  2131   944  2772
 3915    2572    34  2634  2866
 3916    1610  1472  2631  2668
 3917    1529  2100   934  2906
 3918    2657  2660  2708  2863
 3919    1615  2763   234  1597
 3920    2045  1400  2717   896
 3921    1876  2527  2285  2803
 3922    2389   453  1375  2755
 3923    2903  2824  2504   615
 3924    1306   321    27  2755
 3925    1283  2753  2704   334
 3926    1806  2875   442  2756
 3927       2  1437  2477  2746
 3928    1575   519  1645  2744
 3929    2066  2655  2747  2835
 3930     780   277  1287  2755
 3931    2797   500  2885  2921
 3932    1331  2232  2710  2755
 3933     972  2756   971  2681
 3934      33  2670  2889  1044
 3935    1316  1360    86  2808
 3936    2251  1124  1380  2850
 3937     639  2731  1309  2366
 3938    2656  2761  2873  2883
 3939    2677  2766  2833  2905
 3940    2809  2827  2845  2899
 3941    2307  1073  1029  2665
 3942    1581  2796  2716  1582
 3943    1284  2920  2697   733
 3944    1534  1578   215  2722
 3945    2747  2022  2837  2881
 3946    2134   905   609  2812
 3947    1163  2664    21  2625
 3948     648  2655  2775  2913
 3949     433   115   477  2812
 3950     814   945   858  2822
 3951    2827  2685  2845  2908
 3952    2725   738  1783  2830
 3953    2740   743   860   705
 3954    1519  1563   137   287
 3955     733  2896  2920  2753
 3956    2264  2355   812  2886
 3957    1986  2629  2677  2855
 3958    2275  1952  2700  2744
 3959    1557  1093   960  2842
 3960    1925  2604  1844  2743
 3961    2773  2833  2856  2905
 3962    2748   145  2753  2635
 3963    1208  2829    66    22
 3964     948   946  2267  2801
 3965    1339  1196  1392  2703
 3966     115   728   477  2812
 3967     844   608   744  2753
 3968     708  1940  1040  2879
 3969     846   891   914  2788
 3970     753  2565   709  2905
 3971     441   397   735  2818
 3972    1351  1381  2577  2665
 3973     328  2786  2689  1662
 3974    2834   616  1793  2903
 3975    1263  2691  2807  2698
 3976    2772  2815  2657  2656
 3977    1381   386  2924    19
 3978    1264  1308  1472  2667
 3979     282  1563   137  1607
 3980    2681  2714  2756  2871
 3981    2812    32   731  2801
 3982    1137  2854   683  2817
 3983    2772  2809  2845  2925
 3984    1200  2257  1244  2733
 3985    2456  1447  1657  2722
 3986     147  1903  1726  2804
 3987    1963  2697   951  2567
 3988    2488  2897   190  1047
 3989     529  2067  2111  2818
 3990     580  1798   740  2770
 3991    1877  1230  2724  2835
 3992     930  2681  2692   929
 3993    1848  2832  1804   132
 3994    2431  2706  1194  2890
 3995     132   176  1848  2818
 3996    1394  2160   426  2877
 3997    1537  1404  2769  2848
 3998    2741  2654  2771  2895
 3999    1601   564  2121  2764
 4000    1762  2026   884  2692
 4001    2660  2842  2843  2910
 4002     630   161  1393  2699
 4003    2026   928   885  2692
 4004    2419   830  2464  2721
 4005    1479  2396  2671  2847
 4006    2782  2713  2797  2885
 4007    2828   943  2765  2124
 4008     623  1860   849  2798
 4009     828  2721  2770  2908
 4010     865  2130   636  2800
 4011    1785  2000  2822  2849
 4012     775   815   384  2801
 4013    2887  2300   145  2896
 4014    1748  2902  1219   303
 4015    1685  1412  2762  2825
 4016      37  2830  2754  1048
 4017    2549   878  2014  2790
 4018     222   178  1364  2758
 4019    1863  2657  2798  2863
 4020     720   853  2216  2863
 4021     661  2832  2834  2853
 4022    1647  2752  2481  1710
 4023     451  2788  2804  2904
 4024     453   423  1375  2755
 4025     277  1178  2755  2898
 4026    1596  1552  2710  2755
 4027    2375  1878  2658  2803
 4028     146  1917  2488  2723
 4029    1100  2768   596  2316
 4030     382  2386  2661  2877
 4031     171   981  2001  1490
 4032    1596  2138  1987  2755
 4033    1028  2396  1072  2671
 4034     161  1992   674  2723
 4035    2775  2379  2655    72
 4036    1684  1349  2662  2757
 4037     161  1992  2723  2757
 4038     929   928  2681  2692
 4039    2316  2605  1144  2768
 4040    2886  2392  2265  2791
 4041    2084  2015  2040  2764
 4042     629  2662  2757  2755
 4043    1393  1964  1730  2699
 4044    1080  2746  2888  1018
 4045    2731  2813  2845  2899
 4046    2805  1592   317  2785
 4047    2598  2754  1534   747
 4048    2659  2889  1801  1845
 4049    2711   676  2657  1949
 4050      47  1214  1365  2777
 4051    2762   752  1895   311
 4052    1639  1683   496  2911
 4053     890  1738   287   647
 4054     113  1187  1231  2768
 4055    2663  2762  2825  2879
 4056    1997   909    29  2764
 4057    1799  2911  1638  1682
 4058    1144  1188  2688  2768
 4059    2711   588  2782  2912
 4060    2618  1442  2696  2783
 4061    1927  1422   190  2699
 4062    1036  2787   498   444
 4063    2809  2815  2827  2899
 4064    2714  2771  2802  2834
 4065     282  2650  2321  2525
 4066    1375   423  1331  2755
 4067    2815  2809  2874  2899
 4068    1640   629  2662  1349
 4069    2788  2915  2726  2901
 4070    2845  2536  2266  2672
 4071    2171   898  2141  2806
 4072    2603  2837  2514  2724
 4073     117  1687  2885  2921
 4074    2835  2514  1877   513
 4075    2713   862  2782  2797
 4076     989  1234  1033  2822
 4077    2662  2710  1287  2755
 4078    2389  1465  1508  2755
 4079    2160  1394   533  2877
 4080    1983  2198   791  2724
 4081    1760  1539  2832  2903
 4082    2787   377   444  2810
 4083     268  2694  2749  2825
 4084     676   632  2711  2806
 4085    2193  2448  2493  2725
 4086    2699  2235  2763  2898
 4087    1917  1576  2488  2723
 4088    1455  2712  2606  2539
 4089      45  1855  2640  2768
 4090    2488  2897  2723  2699
 4091    1111  1487   102  2855
 4092    2656  2657  2773  2815
 4093    2294  2880  1280  2673
 4094    1619  1197  2390  2728
 4095    2713  1927  2699  1422
 4096    1274  2779  2860  2831
 4097    2708  2773  2657  2798
 4098    2231  1877  2557  2724
 4099    2036  1818   674  2723
 4100    2447  1165  1921  2838
 4101    1851  2762  2694  1022
 4102     791  2066  1983  2724
 4103    2654  2842  2791  2679
 4104    2094  1912   204  2786
 4105    1287  2662  1178   651
 4106    1329  2034   760  2915
 4107    1552  1959  2710  2755
 4108     497   800  2389  2755
 4109     267  1022  2694  2758
 4110    1861   585   336  2755
 4111    1599  2787  2867  1555
 4112     804   659   848  2793
 4113     935  2733  2793   979
 4114    2122   627   671  2793
 4115    2650  2754  2807  1432
 4116    1733  1480  2695  2715
 4117     303  1622   694  2902
 4118     426   382   666  2877
 4119     764  2858  2705  2779
 4120    1380  2661   424  2296
 4121    1465  2389  1375  2755
 4122    1987   585   541  2755
 4123     746  2781  2882  2836
 4124     808   897  2705  2858
 4125    1287    15  2662   651
 4126     147   451  2090  2788
 4127     310  1698  2799  2883
 4128    2730  2714  2794  2871
 4129     780  1331   423  2755
 4130    2831  2654  2819  2779
 4131    2120  2359  1986  2855
 4132    2603  2837  1317     8
 4133    1297  2581  1253  2845
 4134    2237  2815  2826  2855
 4135    1123  1664  2747  2758
 4136     724  2356    57  2693
 4137    1878   690  2330  2803
 4138    1705  1323  2651  2916
 4139     796   621   752  2879
 4140    1983   774  2198  2724
 4141    2225  2823  1954  2689
 4142     516   278  2810  2876
 4143    2704  2706  2861  2890
 4144    2634  1201  2572  2866
 4145     430   802  1944  2909
 4146    2743   378  1449  2902
 4147     171  2722  1448   127
 4148     981   264   171   215
 4149    1818  2080  2653  2723
 4150     549   593  1388  2849
 4151    1889  1845    17  2889
 4152      17  2889  2418   349
 4153    2058   300  2782  2874
 4154     717  2036  1992  2723
 4155     883  2377  2071  2732
 4156    2219  2087  2813  2925
 4157    2621   649  2323  2671
 4158    1001  2670  1623  2902
 4159    2259   852   730  2865
 4160    2819  2684  2900  2858
 4161    1292  2621  2323  2671
 4162    2306  2675  2858  2865
 4163     671  2901   627  1814
 4164    2734  1527   461  1825
 4165     926  2157  2682  2917
 4166     748  2659  1845  1889
 4167     487  2853  1267  2048
 4168    2555  1404  1537  2848
 4169    2815  2656  2826  2855
 4170    2671  2576  1248   638
 4171    2555    84  1138  2848
 4172    2835  2790   835  2775
 4173    1083  2835  2775  2790
 4174      91  2811  2777   685
 4175    2800  1445  2672  2893
 4176     924  2575  1248  2671
 4177    2377  2203  2071  2732
 4178     487  1894  2158  2732
 4179    1204  2487  1160  2671
 4180    2742  2340  1874  2880
 4181    2819  2779  2858  2900
 4182    1028  1072  2666  2671
 4183    2528  1332   297  2866
 4184    1072  2396  2441  2671
 4185    2681  1460   140  2904
 4186    1297  2685  1210  2845
 4187     355  2745  1602  1489
 4188     241  2889  2418  1668
 4189    2514  1877  2603  2724
 4190    2813  2809  2845  2899
 4191     717  1772  2036  2723
 4192    2672  2731  2813  2845
 4193    1247   649  2621  2671
 4194    2924  1028  1479   984
 4195    2512  2790  2784  2750
 4196     206  1905  1305  2763
 4197    2576  2671  2666   638
 4198    1050  2884  2658  1701
 4199    2684  1397  1442  2865
 4200    1204  1160  2486  2671
 4201    2154   648  2775  2913
 4202    1907   764  2705  2779
 4203    2723  2662  2898  2757
 4204    2737  1123  2747  2758
 4205    1633  2731  2827  2899
 4206    1762   398    13  2692
 4207    1992  2036   674  2723
 4208    2166  2211  2075  2793
 4209    1397  2684  2702  2865
 4210     116  2286  2750  2803
 4211    1497   124   442  2692
 4212    1445  2800  2672  2780
 4213    1545  1676   787  2735
 4214    2323   649  2924  2671
 4215    1940  2409  1040  2879
 4216    1478   800  2755  2876
 4217     365    27   321  2755
 4218     611  2457  1484  2740
 4219    2154   966  2199  2913
 4220    1845  2659  1888  1801
 4221    2195   409   860  2687
 4222     785   734  1922  2680
 4223    1626  2659  2792  2796
 4224     909   766    29  2764
 4225    2561  2367  1703  2777
 4226     220  1627   308  2892
 4227    1450  2842  2848  2910
 4228    2784  2378   422  2775
 4229    2643  1661  2794  2916
 4230    1099  2559  2768  2913
 4231    1916  1987   541  2755
 4232     439   395  1846  2892
 4233    1846   700   439  2892
 4234    2559    31  2768  2913
 4235    2237  2179  2815  2855
 4236    2545  2663  2861  1956
 4237     483  2659  1934  2892
 4238     380   143  1464  2776
 4239    2483  2820  2509  2438
 4240    2896  1551  2738  2844
 4241    1186  1083  2513  2790
 4242     847  2346  2458  2726
 4243     919   817   875  2740
 4244    2035   256  2609  2762
 4245    1627  1583   307  2892
 4246    1794  2427   180  2923
 4247    2295  1105  2676  2789
 4248    2715  1777   991  1242
 4249    2667  2702  2648  1308
 4250    1501  1705  1661  2916
 4251    1453  1221  1318  2837
 4252    2485  2741  2617  2895
 4253    2069  2736   191  1116
 4254    1794  2526  2427  2923
 4255    1793  1837  2064  2824
 4256    2767   238  2874  2899
 4257     386    62  2702  2924
 4258    1666  1001  2743  1667
 4259    2805  2794  2852  2904
 4260    2694  2749  2825  2879
 4261    1265  1309  2821  2827
 4262    2132   160  1259  2734
 4263    1085   338  1150  2746
 4264    1741   831   684  2740
 4265      74   722  2096  2744
 4266    1268  1312  2598  2754
 4267    2609   256   180  2762
 4268    2584  2092  1867  2816
 4269    1398  1693  2366  2731
 4270    2320  2140  2614  2920
 4271    1501   957   562  2916
 4272    2488  1576  1553  2898
 4273    2703  1831  2299  1035
 4274    1081  2504   571  2792
 4275    1536  2670  2864  2889
 4276    1778  2461   683  2854
 4277    1481   666  2661  2877
 4278    1688  2546   148  2683
 4279     948   990   946  2801
 4280    2589   813     3  2893
 4281    2432  2746   462  2477
 4282     499   455   377  2810
 4283      44  1495   131  2802
 4284     875   817   705  2740
 4285    1034  2178   990  2801
 4286    2228  2735  2749  2840
 4287     912  1655  2689  2891
 4288     182  1530    93  2923
 4289      93  1530  1794  2923
 4290    1137   293  2770  2817
 4291      44  1145  2802  2903
 4292    1574   836  1190  2826
 4293    2730   606  1014  2795
 4294    1462  1548  2805  2904
 4295     659  2166  2075  2793
 4296     133  1320   558  2737
 4297    1125  2833  2907  2706
 4298    1362  1540  1598  2883
 4299     671  2901  1858  2793
 4300    1363  2469   513  2835
 4301    2110   296  2655  2913
 4302    2337  1558  2550  2767
 4303    2679  2507  2843    23
 4304     574  2867   907  1378
 4305    2669  1994  2696  2865
 4306    2245  2239  2284  2727
 4307     186  1742    97  2856
 4308    1430  1475   111  2886
 4309    1242   466   991  2715
 4310      42    86  2540  2678
 4311    2682  2673  2795  2922
 4312    2696   253  2718  2647
 4313    2135  2134   594  2801
 4314     187   996  1438  2738
 4315     981  2001  1490  2722
 4316    1479  2396  1028  2671
 4317    1993  2863  2860  2037
 4318      61  2594  2669  2924
 4319    1355  1089   598  2658
 4320    2706  2431  1194  1238
 4321     172  2073   378  2769
 4322     565   477  2812  2846
 4323     532  1832  2811  1719
 4324    1275  1568  1039  2655
 4325    1405    40  2511  2910
 4326    2724  2514  2747  2837
 4327    2278   605  2765  2828
 4328     671  2901  1814  1858
 4329     189  1423    48  2844
 4330    2226  2262  2306  2675
 4331    1355  1973  1089  2658
 4332     974   642  1513  2888
 4333      70  1269   378  2902
 4334     351  2659   395  2892
 4335     141  2446   318  2831
 4336    1486  2684  2783  2906
 4337    1627  1671   308  2892
 4338    2683  1791  2700  2715
 4339    1241  2254  2299  2869
 4340    1055  1258  1099  2913
 4341    2382   836  1574  2826
 4342    2601  1404   172  2769
 4343    2733   848   804  2212
 4344    2499  2331  1128  2919
 4345     439  2170   483   700
 4346     472  2787  1130  2810
 4347    2654  2705  2779  2831
 4348    2170  2892   703  1715
 4349    1215  2453  1078  2759
 4350    1748  2902   303  2670
 4351    2256  1367   759  2793
 4352    1836  1292  2323  2671
 4353     225  1266  2749  2840
 4354     870   153   298  2828
 4355    2890  1085  2704  2566
 4356    1816  2770  1166  2817
 4357    2787   455   992   499
 4358    1236  2385  1192  2880
 4359     919   962  2240  2740
 4360    2746  2704  2861  2890
 4361    1714  2291  1473   306
 4362    1889  2889   349   437
 4363     438  2659  1846   394
 4364    2761  1628  1584  1454
 4365    1802  2659  2302   394
 4366    1179    81  1476  2807
 4367    2746  2432   462  2888
 4368     345  2282   343  2680
 4369     760   804  2733  2793
 4370    1516  2820  2484  2872
 4371    1859  1904   628  2779
 4372     748  2659   438  1888
 4373     303  1623  2670  2902
 4374     120  2867  2546   104
 4375    2865  2696  2783  2816
 4376    1017   139  1972  2794
 4377     539  1918   583  2915
 4378     407  1417   406  2819
 4379    2726   956  2458  2793
 4380     707   715  1858  2793
 4381     362  1417   407  2819
 4382     140   185  2681  2819
 4383    2714  2730  2834  2853
 4384    1023  1213   782  2726
 4385     439  2892  1715  1424
 4386     832  1202   168  2709
 4387    1216   785  2313  2680
 4388    2274  1955  2800  2893
 4389    2916  1458  2742  2789
 4390     769  2893  1217     4
 4391    1106     2  1062  2746
 4392     528   440  1803  2892
 4393    2635   845   452  2748
 4394     838   882  1533  1116
 4395    1206  2353  2398  2720
 4396    2717   417  1445   784
 4397    2589  1260  2176  2893
 4398    1999  2582   857  2800
 4399     275   142  2773  2911
 4400    2809   680   723  2925
 4401    1233  2517  1522  2694
 4402     858   156  1796  2822
 4403    2769  2771  2802  2848
 4404    1443  1969  2620  2686
 4405    2454  2639  2751  2919
 4406      94  1093  1557  2842
 4407     961  2016  2685  2843
 4408    1341  2627   944  2693
 4409    2330   644  1006  2803
 4410     767   811   724  2693
 4411     398   399  1454  2761
 4412    2669  2696  2847  2718
 4413    2913  1099  2199  1258
 4414      24  2237   502  2826
 4415    2662  2723  2898  2844
 4416    1578  2637  2143  2722
 4417    2709   598  1311  2658
 4418    1885   786  2410  2774
 4419    1423   872    48  2844
 4420    1297  2685  2627  1210
 4421     469  1320   133  2737
 4422     417  2734  2717  2893
 4423    1176  1561   507  2760
 4424    2065   300  2030  2874
 4425    1323  2730  2651  2916
 4426    1707  1277  2561  2712
 4427    1248  2621  1292  2671
 4428    2201  2165  2741  2771
 4429    1578  2143  1219  2722
 4430     946  2135   594  2801
 4431    2156  1935   559  2834
 4432    1806  2875  2756  2692
 4433     502  2815  2826  2237
 4434    2083  1775  2782  2885
 4435    2221  2672   857  2266
 4436    1194  2706  1238  1125
 4437     652  1061   446  2753
 4438    2822  1796  2267   156
 4439     804  2078  2122  2793
 4440    1182  1313   202  2902
 4441    1859  1904  2779  2819
 4442     908  2920  1506  2776
 4443    2802  2875  2654  2756
 4444    2909  2852   669  2788
 4445    1402  2754  1357  2328
 4446      48  1576  1917  2844
 4447     704  2550  1710  2767
 4448    1529   891  2100  2783
 4449     253  1441  2619  2820
 4450      22  2664  2829  2839
 4451    2301  2458   956  2793
 4452    1791   281  2700  2715
 4453     241  2889  2864  1712
 4454     159  1554   411  2810
 4455    1892   397   353  2818
 4456     956  2726  2458  2346
 4457    2693    23   988  1341
 4458     170  2260  2872  2878
 4459    1260  2221  2717  2893
 4460    1213  2783   782  2726
 4461    1423  2690  2596  1653
 4462    1006  1171  2329  2859
 4463    2731  2752  2813  2899
 4464    1567  2712  2054  2688
 4465     741  2268  1922  2680
 4466     575  2894   818  2682
 4467    1323  1501   562  2916
 4468    1123  2425   837  2737
 4469    2458  2901   803  1485
 4470    1886   212   520  2821
 4471    2379  2775  2334    72
 4472     720  2216  1225  2863
 4473     583  2078  2034  2915
 4474     734   741  1922  2680
 4475    2857  2654  2668  2771
 4476     724  2175   767  2693
 4477     715   671  1858  2793
 4478    1685   256  2035  2762
 4479     613   126  2649  2895
 4480    2682  2428   795  2383
 4481     366  1554  1962  2810
 4482    2728  2010  1241  2869
 4483    1361  2781  2808  2883
 4484     795  1805   839  2682
 4485    1945  2793  1989   707
 4486    2350  2718  1396  1880
 4487    2385  1042  2430  2880
 4488    2194  1828   875  2740
 4489    1209  1260  2221  2717
 4490    1996  2096  2275  2744
 4491     692  2050  2775  2784
 4492     690  1227  2330  2803
 4493    2363  1952   722  2744
 4494     206  2757  1305  1948
 4495    2924   649  2718  2671
 4496     105   892  2075  2793
 4497    1770  2901   583  1918
 4498    2301   956   979  2793
 4499     384  2177   775  2801
 4500    2452   505   549  2849
 4501     848  2733   804  2793
 4502     462     2  2477  2746
 4503    1323   606  2730  2916
 4504    2474  2916  2795   562
 4505     230  1102  2708  2856
 4506    1703  1411   999  2811
 4507     827   268  1310  2749
 4508    2719   537  1857   581
 4509    2495   488  1618  2735
 4510    1427  2759  2357  2453
 4511     334  2612  1327  2753
 4512    1875  2727  2846   478
 4513    1725  2785  1637   405
 4514    2378  2784   823  1212
 4515     218  1493  1537  2848
 4516    2445  2674  2765  2839
 4517    1564   577  2663  2879
 4518    2671  2530  1204   924
 4519     682   200  1781  2717
 4520    1122  2543  2680  2817
 4521    1240  2320  2614  2697
 4522     754  2431  1525  2890
 4523    2750   833  2287   877
 4524    2654  2791  2848  2857
 4525    2741    50  2852   954
 4526     796   665   621  2766
 4527     483  2659   700  1890
 4528    2096  1952  2275  2744
 4529    2892   439  1715  2170
 4530    1336  1836  2323  2924
 4531    2718  2820  2847  2872
 4532    2420  1701  2419  2884
 4533    2151     6  1289  2687
 4534    1589  1224  1180  2754
 4535      57  2175  2693  2772
 4536    1565   773  2422  2784
 4537    2744  1335  2715  2695
 4538     303  1001  1623  2902
 4539    1821  2270  2695  2715
 4540    2721  1355  1798   598
 4541    2730  2894  2795  1014
 4542    2874   413   388  2653
 4543     387   727   431  2759
 4544    1292  1836  2666  2671
 4545      59  1397  2669  2865
 4546    2675  2669  2702  2865
 4547    2536  2266  2672  2717
 4548     619  2248   575  2682
 4549    2504  2824  2792  1081
 4550    2585  2803  2687  2740
 4551    2643  1617   579  2794
 4552    2731  2845  2854  2908
 4553     444  2787   498  1642
 4554    1266   181  2749  2877
 4555     645  2680  2770  2774
 4556    2377  1267  2158  2732
 4557     499  2787   444   543
 4558    2671  1880  2878   649
 4559    2441  1160  1072  2671
 4560    2657  2171   676  2806
 4561    2402   910  2759  2838
 4562    1781   200   784  2717
 4563    2019  1354  2739  2750
 4564    1558  2337   686  2767
 4565    1804  1848  2361  2818
 4566     699   684   831  2740
 4567    2720   913  2765  2828
 4568     870   298  2674  2828
 4569    1559   480   241  2864
 4570     501  2700   333   545
 4571     229  1504  1462  2904
 4572    2507  2685  2693  2843
 4573    1571  1646  2187  2695
 4574    1084  1569   223  2694
 4575    2767  2058  2782  2874
 4576    1891  2655  1275  2913
 4577    1848   176  1892  2818
 4578     267  1569  1084  2694
 4579     664  1807  2184  2694
 4580      76  1787  1733  2715
 4581    1014  1013  2730  2894
 4582    2306  1776  2675  2865
 4583    2314  2840  1941  1984
 4584    1130  2787   323  1467
 4585    1111  2179  2359  2855
 4586    2042  2707    30  1570
 4587    2877  2661  2890  2386
 4588    1174   843   560  2888
 4589    1702  1271  2739  2803
 4590    1204  2666  2671   638
 4591     708  2184  1851  2879
 4592     206  2699  1948   630
 4593    2413   693  2437  2733
 4594      96  2708  1169  2611
 4595    2421  1272  2376  2919
 4596     712   474  2862  2909
 4597     840  1698  2761  2905
 4598    2368  2528   297  2866
 4599    2782  2713  2885  2897
 4600    2036  2080  1818  2723
 4601    2328  2902  1357  2283
 4602     714  1075   670  2719
 4603    2575   924  2530  2671
 4604    1072  1160  2666  2671
 4605     577  1564   621  2879
 4606     924  1248  1204  2671
 4607    2786  2498   504  2094
 4608    2749  2663  2825  2879
 4609     551  1469  1858  2719
 4610    2136  2276  2194  2727
 4611     496  1683  1830  2911
 4612      13  2026  1762  2692
 4613     652  2861  2059  1651
 4614     496  1830  2686  2911
 4615    2686   102  1487  2855
 4616    1661  1617  2643  2794
 4617     769  2893     4  2734
 4618    1333  1288  2483  2733
 4619    2742  2732  2795  2916
 4620    2172  2128   765  2912
 4621    1517  2667  2760  2674
 4622    1316  1359  1257  2808
 4623    2378  2628  1054  2775
 4624    1891  2655  1568  1275
 4625    2186  1328  1372  2907
 4626    2199  1258  2154  2913
 4627    2193  2238    70  2725
 4628    2608   773  2467  2784
 4629    2625  2765  2664  1119
 4630     377  2494  1036  2810
 4631    2118  2704   208  1019
 4632    1303  2744  2700  1952
 4633    2715   457  1242    16
 4634    1416  1742    53  2907
 4635     918  2358   961  2685
 4636      35  1825  1883  2734
 4637    1689   519  1575  2744
 4638    2445  1164  2674  2839
 4639     412   463  1347  2867
 4640     205    14   733  2920
 4641    2437   693  1332  2733
 4642    1883  1781    35  2734
 4643     472   323  2787  2867
 4644    1954   503   547  2823
 4645    2608  2467  2512  2784
 4646    1383   126   550  2668
 4647    1829  1390  2672  2752
 4648    2346  1023   956  2726
 4649    1219  2902  1622   303
 4650    1228  2499  2454  2919
 4651    2795  2730  2916  2732
 4652    1180  2508  2463  2754
 4653    2201  2714  2771  2741
 4654    1530  2677   182   667
 4655    2570  1461   872  2844
 4656     147  1946  2804  2918
 4657     710   382   426  2877
 4658    2774   390  1839  1046
 4659    2698    22  2839  2691
 4660    1007  1302   963  2687
 4661    2376  2499  1128  2919
 4662     627  2122  2078  2793
 4663    1070  2395  1396  2718
 4664    1091  2090   495  2788
 4665    2594    18  1291  2924
 4666    2103    93   180  2923
 4667      76  2700  2715  1689
 4668    1628  1407   959  2910
 4669     849  2860  2496  2168
 4670    2734  2707  1648  2786
 4671    2713  2797  2885  2921
 4672    2888  2704  2729   208
 4673    1082  2207  2252  2888
 4674    2504   616   122  2832
 4675     874  2358   918  2908
 4676     972  2756  2027   971
 4677    2896  2920  2753  2887
 4678    2775   966   244   923
 4679      77  1579  1748  2670
 4680    1560  1693  1398  2899
 4681    2535  1120  1164  2674
 4682    1560  2646  2752  2899
 4683    2079  2866  2726  2733
 4684    2055   926  2736  2917
 4685     474   518   712  2862
 4686    2674   870  2828  2839
 4687     690  2375  1271  2803
 4688    2834   661   616  2832
 4689    2901  1549  2788   494
 4690    2727   566  2149  2136
 4691     914   430  2788  2901
 4692    1315  2084   721  2764
 4693    2500   646  2751  2790
 4694     730  2214  2259  2865
 4695     222   311  2758  2841
 4696    2033  1485  1131  2901
 4697     474  1944   625  2909
 4698    1778  2821  2854   212
 4699    1749  1935  2156  2834
 4700    2655  2379  1891  1568
 4701    1657  1490  2001  2722
 4702    2802  2163  2875  2756
 4703    2827  2808  2685  2821
 4704     976  2697  2209  1663
 4705      61  2669  2702  2924
 4706    2025   795   751  2682
 4707    2584  2865  2816  2696
 4708    1903  2900  1947  1904
 4709     931  1126   247  2888
 4710     623   849   371  2798
 4711    2208  2325   933  2697
 4712    2894   575   818  1894
 4713     649  1247  1880  2878
 4714    1019  2253  2704  2729
 4715    1017  2250  2295  2794
 4716    2444   136  2489  2720
 4717      76  1966  1689  2715
 4718     479  1223  1522  2814
 4719    2668   126  2771  2895
 4720    2729  2252  2093  2404
 4721      73  2764  2039   721
 4722     108  2711  2653  1862
 4723    2910  1452   174  1076
 4724     557  2639  1317  2751
 4725      76  2700   281  2715
 4726    2771  2064   603   691
 4727      25   333  1820  2683
 4728    2732  2730  2794  2871
 4729     342  2648   298  2828
 4730     467  1064  1020  2703
 4731    1501  1323  1705  2916
 4732    1925  2824  2604  2743
 4733    2239  2318  2284  2727
 4734     870   298   197  2674
 4735    1679  2308  1723  2701
 4736    1227  1702  2286  2803
 4737     829   828  1929  2770
 4738    2730  2732  2794  2916
 4739    1725  2785   405   449
 4740     797  2905   753  2761
 4741    2099   572  2155  2868
 4742    2318   742  2329  2859
 4743    2699   206  2455   630
 4744     725   681  2786  2849
 4745    1262  2734  2849   461
 4746    1554   366  1887  2810
 4747     889  2719   523  1769
 4748    2894   661  2459  1013
 4749    1833  2406  2705  2863
 4750    2661  1380  2251  2296
 4751      13   442  1806  2692
 4752    2205  2476  2766  2833
 4753     686  1601  2764  2767
 4754     787  1676   400  2735
 4755    2658  1399  2595  1974
 4756    1595   496  2690  2911
 4757    2353  1205  2398  2720
 4758    1915  2671  2530  2486
 4759    2536  1816  2817  2854
 4760     532  1832   576  2811
 4761     255  2460  2425  2737
 4762    2100  1529  2783  2906
 4763     767   898  2217  2863
 4764      33  2716  2670   481
 4765    1945  2901  2719  1989
 4766    1530  1750  1986  2677
 4767    2165  1961  2741  2895
 4768    1864  2867   412   776
 4769     690  1271  1702  2803
 4770    1904  2779  2819  2900
 4771     888   351   395  2892
 4772     866  2268  1078  2759
 4773    1426  1542  2408    46
 4774     197  2648  2667  2674
 4775    2445  1164  1120  2674
 4776     885   930   841  2692
 4777    1591   404   316  2701
 4778    2439   937  1025  2820
 4779     935   892   105  2793
 4780    1423  1653  2570  2844
 4781    1633  2366  1309  2731
 4782     272  1547   316  2701
 4783     431  2817   727  2089
 4784    2119  2677   667  2748
 4785     804  2122   659  2793
 4786    2901  1902  1945  2719
 4787    2686  2657  2815  2773
 4788    2796   826   481   210
 4789    1175   969  2202  2917
 4790    1650   199  1606  2698
 4791    2224   471  2714  2834
 4792     791  2198  2505  2724
 4793    1643   587   997  2921
 4794    2080   761  2653  2723
 4795      97  1884   186  2856
 4796    1502   957    78  2789
 4797    2863  2779  2860  1907
 4798    2068   617  2459  2868
 4799    2349   850   894  2820
 4800    2857  1430   111  2886
 4801    2270  1335   634  2695
 4802      79  2700  2797  2867
 4803    1373  2728  2360  1740
 4804    2792  2099   528  2818
 4805    1937  2736   529   573
 4806    2069  2682   795  2025
 4807     407  1726  1859  2819
 4808     838  2736  1893  1533
 4809    1429  2839   165  2233
 4810    2111   573  2818  2868
 4811    1669    85   129  2716
 4812     192   280  1167   236
 4813      16  1821  1242  2715
 4814     993  1237  2642  2843
 4815    1222  2616  2738  2662
 4816     946   990  2135  2801
 4817    1791  1644  2546  2683
 4818    2354  2399  1031  2765
 4819     227  2676   183  1105
 4820    2165  2649  1961  2895
 4821    2792  2818  2832  2868
 4822     677  1996  2275  2764
 4823     158   464   420  1523
 4824    1595  2690  2844  2896
 4825    1120   900   515  2674
 4826    2736  1533   193  1893
 4827     509  1152  1300  2703
 4828    2501  1981   794  2736
 4829       8    43  1318  2837
 4830    1459   491   447  2701
 4831    2867   574  2586  1511
 4832     790   236   756  2683
 4833     844   744  1512  2887
 4834    2428  2682   795  1590
 4835     508   155  2667  2674
 4836     792  2881  2814  1697
 4837    1932  1202   832  2709
 4838     887  2857  2848  2791
 4839    1373   569  2360  2869
 4840    1885   734   785  2774
 4841    1137  2854  1753   683
 4842     191  1116   838  2069
 4843    1805  2113  2069  1116
 4844    1908  2867  1864   776
 4845     548  2707  1912  2786
 4846     759   707  1989  2793
 4847     312  1500   827  2749
 4848    2840  2314  1897  2850
 4849    2844  2616  1674  2662
 4850     232  1330  2315  2710
 4851    2023  2818  1678  2335
 4852     504  2292  2498  2689
 4853    2528  2368  1157  2820
 4854     406  1462   451  2904
 4855     140  1504   229  2904
 4856    2654  2684  2741  2819
 4857    2834  2824  2771  2802
 4858    1113  1069  2509  2820
 4859     148  2867   907  2683
 4860     665  2905   709  2766
 4861    1913  1785  2822  2849
 4862    1682    98   142  2911
 4863    1629  2853  1850   618
 4864    1864  2700   333  2683
 4865    2569  2712  2688  2606
 4866    1320   134  2365  2778
 4867     465  1374  2315  2710
 4868     154   198  1694  2829
 4869    2510  1359  2721  2808
 4870    1913  1388  1785  2849
 4871    1533  2736   193  1937
 4872    1568  1891  1275  2379
 4873    1581  1538  2743  2824
 4874    1467   516  1130  2810
 4875    1078  2402   910  2759
 4876    1793   615  1837  2824
 4877    1904   762  2213  2779
 4878    1457   181  1255  2749
 4879    2709  2465  2721  2884
 4880    2095  1304   679  2745
 4881     185  2681  2819  2831
 4882    1363  2053  2655  2737
 4883    2053    89  2655  2737
 4884    1629  2853  1766  2832
 4885    1507  2139  2662  2738
 4886     959  2875  1452   124
 4887     881  2737  1751  2460
 4888    1537  2601  1538  2769
 4889     516  1510  1130  2810
 4890    2689  1692   240   736
 4891    2595   567  1795  2658
 4892     940  1301  2669  2924
 4893     125  1566  1589  2807
 4894    2053   558    89  2737
 4895    2169   762  2258  2900
 4896    1933   517  2659  2716
 4897    1723   491  1767  2701
 4898    2677  2119  1750  2748
 4899    1688   192   236  2683
 4900     883  1267  2732  2871
 4901    2162   843  1126  2888
 4902     225  1488  1500  2749
 4903    2700  1864   333  2247
 4904    1864  2867   368   412
 4905    2772  2827  2656  2685
 4906    2633   517   570  2796
 4907    2055  2894  2868  2068
 4908    1312  2188  2637  2754
 4909     168  1202  2236  2836
 4910     743   831   705  2740
 4911    1626   810  1582  2796
 4912     773  2750  1565  2467
 4913    2434  1035    26  2703
 4914    2696  2200  2349  2304
 4915     792  2881   214  2814
 4916     458   546    41  2695
 4917    2786   460  1824   504
 4918    1446   994   144  2710
 4919     324  2867   368  2683
 4920    1492  2670  2716  2743
 4921     148   192  1688  2683
 4922    2789   781   385  1458
 4923     271   227  1149  2701
 4924    1485  2033   847  2901
 4925     907  1167   192  2683
 4926    2716  1580   173  2889
 4927     273  1505  1548  2805
 4928    1820   790   756  2683
 4929     666   382  2661  2877
 4930    1763  2694  1834   470
 4931    2702  2440  2056  2669
 4932    2217   811  2693  2863
 4933    2881  1664  2814  2758
 4934     279  2190   123  2713
 4935    2468  1083  2775  2790
 4936    2664  1296  1340  1509
 4937     957  2794    78  2789
 4938    2279  1666  2725  2743
 4939     732  2453  2357  2759
 4940    2772   680  2809  2925
 4941    1196  2697  1392  2703
 4942    2724  2014  2505  2790
 4943    2775   692  2784  2790
 4944    1049  2843  2842     7
 4945    2820   510  1516  2439
 4946      12  1416  1282  2833
 4947    1962  2876   278   322
 4948    2476  2205   842  2833
 4949     607  1178   277  2898
 4950    2736  2055  2894  2868
 4951    2586   280  1167  2683
 4952    2282   345   293  2680
 4953    2852  2862  2909   712
 4954    2714    50  2794  2852
 4955    1766  1760   490  2832
 4956     197  2667  1517  2674
 4957    2656  2677  2773  2905
 4958     753   840  2761  2905
 4959     383   954  2741  2852
 4960    2342  2404  2252  2888
 4961    2420     0  2465  2884
 4962     934  2100   713  2906
 4963     886    52  2565  2905
 4964    1276   558  2365  2737
 4965    2890  2746  2661  2861
 4966    1056  1053  2332  2784
 4967    2205  2310   665  2766
 4968    2519   445   468  2840
 4969     696  2380  2552  2747
 4970    2905  2766   842   709
 4971     192   148   907  2683
 4972    2177   814   858  2822
 4973      89  1276  2007  2737
 4974     765   632  2806  2912
 4975     431  2089  2057  2759
 4976    1323   562   606  2916
 4977    2140  1550   778  2920
 4978    1864    25   368  2683
 4979    2365   558  1320  2737
 4980    2586   324   280  2683
 4981     122  2459   617  2868
 4982    2683  1732   236  1688
 4983    2689   284   819   240
 4984    2809  2806  2874  2912
 4985     372  1520  2451  2689
 4986    1698  2799  2883  2905
 4987    2730   606  2795  2916
 4988    2738  2844  2616  1461
 4989    2778  1276  2365  2737
 4990    1157   253  2619  2820
 4991      89   558  1276  2737
 4992    1363   133  2053  2737
 4993     726  2133  2057  2759
 4994    1031  2534   987  2765
 4995    2159  2249  1236  2742
 4996       1   505  1262  2849
 4997    1122  2447  2817  2759
 4998     711  1771  2831  2860
 4999    1339  1152  1196  2703
 5000    2823  2225   459  2891
 5001    2749    28  2228  1852
 5002    2781  2678    86  2836
 5003    1921  1165  1260  2838
 5004      78  2862  2794   579
 5005    2125  2213   762  2779
 5006     489  1439  1394  2749
 5007    2211   105  2075  2793
 5008      70   378  2725  2902
 5009    2743  1001  2670  2339
 5010    1177   746  1190  2882
 5011     399  1982  2411  2761
 5012     469   133  1613  2737
 5013     255   967  2655  2737
 5014    2200  2696  2349  2820
 5015     573  2736  2818  2868
 5016    1767   624   536  2701
 5017    1132    11  2652  2730
 5018     756   236   280  2683
 5019     265  2883  1409  2841
 5020     333    25  1864  2683
 5021    1693   330  2366  2731
 5022    2685  2772  2827  2845
 5023    1691  2745  2707    58
 5024     897  2041  2705  2858
 5025    1584  1407  1628  2910
 5026    1480  1733  1787  2715
 5027    2133   771   431  2759
 5028    1787   325   369  2715
 5029    1288  2437  1332  2733
 5030     513  2747  1363  2835
 5031    1309  2731  2821  2827
 5032     902   608  1061  2753
 5033    1879  2737  2768  2688
 5034    2614  1506  2183  2920
 5035    2013  2713   862  2897
 5036     187  1550   996  2920
 5037    1405  1407  1406  2910
 5038    1808  2749    28  2228
 5039    2140  1506  2614  2920
 5040     501  2683   333  2715
 5041     666   382  2341  2661
 5042    2733  2347   935   217
 5043    2730  2732  2853  2871
 5044    1294  1250   658  2720
 5045     883  2871  1016  1654
 5046    1562  2583  1518  2691
 5047    1497  1628   959  2910
 5048    1639  1682   275  2911
 5049    2726  2413  2866  2482
 5050     115   433  2046  2812
 5051     974  1513   597  2888
 5052    1123  2778   837  2336
 5053    1322  2825   906  2694
 5054    2003  2811  2735  2495
 5055    1162  1206  1021  2720
 5056    1315  2084  2782  2912
 5057    2692  1628   398  1497
 5058     799  2661  1174  2888
 5059    1628  2660   398  2761
 5060    2196   116  1183  2241
 5061    2765  1118  1074  2354
 5062    1102  2708  1326    52
 5063     190  1422  1047  2897
 5064    2386   338  2661  2890
 5065     211  2877  1765  2661
 5066    1121   732   160  2838
 5067    1589  2321  2754  2807
 5068    2799  2656  2677  2826
 5069     311  1022  2758  2762
 5070     160  2088  2734  2822
 5071    2201  1634   471  2741
 5072     276  1552  1959  2710
 5073    1942   799  2370  2661
 5074    2555  1138  1404  2848
 5075     168   788  2709  2836
 5076    2730  1323  2652  1014
 5077    2053  1129  1363  2655
 5078    2489   136   103  2720
 5079    2693  2175  2141  2772
 5080    1335  2270  1865  2715
 5081     341  1572  2701  2789
 5082     221  1221  1453  2837
 5083     386    19  2369  2924
 5084    2193    70  2148  2725
 5085      75  2348  1156  2733
 5086    2807  2830  1432  2754
 5087    1595  1772  1551  2844
 5088    2286  1702  2739  2803
 5089    2330  1876   644  2803
 5090    1594  1638  1799  2896
 5091    1501  2643   957  2916
 5092    1242  1821   466  2715
 5093      42  2639  1272  2919
 5094    1878  2375   690  2803
 5095    2654  2714  2741  2771
 5096    1361  2808  2873  2883
 5097     862  2713  2782  2897
 5098     205   996  1550  2920
 5099     726   428  2734  1825
 5100     660  1113  2573  2820
 5101      73   677  2764   689
 5102    2789  2862    78   535
 5103    1080  2746   462  2888
 5104     417  2717  1445  2893
 5105    2432  1080   462  2888
 5106    1924   802  1131  2901
 5107     293  2680  2770  2817
 5108    2676  1971  2794  2805
 5109     466  1821  2695  2715
 5110    2739  1399   920  2803
 5111     792  2881  1697   214
 5112    2826  2781  2808  2882
 5113    2848   128  2857  2599
 5114    1322  1752  2517  2694
 5115    2832  2361  2736  2818
 5116    1076   959  1407  2910
 5117     760  2733  1329  2915
 5118    1080   597  1018  2888
 5119     187   778  1550  2920
 5120    1405  2660  2873  2843
 5121    2342  2252  2207  2888
 5122    2387  2404  2342  2888
 5123     495   494  1918  2901
 5124    1227  1876  2330  2803
 5125     499   543  1555  2787
 5126    2889   241  2418  1712
 5127    2786  2180   460  2689
 5128    2617   383   757  2741
 5129    2725  2760  2771  2857
 5130     231  1799  1595  2896
 5131    1777  1787   369  2715
 5132    1398  2366  1633  2731
 5133     618   487  2048  2853
 5134     334  1327   249  2753
 5135    2691  1263  2807  2830
 5136     570   166  1977  2796
 5137     450   317  1549  2788
 5138    2474  2916  1458  2742
 5139    2225  2823  2689  2891
 5140    2274   592   865  2800
 5141    1989  1945   758  2719
 5142    1182   202  1226  2902
 5143    2753  2861  2704  2706
 5144    1332   693  2866  2733
 5145    2804  2783  2865  2684
 5146    2654  2668  2684  2858
 5147     329   448  1971  2805
 5148    2804  1991  2816  2918
 5149    1981  2025   751  2682
 5150     409  1289  1051  2687
 5151      67  2679  2392  2791
 5152     918  2358  2685  2908
 5153     752   621  1940  2879
 5154    2291  1713  1757  2716
 5155    1742  1416  2833  2907
 5156    1769   449   493  2719
 5157    2924   983  1479  2847
 5158    2703  2728  2010  2209
 5159    2229  1271  2375  2884
 5160    2361  2832  2736  1673
 5161     900   515  2674  2851
 5162    1517  2548   870  2674
 5163    1517   870   197  2674
 5164     650  1013  1014  2894
 5165    1226  1270   304  2670
 5166    2427  2526  1838  2799
 5167     525  1374  1419  2710
 5168      98    53  1742  2907
 5169    1896  1439  1658  2749
 5170    1141  2423  1212  2784
 5171    2169  2258  2214  2900
 5172    1515  2686  1155  2690
 5173     827  1500  1488  2749
 5174    2382  1574  1838  2826
 5175    2140    14  1550  2920
 5176    1502    78   535  2789
 5177    1149  2676  1105  2789
 5178    1087  2924  2666  1836
 5179    2457   611  2017  2740
 5180    1246   862  1556  2782
 5181     959  2875   124  2910
 5182    2783  2804  2816  2918
 5183    1865  2700  2715   589
 5184    2195   860   705  2740
 5185    1619  1153   695  2920
 5186     580  2658  1355  2770
 5187    1213   891  1067  2783
 5188    2194  1741  2136  2727
 5189    1256  2270  1821  2715
 5190    2043   636  2130  2800
 5191    1076  1407  1451  2910
 5192     335   369   325  2715
 5193    2297  2683  1732   790
 5194     545  2700  2247   589
 5195    1697   344   214  2881
 5196    2717  2536  2817  2854
 5197    2905  1326  2833  2856
 5198    2642  2554   993  2843
 5199    2716  2670  1536  2889
 5200    2881  2814  2799  2841
 5201     750  1938   706  2736
 5202    2372  2543  1166  2817
 5203    2223  2759  1034  1215
 5204    2105   670  1469  2719
 5205    2084   854  2767  2912
 5206    2240   644  2285  2740
 5207      50  1617  1661  2794
 5208     448  2794  2805  2904
 5209     510  2820  1516  2872
 5210     174  1076  1451  2910
 5211     667   476  2748  2766
 5212    2639  2678  2751  2919
 5213     719  2782   588  1775
 5214    1743  2740  2687  1043
 5215    2700   456   776  1951
 5216    2421  2376  1620  2919
 5217    2273  2286  1184  2750
 5218     665  2310   621  2766
 5219    2691  2725  2760  2830
 5220    2163  2802   309  2756
 5221    2882  2709  2808  2821
 5222    1091  2788   147  2090
 5223    2219  2809  2925  2813
 5224    2246  1268  2598  2754
 5225     338   382  2386  2661
 5226     360  2425   696  2747
 5227    2707  2734  1648  1090
 5228    1964  1731  2885  2914
 5229    2195   705   817  2740
 5230    1872  2225  1954  2689
 5231    2702  2648  1308  2623
 5232    1682   142   275  2911
 5233    1848  2832  2818  1804
 5234     627  2901  2793   583
 5235    1762  2761   884  1982
 5236    1269  2283  1313  2902
 5237    2822   948  2759  2312
 5238    2892  2170   703  1759
 5239     255   915  1011  2655
 5240    1319  2424  1129  2655
 5241     825  2099  2155  2868
 5242    2417  2908   828  2770
 5243     767  2806  2141   898
 5244    2873  1584  1407    87
 5245     317  2909  2788  2805
 5246     417  1090  2734  2893
 5247     462  2746  1018  1062
 5248     205  1550    14  2920
 5249    1172  2884  1701  2658
 5250    2225  2823   459   503
 5251     376  1155  1487  2686
 5252     510  2847   851  2872
 5253     854  2174  2015  2767
 5254    2186    54  1328  2896
 5255    1485  1989  1131  2901
 5256    1182  1269  1313  2902
 5257    2846   653   861  2244
 5258    1271  1128  2739  2884
 5259    2808  2827  2826  2882
 5260     386  2623  2665  2702
 5261    2299  2703  2869  2254
 5262    2786   637  1706  2849
 5263    1524  2778    90  2688
 5264    2832  2361  1804   490
 5265    1120   508  2400  2674
 5266     884   885   841  2692
 5267    2428  1590    20  2473
 5268     155   508  2535  2674
 5269    2006   358   402  2850
 5270    1358  2673    20  1191
 5271    2279  1711  1925  2743
 5272     139  2794  2295  2676
 5273    1753   740  1798  2770
 5274    2911  2773  1830  2686
 5275    2837  1471  2022  2153
 5276     841   930  2611  2692
 5277    2138  2662  1640   629
 5278    2840  2314   641  1984
 5279    2245  2859  2284  1171
 5280     772  1727  2773  2856
 5281    1743  2740  1043  2062
 5282     250  1507   408  2662
 5283     246  2815  2899  1514
 5284    1020   164  1835  2703
 5285     764   853  1907  2705
 5286    2815   246  2899  2874
 5287    2590  2544  1121  2838
 5288    1436  1571  1690  2891
 5289    2311  2131  2772  2925
 5290     295  2880  1605  2475
 5291     846   914   430  2788
 5292     674  1818  1345  2914
 5293     291  1873   244  2775
 5294    1270  1226  2902  2670
 5295    1425   119  2668  2702
 5296    1243   651  1178  2662
 5297    1796  2822  2267  2801
 5298     409  2195  1095  2687
 5299     644  2285  2740  2803
 5300     195   912  2823  2891
 5301    2813   679  2780  2800
 5302    1958  1679  2308  1723
 5303    2139   952   408  2662
 5304    2806  2711  2815  2874
 5305      42    86  2678  2836
 5306    1348  1995   500  2797
 5307    2524  1339  2568  2703
 5308     516  1962  1510  2810
 5309    1325  1605  1057  1414
 5310    2400   508  2667  2674
 5311    2894   661  2832  2459
 5312    2708  1326  2905  2856
 5313    2240  2585   817  2740
 5314     305    17  1845  2889
 5315     653  1245   697  2812
 5316     492  2785  1812  1768
 5317    2408  1586  2712  2778
 5318    2808  2685  2821  2908
 5319    2837  2781  2841  2881
 5320    1368  2384  2429  1199
 5321      72  2424  2655  2835
 5322    2924  2675  1029  2669
 5323    1428   537   889   493
 5324    1765  2877  1266  2840
 5325    2790  2835   835  2505
 5326     872  1674    48  2844
 5327    1270  2670  2722  2864
 5328     354  1540  1454  2761
 5329    1806  2026    13  2692
 5330     930   885   929  2692
 5331    2562   970   606  2795
 5332     366  2494  1887  2810
 5333     655  2062  1484  2740
 5334    1280  2249  2673  2880
 5335     927  2473   839  2922
 5336    1436   415   283  2891
 5337     616  2824   615  1793
 5338     709   842  2205  2766
 5339    1666  2279  1667  2743
 5340    1449  2769  2743  2638
 5341    2351    60  1600  2797
 5342     119  1425  1158  2702
 5343    2294  2880  1324  1280
 5344    2380  2022  2747  2881
 5345    2678  2781  1471  2836
 5346    1664  2380  2747  2881
 5347    2894   706  1673   662
 5348    2693  2660  2656  2657
 5349    1457  2825   268  2749
 5350     677    73  2764  2797
 5351    1525  2386   710  2877
 5352    2131   680  2772  2925
 5353    1043  2803   920  2018
 5354    2268   688  2223  2812
 5355    1139  1183  2196  2687
 5356    2800  1445  2707  2780
 5357    1986   138  1530  2677
 5358     533  1439  1896  2749
 5359    2617   383  2741  2906
 5360    1529  1486  2783  2906
 5361    1912  1217   769  2786
 5362    1132  2224    11  2730
 5363    2788  1091   147  2918
 5364     662   818  1894  2894
 5365    2667  2668  2675  2702
 5366     529  2736  2818   573
 5367      42  2678  2709  2836
 5368    2279  2771  1711  2743
 5369     119  2684  2702  1158
 5370     536  2785  1278   492
 5371    1538  2769  2638  2743
 5372    2195  2585  1095  2687
 5373    1352    62    61  2702
 5374    1088  2623    62  2702
 5375    1831  1064    26  2703
 5376     854  2809  2174  2767
 5377    1128  2739  2884  2919
 5378    1856  2785   537  1428
 5379    1835   164   976  2703
 5380    2669  2594  2718  2924
 5381     451  2819  2804  1726
 5382    2616  2738  1461  1066
 5383    2894  2202   650   969
 5384    2274  1999     3  2800
 5385    1489   686  2764  2767
 5386    2707  2780    58  2745
 5387     382   710  2386  2877
 5388    1314   348  1270  2864
 5389    2684  2858  2865  2900
 5390    2019  2739   920  2687
 5391    2089   200  2717  2817
 5392    2319  2723  2757   717
 5393    2086  2707  2745  2800
 5394    1967   581   737  2785
 5395    1769  2719   670  2105
 5396    2412   920  1043  2687
 5397    2050   922   965  2784
 5398    2169  2858  2779  2900
 5399    2858  2041  2262   897
 5400     171   127  2001  2722
 5401     130  1431  2466  2873
 5402     386  1381  2924  2665
 5403     213  2671  2575  2530
 5404    2686  1443  2815  2874
 5405    1064   467  1020  1831
 5406    1986  2629   138  2677
 5407     238  2550   704  2767
 5408     256   180  2762  2923
 5409     601  2721   830  2419
 5410    1238  2476  2706  2766
 5411    1074  2665  1030  2173
 5412     604   358  2006  2850
 5413    1212  1097  1141  2784
 5414    2046  2502    32  2812
 5415    2811  1499  1587  1456
 5416     107   199  2698  2807
 5417    1963  1196  2523  1152
 5418    2254   164  1020  2703
 5419    1603  1398  1926  2899
 5420     787  1343   488  2735
 5421    1756  2670  2889   568
 5422    1686  2763  2455  2787
 5423    1939   665   796  2766
 5424    1043  2803  2018  2740
 5425    2893  1912  1217  1261
 5426    2731  1560  2752  2899
 5427     336  1861  2755  2763
 5428    2734  1648  1262  2786
 5429    2206  1632   534  2850
 5430     736   196  2689  2786
 5431    2689   196  2707  2786
 5432    2626    22  2691  2839
 5433    1308  1425  2668  2702
 5434     207  2703   509  1108
 5435    2587   965   922  2784
 5436    2362  2673  2742  2795
 5437    2682  2473  1590  2673
 5438     953   997  1687  2921
 5439     665  2905  1939   709
 5440    1302  2412   963  2687
 5441     797  2905   886   753
 5442      86  1316  2808  2836
 5443    2861   783  2074  2704
 5444    2766  2762  2799  2923
 5445     842  2205  2766  2833
 5446     238  1603  1926  2899
 5447    2896   733  1328  2753
 5448    2717  2672  2854  2870
 5449     400  1676  1588  2735
 5450    1208  2829  2664    66
 5451    2800  2893  1261  2707
 5452     912  1571   239  2891
 5453    2860  2657  2863  2798
 5454    1764  1720  2003  2735
 5455     629  2755  2757  2763
 5456    1359  2421  2465  2709
 5457    1413  2429  2742  2880
 5458    1392  2614  2183  2703
 5459    2708  1326    52  2905
 5460     403  1057  2308   447
 5461    2009  2697   294  2567
 5462     196  1648  2707  2786
 5463    1088  1352  1425  2702
 5464    1628  2660  1584  2910
 5465    2623  1088  1308  2702
 5466     164  2254  2010  2703
 5467    2623   386    62  2702
 5468     270  2663  2861  2104
 5469    1778  2461  2854  2870
 5470    1300  1152  1339  2703
 5471    1540  2873  2761  2883
 5472    2675  2668  2684  2702
 5473    1679  2701   492  1635
 5474    1158  1425  1352  2702
 5475    2785  1278  1812  1856
 5476     962  2859  2740  1171
 5477     162  2699  1730   631
 5478    2443  2532  1294  2720
 5479    1599  2787  2542  2867
 5480    1812  2785  2109  1768
 5481    2628  1098  1054  2775
 5482    1278   624   536  1856
 5483    1723  2701   536  1958
 5484    1649  2815  1514  2899
 5485    1958   492   536  1278
 5486    2096  2764  2744  1996
 5487    2311  2087  2131  2925
 5488     493  2785   449  2109
 5489    2824  2903  2504  2792
 5490    2759  2312  1427  2357
 5491     326  2745  2744  1602
 5492    1812  2785  1428  2109
 5493    2476   798  2205  2766
 5494    2649  2165   613  2895
 5495    1351  1337  2666  2720
 5496    1162  1118  2263  2720
 5497     262  2728  2710  1391
 5498    1180  1224  2508  2754
 5499    1522  1233  2694  2778
 5500     571  1081  2792  2796
 5501     160  1077  2822  2838
 5502     801  2236  1202  2836
 5503    1915  2671  2878  2530
 5504     694  2725   738  1401
 5505    2794  2789  2295  2676
 5506     729  1855  1188  2768
 5507      45  2737  2007  2768
 5508    2762  1895  2766  2799
 5509     204  2734  2786   769
 5510     287   890   647  2698
 5511    2523  1152  2478  2729
 5512    2585  1139  1095  2687
 5513     980   716  2726  2918
 5514    2353  2666  1205  2720
 5515     441   485  2736  2818
 5516    2263  1118  2218  2720
 5517    1367   715   707   759
 5518    2112  1824  1868  2786
 5519    2310   798   577  2766
 5520    2785  1428   493   537
 5521    2611   930    96  2831
 5522    2498  2823  2707  2689
 5523    1338  2533  1294  2720
 5524    1174  1985   247  2850
 5525    2748  2677  2773  2855
 5526    2182   746  2191  2836
 5527     363   362  1815  2831
 5528     883  2250  1060  2794
 5529    2473   927  2518  2922
 5530    2699  1686   162  2455
 5531     577   798  2663  2766
 5532     769  1217  2734  2786
 5533    2209  2920   695  2697
 5534     548  1912  2094  2786
 5535    2015  2174   679  2767
 5536     314  1970   211  2661
 5537    2804   147  2788   451
 5538     136  1250   103  2720
 5539    1692  1262   736  2786
 5540    2756  2853  2714  2802
 5541    2029   402  2161  2850
 5542    2510  2908  2721   874
 5543    1748  2670   303  1623
 5544    1000   429  2795  2922
 5545    2863  2779  2831  2860
 5546    2679  2507    23  2693
 5547     658  2398  2443  2720
 5548     302  2710   554  1699
 5549    1721  2104  1255  2663
 5550    1541  1359  1094  2808
 5551    2782  2767  2874  2912
 5552    1355  1798   580  2770
 5553     553  2433  1009  2729
 5554    1316  2709  2808  2836
 5555    1060  1017    95  2794
 5556    2594  1291  2718  2924
 5557    1197  2920  2728  1619
 5558    1771   363   711  2831
 5559    1162  2399  1118  2720
 5560    2720  1250  2398  1206
 5561     692  2243   878  2790
 5562    2787   472  1130   323
 5563      53    98  2186  2907
 5564    2814  2758  2841  2881
 5565     360  2066   967  2747
 5566    1026  2718  1441  1396
 5567    2766  2905   842  2833
 5568    2547  2474  2742  2795
 5569     539  2901  1918  2915
 5570     707  1075  1945  1902
 5571     239  1571  1436  2891
 5572     418   121  2233  2839
 5573     522  2728    63  2615
 5574    2011  2909  1943   737
 5575     757   954   427  2741
 5576    2050   718  2288  2775
 5577    1467   323  2190  2787
 5578     620   470  2749  2811
 5579    1638  2911    98  1682
 5580    2736  1673  2832  2894
 5581    2685  1210  2845  2908
 5582     969  1175  2055  2917
 5583     541   497  1916  2755
 5584     543   820  2542  2787
 5585    2823  2498  1998  2689
 5586     498  2787  2763  1642
 5587    2466  1237  1405  2873
 5588    1997  2015   679  2767
 5589    2657   371  2711  1949
 5590    2667   197  1517  1220
 5591    2257  2733   892   217
 5592    1642   864   820  2787
 5593    1897  2840  1853  1941
 5594    2765  1118  2720  1074
 5595    2834  2730  1013  2853
 5596     319  2773  2798  1727
 5597    1252    66  2664  2829
 5598    1021  2399  1162  2720
 5599     592  2086   865  2800
 5600    1459  2564  2789  2880
 5601     971  2681  2756  2871
 5602     594   947  2327  2801
 5603     471  1634   427  2741
 5604    2665   209  1351  2720
 5605     786  2230  2774  2859
 5606     390  2017  1046  2727
 5607     308  1671   352  2892
 5608     715  1902   707  1858
 5609    1697   749   344  2881
 5610    1441  2619  2820  2872
 5611     715  2793  2211  2166
 5612    2819   451   406  1726
 5613    2218  2665  2173   942
 5614     151  2780  2745    58
 5615     434  2098   340  2727
 5616    2098  1611  2061  2727
 5617     707   759  1989  1945
 5618     209  2665  2577  1382
 5619    1964  1345  1774  2914
 5620     757   383   954  2741
 5621     209   913  1338  2720
 5622    2627  2693  2685  2772
 5623    1141  2790  2423  2784
 5624    2545  1651  2059  2861
 5625     870  1474   153  2839
 5626    1873   291   718  2775
 5627     653  2846  1797  2244
 5628    1087  2924  2665  2666
 5629    1668  1559   241  2864
 5630     139  1971  1972  2794
 5631    2529  2484  2820  2872
 5632    2734   725   204  2786
 5633    2218  2665  1074  2173
 5634     685  1675  1631  2811
 5635    2115  1192  1148  2742
 5636     857  1999  2800  2893
 5637     103  1250  1294  2720
 5638    1727  1683   275  2773
 5639      50  2741  2714   427
 5640    2781   746  2182  2836
 5641    1105  2295  1874  2789
 5642    2443  1337  2532  2720
 5643    2544  2402  1121  2838
 5644    2218  2665  2666  2720
 5645    2353  2666  1161  1205
 5646    2665  1351  2666  2720
 5647    2665  2218  2666   942
 5648    2666  2353  2263  2720
 5649    2323  1836  2671  2924
 5650      35  1090   461  2734
 5651    2829   257  2060   242
 5652     658  2443  1294  2720
 5653     182    80   476  2766
 5654    1100  2768  2316  1144
 5655    1086  2177  2801  2822
 5656    1067  1421    34  2783
 5657     799   783  2370  2746
 5658     421  2763   656   498
 5659    1338   913  2578  2720
 5660    1775  2782  2885  2914
 5661    2086  1570  2707  2800
 5662    2130   865  2095  2800
 5663     921  2750   106  2784
 5664     476  2706  2748  2766
 5665    2353  2666  2263  1161
 5666    2665   913  1382   209
 5667    2398  2666  2720  1205
 5668    2443  2666  2720  2204
 5669    2854  2731   301   639
 5670    1747   692   878  2784
 5671    2310  2205   798  2766
 5672    2839   258  2445  1164
 5673     555  2688   596   925
 5674    2559   599  1099  2768
 5675    1727   540  1683  2773
 5676    2863  1993  2798  1863
 5677    1021   136  2444  2720
 5678    1250   136  1206  2720
 5679    1173  1186   602  2835
 5680    2316   327  2605  2768
 5681    1916   497  1508  2755
 5682    2266  2845   901  1253
 5683      37  2537  2754  2807
 5684    2834  2802  2853  2903
 5685    2920  1284  2320    14
 5686    2250  1104  2295  2742
 5687    2096   766    74  2744
 5688     719  2782  2711   588
 5689     417    35  1781  2734
 5690     209  2665  1351  2577
 5691    1202   168  2709  2836
 5692     961  2358   917  2685
 5693     188   100   332  2710
 5694    2668  1561  1472  2667
 5695     933  1663  2164  2697
 5696    2468  2423  1127  2790
 5697    2388  1064   467  2729
 5698     385  1413  2742  2880
 5699    2371    80  2103  2766
 5700    2004  2192   290  2876
 5701     272  2676  2701  2785
 5702     625  1967   737  2909
 5703    1068  2079  2123  2733
 5704    2194  2276  2630  2727
 5705    1572   535  2676  2789
 5706    2014  2724  2505  2198
 5707    2221  2266  1209  2717
 5708     313  2147   511  2840
 5709    2071  2115  1148  2742
 5710     971  2681  2871   972
 5711    1506  2140   778  2920
 5712    2917  2795   429  2922
 5713    2840   313  1545  2735
 5714     260   304  2560  2670
 5715     238   246  2030  2874
 5716    1926   246   238  2899
 5717     175    44   131  2903
 5718     823  1053  1056  2784
 5719    1240  1963  2567  2697
 5720    1042  2385  1236  2880
 5721    1588   511  1544  2735
 5722    2706  2748  2753   446
 5723    1870  2548  2691  2839
 5724    1148  1874  1104  2742
 5725    2411   840  1698  2761
 5726    2569  1567  2688  2777
 5727      84  2553  1138  2848
 5728    2570   872  1423  2844
 5729     137   287  2698  2807
 5730     294  2320  1240  2697
 5731     913  2665  1382  2828
 5732     475   196  1444  2707
 5733    2514  1221  1408  2837
 5734    1494  1493   218  2848
 5735     257  2698  1738  2829
 5736    2692  1628  2660   398
 5737    2779  1815  2819  2831
 5738    1490  2754   747  2722
 5739    1230  1877  2469  2835
 5740     222   266  1718  2841
 5741     995   424  2341  2661
 5742      57  2131  2175  2772
 5743    1448   480   436  2864
 5744    1189  2872   110   982
 5745     434   478  1611  2727
 5746    1206   136  1021  2720
 5747    1621  2774   390  1839
 5748    1201  2368  2572  2866
 5749    1494   218  2802  2848
 5750    2463  2508  1657  2754
 5751    1210   917  2358  2685
 5752     285   917  2507  2843
 5753    2901  1549   538  2719
 5754     654  2239  2630  2727
 5755    1257  1359  1541  2808
 5756    2582   636  2043  2800
 5757    1310  1366   312  2811
 5758    2789  2794  2295  2742
 5759    1933   869  2716  2889
 5760    2566  1085  1150  2890
 5761     798  1238  2706  2766
 5762     806  2258  1947  2900
 5763    2295  2250  2742  2794
 5764    2239  2245  1828  2727
 5765     807   939  2669  2847
 5766     312  1366   999  2811
 5767     610   654  2630  2727
 5768     621  1564  1940  2879
 5769    2502   389  2002  2812
 5770    2320   294  1284  2697
 5771    2752  2767  2780  2813
 5772    2459   122  2832  2868
 5773    2724  2014  2790   834
 5774     314   211  1765  2661
 5775     855   317  1592  2785
 5776    1071  2126  1115  2847
 5777    1528  2011  2785  2862
 5778    2052  2767  1558  2780
 5779    2909  2901  1549  2788
 5780    1967  2719  2785  2909
 5781    2656  2657  2660  2708
 5782    1450  2555  1493  2848
 5783    1333  2733  2438   101
 5784    1333  2733  1244  1288
 5785    2792  1977   571  2796
 5786    2509  2483  2438  1333
 5787    1254    67  1430  2791
 5788    2157   927   839  2922
 5789    1675  2391  1719  2811
 5790     469   777  2737  2758
 5791    2907  2753  2612  2706
 5792    1759   527  1803  2892
 5793    1628  2761   398  1454
 5794    2483  2820  1113  2509
 5795    2862  1572   535  2676
 5796    2118  1019   739  2704
 5797     626  2105   551  2719
 5798     479  1522  2694  2814
 5799    1894   575  2732  2894
 5800      13   398  1497  2692
 5801     118  2275   633  2700
 5802    2624   913  1382  2828
 5803    2791  2679  2265  2705
 5804    2348  2303  2733  2820
 5805    2206   534  1124  2850
 5806     892  2211   105  2075
 5807    2629  2237  2826  2855
 5808     660  1113  1069  2509
 5809     435  2826   502  2827
 5810    2124   986  2665  2851
 5811    2821  2721  1420   520
 5812     176   132  2792  2818
 5813    1286    63  2615   262
 5814    2529  2872   938  2032
 5815    2011  2909  2785  2862
 5816    2438  2820  1069  2393
 5817     820   864  1686  2787
 5818    2832  2459  2868  2894
 5819    1924   802  2901  2909
 5820     301  1309  2731  2821
 5821    1390  2481  1370  2752
 5822    2734   160  2822  2838
 5823     543  2542  1555  2787
 5824    1686  2763   586  2455
 5825    2529   660   110  2573
 5826     222   391   266  2841
 5827     483  2659  1890  1934
 5828    2787   499   992  1555
 5829     970  1616  2202  2917
 5830    1661  2714  2794  2730
 5831    2196  2750  2241  1988
 5832    1474   418  2233  2839
 5833     846  2906  2144  2100
 5834    1363  1129  2469  2835
 5835    1009  2433   207  2729
 5836    1090    35   417  2734
 5837    1744   591  2042  2823
 5838    1564   381  2409  2663
 5839    1445  2672  2717   373
 5840    1449  2769  2638   172
 5841    2022  2552  2380  2747
 5842    1502   535   341  2789
 5843     287  1519  2698  2807
 5844     398  2761  1762   399
 5845    1883  1781  2734  2838
 5846    1598    43  1361  2781
 5847    2465     0  2721  2884
 5848    1399  1002   876  2739
 5849     605  2664  2828  2839
 5850    1090  1648   461  2734
 5851    2161  1632  1513  2850
 5852     289   503  2823  1546
 5853    1632  2161   402  2850
 5854     591   248  1910  2823
 5855     483   439   700  2892
 5856    2206  2251   597  2850
 5857    1759   483   527  2892
 5858    1223  1664  2758  2814
 5859    2008  2566  1150  2890
 5860    2309   941   899  2705
 5861     980  2726  2816  2918
 5862    1659   314  2661  2850
 5863    1132  2834  1013  1749
 5864    1750  2120  1986  2855
 5865    2737   881  2470  2460
 5866    2675  2667  2702  2851
 5867     343     5   345  2680
 5868     739  2074   783  2704
 5869     202  1357  2902  1313
 5870    2656  2685  2808  2873
 5871    1449  1226  2670  2902
 5872    2212  2167   804  2733
 5873     735  2335   441  2818
 5874    2513  1083  1127  2790
 5875    2228  1852   489  2749
 5876     788  2416  2709  2821
 5877     899  2041   812  2705
 5878    2719   714  1945   758
 5879    2410  1841   734  2774
 5880    1972  2904    95  2794
 5881     654   698  2239  2727
 5882    1371  1372  1327  2907
 5883    2789   781  1458  2742
 5884     695  1663  2209  2697
 5885    2038  2200  2082  2847
 5886    2809  2806  2815  2874
 5887      78   579   518  2862
 5888    2908  1094   918   874
 5889     910  2447  2759  2838
 5890    2298   467  1835  2729
 5891     839  1590  2682  2922
 5892    2822  2222  2801  1796
 5893    2566  2008  1194  2890
 5894    1028  2924  2671  2666
 5895    1267  2853  2732  2871
 5896    2360  2728  2869  1418
 5897      34  2726  2866   782
 5898    1617  2852   579  2794
 5899    2500  2724  2790  2751
 5900      77   612  1044  2670
 5901    1983  1004   774  2724
 5902    2776  2920  1619  2728
 5903    2605   729  1144  2768
 5904    1371  1327  2612  2907
 5905    2674   900  2400  1120
 5906    1972  2904   448  1460
 5907    2794  2676  2805  2862
 5908     258  2839    22  2626
 5909     564  1601  1556  2782
 5910     529   485  1678  2818
 5911    2867  2810   992  2787
 5912     763  2865  1994  2259
 5913    1283  2009  1041  2704
 5914    1618  2495  2735  2811
 5915    2465  1620  2420  2884
 5916    2771  2654  2802  2848
 5917    1725   449  1769  2719
 5918     768  2679  2401  2137
 5919    1674  2898  2662  1243
 5920    1311  1840  2709  2739
 5921    2283  2830  2754  2902
 5922     170  2878  1159  2260
 5923    1957  2781  1471  2881
 5924     253  2696  2718  2820
 5925     702  1146   788  2821
 5926    2709  2416  2721  2821
 5927     248   591  1744  2823
 5928    2316   596   555  2768
 5929     889  2785  2719   493
 5930    2786  1706   328  1736
 5931    1611   478   566  2727
 5932    1763   620  1832  2811
 5933     204  2734   769  1259
 5934    2513  1127  1229  2790
 5935     486  2875  2756   442
 5936     576  1832    28  2811
 5937     931  2850  2161  1513
 5938     707  2901  1945  2793
 5939     793  2878   213  1159
 5940    2728  1373  2360  2869
 5941    1332  2528  2733  2866
 5942    1621  2774  2812  2846
 5943    1721  1266   211  2877
 5944     456  2700  2867  1965
 5945    1164  2626  2691  2839
 5946     174  1450  1493  2848
 5947     752  1851  1022  2879
 5948    1562  1342  2583  2691
 5949    2762   752  1022  2879
 5950     311  1718  2762  2841
 5951    2685  2016  2808  2873
 5952     793  2878  1189  2305
 5953     620    28  1832  2811
 5954     324  2867    69   368
 5955    1541  1431  2808  2873
 5956     162  2699   631  2787
 5957    1525   337   754  2877
 5958    2167   760   804  2733
 5959     605  2664  2765  2828
 5960     881  2737  2688  1751
 5961    2350  1203  2305  2878
 5962    2103  2762  2766  2923
 5963    2103   256  2762  2923
 5964    2416   520  2721  2821
 5965    2726  1329  2915  2079
 5966    2693  2806   898  2657
 5967    1497   124  2692  2910
 5968     419  2548   254  2691
 5969    2044   245   681  2849
 5970     572  2832  2792   122
 5971     770  2177  1086  2822
 5972    2787   377   499   444
 5973     905  1245   653  2812
 5974    1079   980  1867  2816
 5975    1048  2830  2283  2238
 5976    1584  2873  1407  2910
 5977    2536  2845  2266  1253
 5978     523   714   670  2719
 5979    2719  1769   670   523
 5980     783  2861   755  2370
 5981    2679  2403    67  1385
 5982    2921  2699  2713  2787
 5983     568  1712  2889  1756
 5984    2849  1919  1913  1869
 5985    2719   889   523  1857
 5986    1897  2840  2850  1853
 5987     621  2766   577  2879
 5988     516  2787  2810  1467
 5989    2734   417  2717  1781
 5990    1265  1309   301  2821
 5991      27  1306  2755  2876
 5992    2791  2553  2842  2848
 5993    2849  1919  1869  2822
 5994     616  2834  1793  2234
 5995    2837  2603  2514  2558
 5996    1109  2733   217  2347
 5997    2686  2657  2773  2711
 5998    2775   422  1873  2378
 5999     105  2793  1367  2256
 6000     199   595  2807  1387
 6001    1104  2250  2071  2742
 6002    2295  1104  1874  2742
 6003    2672  2752  2780  2813
 6004     892   935   105   217
 6005    1400  2089   727  2817
 6006    2794   957    78  2643
 6007      78  2794  2643   579
 6008     663  1981   751  2682
 6009    2794   139  2295  1017
 6010    2692  2761   841   884
 6011    1661  2714  2730    50
 6012    2718  1441  2820  2872
 6013    2368  1201   253  2866
 6014    1946  1079  1991  2918
 6015    1266  2749  2840  2877
 6016     703  1759   440  2892
 6017    2054  2381  2688  2712
 6018     586  1905   206  2763
 6019     995  2341  1106  2746
 6020     296  1258  1055  2913
 6021    1051  2107  1007  2687
 6022     340  1621  2727   390
 6023    2657  1863   676   809
 6024     783  2861  2370  2746
 6025    1781   784   417  2717
 6026    1400   896   200  2717
 6027    2865  2584   763  2696
 6028    2603  2231  1317  2724
 6029    1145  1766  2832  2903
 6030      18  2594  2369  2924
 6031    1168  2289  2538  2913
 6032     640  2172  2809  2912
 6033    1168  2334   157  2913
 6034     933  2325  1663  2697
 6035     761  2080  2036  2723
 6036    1189  2878   170  2872
 6037    2630  2239  1828  2727
 6038     566  2276  2136  2727
 6039     388  2874  2653  2782
 6040    2679  2791  2265  2392
 6041    1284  2920  2320  2697
 6042    2627   917  1210  2685
 6043    1162  2263  2353  2720
 6044     446  2748  2635    36
 6045    2538   966  2775  2913
 6046     125  1589  1180  2754
 6047    1874  2295  2742  2789
 6048    1854    80  2663  2766
 6049     686  1489  1558  2767
 6050     378  2769  1449   172
 6051    1224  2246  2508  2754
 6052      68  2269  2815  2827
 6053    1252  2534  2579  2664
 6054     592  2893  1955  1261
 6055    2739  2019   920  1002
 6056    1283  2753   249  2704
 6057    1240  2614  1392  2697
 6058     730  2858  2865   852
 6059    1202  1786  2678  2709
 6060     319  2798  1771  1860
 6061    2592  1019   208  2729
 6062    2638  2769  2601   172
 6063    2702  2440    61  2056
 6064    2547  2429  2673  2742
 6065    2259  1994   852  2865
 6066    2567   294  1240  2697
 6067    2699   190  2235  2898
 6068    1752   479  2694  2814
 6069    2422   150   106  2784
 6070    1376  2572   297  2866
 6071    1921  2817  2492  1745
 6072     263  2792  1583  1716
 6073    2815    68  1649  1514
 6074    1171   644  2859  1006
 6075    2208   975   167  2704
 6076     354  1540  2761  2883
 6077    2230   742  2774  2859
 6078    2419     0  2420  2884
 6079     118  1995   677  2797
 6080    1398  1603  1560  2899
 6081    2806  2711  2874  2912
 6082    2753  1328  2896  2907
 6083    1594  1799   231  2896
 6084    2222  2822  2801  2177
 6085      88   175  1539  2903
 6086    2517  1752  1522  2694
 6087    1091   539  1990  2915
 6088    2709  2421  2884  2919
 6089     732  2402  2759  2838
 6090      31  2559  1543  2913
 6091     480  1448  2571  2864
 6092    2600   949    58  2780
 6093    1594   205    54  2896
 6094    2459  2068  2868  2894
 6095    2280  1619  2390  2776
 6096      42  1272  2421  2919
 6097    2573   982   110  2872
 6098     147  1946  1903  2804
 6099    1883  2057   682  2838
 6100    2705  2654  2779  2858
 6101     157  1231  1187  2913
 6102     506    92  1410  2777
 6103    1984   357  1521  2840
 6104     733  2896   205  2920
 6105    1336    18  2369  2924
 6106    1099  1543  2559  2913
 6107     876  1975  1840  2739
 6108    1657  2508  2722  2754
 6109    2774  1612  2318   742
 6110    1583  2792   220   176
 6111     422   718  2050  2775
 6112    2440  1397  2056  2669
 6113    1079   716   980  2918
 6114     260  2560  1492  2670
 6115     260  1449  1226  2670
 6116    2504   616  2832  2903
 6117    2759  1034  1427  2801
 6118     610   654  2727  2846
 6119    2789  1149  2701  2880
 6120    1532  1461  2570  2844
 6121      62   386  2369  2924
 6122    2379  2655  1891  2913
 6123    2724  2014   834  2198
 6124    1946   672  1079  2918
 6125     218  1538  1379  2903
 6126     632   588  2711  2912
 6127    2585  2803  2740  2527
 6128     740   293  2680  2770
 6129     648  2154   296  2913
 6130     174  2848  2910  1450
 6131      40  2843  1405  1237
 6132     430   914  2033  2901
 6133     351   307  2659  2892
 6134     727  2282  1652  2817
 6135     762  2169  2779  2900
 6136    2743  2769  2771  2824
 6137    1699  1154   302  2710
 6138    2597  1181   887  2857
 6139    2908  2417   828   873
 6140    2664  1384  1340  2829
 6141    2677  2799  2526  2923
 6142     524  1712   241  2864
 6143    2232   994    56  1331
 6144    1266   181  1488  2749
 6145     246  1926  1514  2899
 6146    2538  2199   966  2913
 6147    1513  2206   597  2850
 6148    1371    53  1372  2907
 6149     847  2458  1485  2901
 6150    2429  1368  1199  2880
 6151     147   672  1946  2918
 6152     969  2055  2068  2917
 6153    1379  2802   218  2903
 6154    1125  2833  1416  2907
 6155    1638  1594    54  2896
 6156    1379  1582   810  2903
 6157    1082  2729  1107  1063
 6158    2089  2057  2759  2838
 6159      14  2140  2320  2920
 6160    1766    88  2832  2903
 6161     926  1175  2157  2917
 6162     320   525  1788  2710
 6163    2548  2674  2691  2839
 6164    2070  1412   224  2825
 6165    2077  2734  2088  2822
 6166      31  1543  1187  2913
 6167     219   175   810  2903
 6168     175   131  1379  2903
 6169    2913  2655  2632   296
 6170    1613   133  1363  2737
 6171    1700  2608  2512  2784
 6172    2815   502  2826  2827
 6173    2672  2536  2717  2854
 6174     737  1967  2785  2909
 6175    2098  2457  2017  2727
 6176    2608  2790  1700  1185
 6177    2512  2790  1700  2784
 6178    1816  2417  2770  2854
 6179    2859   644  2740  2803
 6180     531  1159  1915  2878
 6181    2194  2630  1828  2727
 6182    1566  1179  1476  2807
 6183    2413  2726  2866  2733
 6184    2727  1741  2149  1346
 6185     384  2759  2801   771
 6186     524  1579   568  2864
 6187     719   108  2653  2914
 6188    1799  2911  1595  2896
 6189    2840  1809   269  1350
 6190    1098  2334  1168  2775
 6191     152  1691   475  2707
 6192    1551   231  1595  2896
 6193    1114    55  1740  2728
 6194    2630  2276   610  2727
 6195    2723  2699  2897  2914
 6196    1271  2739  2803  2884
 6197    1177   701   746  2882
 6198    2493  1298  2583  2691
 6199     780   321  1306  2755
 6200     336  1905  1861  2763
 6201    1305  1905   629  2763
 6202     564  2121  2764  2797
 6203    2332  1053   965  2784
 6204    2815  2772  2657  2806
 6205      15  2662   651  1222
 6206    2186  1372    53  2907
 6207     676  2711  2657  2806
 6208    1036  2763  2876   498
 6209     764  2705   808  2261
 6210    2527  1876  1183  2803
 6211    2781   746  2882  1190
 6212    1577   345     5  2680
 6213      15  1287  2662  2710
 6214     632  2711  2806  2912
 6215     370   519  1689  2744
 6216    1774  1345  1818  2914
 6217    1399  2739   920  1002
 6218      53  1371  1416  2907
 6219    1131   802  2033  2901
 6220     474   712   669  2909
 6221     267   178  1022  2758
 6222    1741   684  1346  2740
 6223     847  2033   914  2901
 6224    1715  1671  1424  2892
 6225     430  2033   802  2901
 6226    2405  2404  2387  2888
 6227    2648   197  2667  1264
 6228    1418  2703  2728  2869
 6229    1169    96   141  2831
 6230    2091  1289  1095  2687
 6231    2755  2757  2763  2898
 6232    1899   383   713  2852
 6233    2660  2654  2910  2692
 6234     948  2822   201  2312
 6235     856  2400  2264  2851
 6236    2908  1094  2808   918
 6237     980  1024  2816  2866
 6238    1950   764  2125  2779
 6239     320  1552   276  2710
 6240    2860  2657  2708  2863
 6241    1963  2697  2703  2729
 6242     572  1660  1847  2792
 6243    1869  2452  1913  2849
 6244    1402  2754  2328  2373
 6245    2261   808   897  2705
 6246    2280  2345  1619  2738
 6247     188   332   554  2710
 6248      82  2324  1968  2725
 6249    1771   274   363  2831
 6250    2778  2381  2712  2688
 6251    1270   348   304  2864
 6252    1314   392   348  2864
 6253    2656  2799  2677  2905
 6254     710  2160   337  2877
 6255     821  2770   645  1929
 6256    1168  1054  1098  2775
 6257    2654  2875  2910  2692
 6258    1208  2829    22  2664
 6259    1970  1942  2370  2661
 6260     891  2906  2788   846
 6261    1883   726  2057  2838
 6262     254  2691  2760  2830
 6263    1742  2773  2833  2856
 6264    1213   914   891  2726
 6265    1028  2924  2666   984
 6266    1141  2790  2784  1185
 6267     456  2700   776  2867
 6268    1308  1425  1472  2668
 6269    1895   311  1718  2762
 6270    1168  2538  2775  2913
 6271    2350  2718  1880  2878
 6272     304  1536  2670  2864
 6273     346  2658  1046  1973
 6274    2022  1004  2747  2837
 6275    2674   515  2828  2851
 6276     112  1143   216  2846
 6277    1529  1681  1067  2783
 6278    2052  1558  1489  2780
 6279    1921  2817  2447  2838
 6280    1535   977  1512  2887
 6281    2194   875  1741  2740
 6282     967  2066   915  2655
 6283    1711  1881  2743  2771
 6284    1965  2921   953   500
 6285    2866   253  2696  1201
 6286    2763  2787   516   234
 6287    1341   944  2356  2693
 6288    2867  1864   368  2683
 6289    2054  2381   252  2688
 6290    2244  1612  1797   698
 6291    1534  2754  2637  2722
 6292    1661  2730  2794  2916
 6293    1403  1448   436  2864
 6294    1537  1493  2555  2848
 6295      39    83  1314  2722
 6296    2917   429  1616  2922
 6297    1085  2890  2704  2746
 6298    2194  1741  2727  2740
 6299    2677  2119  1530  1750
 6300    1143   566   216  2846
 6301    1254  2597  2791  2857
 6302     210   166   570  2796
 6303    2244   698   654  2846
 6304    2558     8  1318  2837
 6305    2265  2679  2392  2401
 6306    1216  2543  2372  2680
 6307    1422   190  2699  2897
 6308    2667  2400  2674  2851
 6309     185  1415  2681  2831
 6310    2411   310   354  2761
 6311     678  2744  2363   292
 6312     185  2446  1415  2831
 6313     936   396   415  2891
 6314    1785  1388  2436  2849
 6315    2138  2662  2755  1640
 6316     201  1033  2312  2822
 6317    1307  1263   375  2698
 6318     334  2706  2753  2890
 6319     974  1080  2387  2888
 6320    1828   919   875  2740
 6321    1408   221  2747  2837
 6322    2113  2157   839  2682
 6323      12  1742  1416  2833
 6324    2113   926  2157  2682
 6325    1615  2763  1597  2876
 6326     846   430   669  2788
 6327    2224  2714  2730  2834
 6328    2498  2707  2042   548
 6329    2566   334  2704  2890
 6330    1150  1085  2746  2890
 6331    2831  2679  2654  2705
 6332    1932   832  1931  2709
 6333     963  1043  1743  2687
 6334     604  2661   314  2850
 6335     683  2870  2854  2461
 6336     111  1298  2448  2857
 6337    1923   340  1621  2846
 6338      96   930  2644  2831
 6339     189    48  1917  2844
 6340    2742  1874  2789  2880
 6341     416  2451  1911  2689
 6342    2412  1043   963  2687
 6343    2728  2920  2209  2703
 6344    2491  2400  2667  2886
 6345    1145    88  1766  2903
 6346    1966  1733  2695  2715
 6347    2627   944  2693  2772
 6348    1725   626  1637  2719
 6349    2217   898  1225  2863
 6350     597  2661  2251  1018
 6351    2445   943  2490  2765
 6352    2402   732  1121  2838
 6353    1673  1850  2832  2894
 6354    2319  2723   717  1992
 6355     624  1528  2011  2785
 6356     578  2661   622  2850
 6357    1645   326   355  2744
 6358    2391   135   512  2811
 6359    1317  2837  2724  2678
 6360    1319  2053    89  2655
 6361     778  1790   143  2776
 6362    2769  1538  2638  2601
 6363     310  2799  2841  2883
 6364    2860  2660  2863  2708
 6365    2656  2815  2826  2827
 6366      82  2760  1968   507
 6367     145  2748   432  2635
 6368    1238  2833  2476  1282
 6369    2062   699   743  2740
 6370     944  2627  1297  2772
 6371    1319  1568  2424  2655
 6372    2754  2902  2143  2722
 6373     179  2778  2712   514
 6374    1115  1871  2847  2878
 6375     383   713  2852  2906
 6376    2889  1580  1624  2864
 6377    2431  2008  1525  2890
 6378    1379  2802   131   218
 6379    2823  2498  2707  2042
 6380     950  2867  1378   472
 6381    2691  2493  2725  2830
 6382    2091  2047  2151  2687
 6383     250  1790  1507  2776
 6384    1858  2901   707  2793
 6385     338  2386  1150  2890
 6386    1007  2107  1302  2687
 6387    2084  2767  2782  2912
 6388    1705  2730  1661  2916
 6389     375  1263  1695  2807
 6390    1911  1872   416  2689
 6391     666   424  1481  2661
 6392     509   207  2433  2729
 6393    1739  1263  2691  2830
 6394    2379    72  1568  2655
 6395     400  1170   356  2735
 6396    1741   875   831  2740
 6397    1565   106  2750  2784
 6398    1842  1280  1324  2880
 6399     475  1444   152  2707
 6400    1806  2875  2692   442
 6401     343  2282   387  2680
 6402    2434   569  2344  2869
 6403    2150  2063  1302  2687
 6404    2894   706   662   818
 6405    1178   233  1243  2898
 6406    1208   258  2490  2664
 6407    1902  2901  1858  2719
 6408     358  2840  1809  1853
 6409    2632   599  2515  2768
 6410    1299   643  1609  2750
 6411    1604  2580   152  2707
 6412    1074  2665  2765  1030
 6413    2677  2766  2799  2923
 6414     338  1150  2746  2890
 6415     720  1907   853  2863
 6416    1368  1413  2520  2880
 6417    2215  2847  2872  2878
 6418     982  2305  1189  2872
 6419     295  1368  2520  2880
 6420     730  2858   852  1950
 6421    1306    27  1641  2876
 6422     436   392  1403  2864
 6423    1833   811  2217  2863
 6424    2342  2207   552  2888
 6425     199  2691   595  1606
 6426    2666  1249  2398  2204
 6427    2653  1246  2782  2897
 6428    1797  2774  2051  1612
 6429     130  1361  1360  2873
 6430      34  2482   782  2866
 6431      74  1746  1910  2745
 6432    1462  1548  1505  2805
 6433    2660  2842  2679  2843
 6434    2878   170  1159   793
 6435    2319   161  1948  2757
 6436    2921  2699  2787   631
 6437    2076  1151  1786  2678
 6438     441  2335   485  2818
 6439    2724  2066  2747  2835
 6440    1090  1604  1444  2707
 6441    1193  1281  2701  2880
 6442    2335  1678   485  2818
 6443     937  2303  2348  2820
 6444     805  2773   371  2711
 6445    2909  2011  1943  2862
 6446    1791  1644  2683  2700
 6447     397  1936   735  2818
 6448    2048   971   443  2756
 6449    1708  1677  2371  2663
 6450    1122  2313   866  2680
 6451    2224  2834  1132  2156
 6452    1053   823  2333  2784
 6453     615   614  1837  2824
 6454      76  1791   325  2715
 6455     471   427  2224  2714
 6456     985  2858  2675  2886
 6457    1040   664  2694  2749
 6458    2549   834  2751  2790
 6459     521   216  1709  2846
 6460    1631  1675  2495  2811
 6461     766  1996    29  2764
 6462    1650  1606    22  2698
 6463    2588  1552  1596   320
 6464     108  1775  1774  2914
 6465     345  2770   740  2680
 6466    1452  1672   124  2875
 6467    1835  2697  2253  2729
 6468    2763   498  1642   542
 6469    2728  1286  2480  1391
 6470    1835  2697  2703   976
 6471    2727  1143   566  2276
 6472    1216   645   785  2680
 6473    2039  2764  2797  2782
 6474     509  1152  2703  2729
 6475     912  2689  2823  2891
 6476     890   243  2049  2698
 6477    1286  2728  2615    63
 6478     719  2782  2653  2711
 6479    1637  2785   361   405
 6480    2405  1195  2516  2729
 6481    2659   473  2792  2796
 6482     631  2699  1730  1964
 6483    1263  1792  1695  2807
 6484     100   188   332   144
 6485    2796  2716  1626  2659
 6486    2653  2723  2897  2914
 6487    1093  2791  2403   960
 6488     647   331   287  2698
 6489    1142  1098   347  2775
 6490    2697  2208  2704  2753
 6491    2419  2658  2721  2884
 6492    1906  1862   805  2711
 6493    1906   719  1862  2711
 6494    2097  1561  1610  2668
 6495    2773  2708  2656  2856
 6496    1967  1924  2719  2909
 6497    1901  1924   758  2719
 6498    2530  1915   213  2878
 6499    1979   308   352  2818
 6500    2296  2746   995  1062
 6501    2490   943   987  2765
 6502    1574  1190  2781  2826
 6503    1879   925  2688  2768
 6504    2421  1620  2465  2884
 6505    2249  1236  2742  2880
 6506    2734   725  2786  2849
 6507       9  2802  1494  1495
 6508    2584  2865  2092  2816
 6509    1938   619   818  2682
 6510    2613  2753   249  2697
 6511    2754  1357  2902  2722
 6512    1602  2101   151  2745
 6513    2845  2581  2854  2908
 6514     789  1395  2242  2750
 6515    2812   728   947   115
 6516    1453  1496   265  2841
 6517    1277  2778  1707   871
 6518    1229  2500  2513  2790
 6519    2704  2253  2697  2729
 6520    1279  2474  2547  2795
 6521    1247  1203  2350  2878
 6522    2885  2699  1964  2914
 6523    1301  1369   940  2669
 6524      91  2811   158  2777
 6525    2232   994  1331  2710
 6526     501  2297  1820  2715
 6527    2725   694   738  2830
 6528    2588  1596  2710  2755
 6529    1940  1564  2409  2879
 6530    2270  1335  2695  2715
 6531    1255   181  1721  2663
 6532    2525  1563   282  2807
 6533     135   556   512  2712
 6534    1963  1196  1152  2729
 6535    1880  1247  2350  2878
 6536    2677  2766  2748  2833
 6537     514   223  2694  2778
 6538     135  1503  1542  2712
 6539    1586   514  2712  2778
 6540    1465  1446   994   144
 6541     144  1375   994  1465
 6542     928  2681  2692  2756
 6543    1830  1683   540  2773
 6544    2682  2069   795  1805
 6545     751  2338   663  2682
 6546    2654  2756  2692  2681
 6547    1046  2658  2859  1795
 6548    2083  2912  1315  2782
 6549    2878  2305  1026  2872
 6550    1729  2876  2192    27
 6551     798   754   577  2663
 6552     697  2051  1797  2812
 6553    2485  1470  2684  2895
 6554    1187  1231  2768  2913
 6555    1522  2336  2758  1223
 6556     749  1574  2781  2799
 6557    1419  2776    99   380
 6558     634  1335   678  2695
 6559     871  1707  1233  2778
 6560     554  2710   262  1330
 6561     994  1375   423  1331
 6562    1476  1386   107  2807
 6563    2080  1862  2653  2711
 6564    2711  1830   761   805
 6565     555  2688   925  2768
 6566    1453  1318  2781  2837
 6567     805  2080   761  2711
 6568    2658   601  2774  2859
 6569     319   230  2708  2856
 6570    1607   375  1695  2807
 6571     389  2774  2812  1621
 6572    2825  1457   268   816
 6573    1691  2745   151  2707
 6574    2655  2632  2470  2768
 6575     486  2875  2163  2756
 6576    1819   632   588  2711
 6577    2511    94    84  2842
 6578     712  2852   579  2189
 6579     137  2698  1607  2807
 6580     761  2080  2653  2711
 6581    1877   513  2469  2835
 6582     147  2804  2788  2918
 6583    1431  1360  2808  2873
 6584     273   228  1592  2805
 6585    2778  1123   837  2737
 6586    1630   134   425  2778
 6587    2737  2655  2470  2768
 6588    2802  1494  2848  2875
 6589    2548   254  2691  2760
 6590     702  2882  1265  2821
 6591    2834  1132  1013  2730
 6592    2875  2654  2910  2848
 6593    2754  2650  1268  1432
 6594    1563   137  1607  2807
 6595    2168   893  2081  2860
 6596     719  1906  1819  2711
 6597    1862  2080   805  2711
 6598     282  1563  1607  2807
 6599    2729  1009  2404  2093
 6600    1483  2751  1526  1228
 6601    1570   592  1261  2707
 6602     554   332   302  1699
 6603    2726  2783  2816  2918
 6604    2733  1333  2438  2483
 6605    2761  2692   841  2708
 6606     108  2711  1862   719
 6607    1855  1232  2688  2768
 6608    2334  1168  2775  2913
 6609     719  1819   588  2711
 6610    2650  1695  1432  2807
 6611    1000  2547  2673  2795
 6612    1476   243  1519  2807
 6613    2660  2692  2708  2831
 6614    2387  2271   974  2888
 6615    1154  1699   302  1391
 6616     761  2653  2686  2711
 6617    2783  1213   782  1067
 6618     302  2710  1391   262
 6619    1330  2710    63   465
 6620    2414  2696  2669  2718
 6621    1353   936  2695  2891
 6622     795  2383   751  2682
 6623     869  2796   517  2716
 6624     476    80  1854  2766
 6625     549   505     1  2849
 6626    2009  2697  2567  2704
 6627     344  1957  2380  2881
 6628     484  2713  2013  2897
 6629     453   423   365  1375
 6630    1806   928  2692  2756
 6631    1566  2525  1589  2807
 6632     516  1962   278  1510
 6633     293   345   740  2680
 6634    2077  2734  2822  2849
 6635    1592  1636   855  2785
 6636    2861   652  1754  1651
 6637    1525   710   337  2877
 6638    1626  2317  2659  2716
 6639    2748   446  2706    36
 6640     450   495  2090  2788
 6641     976  1663  2325  2697
 6642     578  2661  2840  1481
 6643     516  2763  2876  2810
 6644     469   177  1364  2758
 6645    1693  1560  2731  2899
 6646     469  1364   777  2758
 6647     777   178   425  2758
 6648    1578  1219   259  2722
 6649    2694  2561  1707  2415
 6650    1991   806  2804  2816
 6651    2654  2681  2714  2756
 6652    2681    95  2714  2871
 6653     278  1641  2497  2876
 6654    1729  2755   453   800
 6655    1598  2883  1453  2781
 6656     206  2455   586  2763
 6657    2312  2759  2822  2357
 6658     426  2116  1394  2877
 6659    2742  1192  2340  2880
 6660    2670   568  2864  2889
 6661    1314  1270  2722  2864
 6662    2165  2741  2771  2895
 6663    1081  2824   166   614
 6664    2371  2663  2766  2825
 6665    2867  1980    64   950
 6666    1823   393  2689  2891
 6667    2059  2663  1956  2861
 6668    1943   668   518  2862
 6669    2372  1216  2680  2770
 6670     776  1951  1920  2700
 6671    2582  2672  2800  2813
 6672     988  2220  2679  2693
 6673    1644  1791   281  2700
 6674     184  1971   139  2676
 6675    2318  1171  2284  2859
 6676    1625  1581    85  2716
 6677     464  2811  1523   158
 6678    2867  1980   574  1511
 6679    2802  2714  2834  2853
 6680    1791    76   281  2715
 6681    1851   752   708  2879
 6682    1303  2744  1952  2363
 6683     428  1869  2822  2849
 6684     125  1589  2754  2807
 6685     381  2160   533  2877
 6686     648  2655  2913  2110
 6687    1590   795   839  2682
 6688     213  2671  2530  2878
 6689     181  1721  2663  2877
 6690     228   184  2676  2805
 6691    2547   781  2429  2742
 6692      42  2421  2709  2919
 6693    1920  1951   633  2700
 6694     633  1952  1303  2700
 6695    1938   663   619  2682
 6696    2305  1203   793  2878
 6697    2501   191  2025  2682
 6698     459  2225  1058  2891
 6699    2113   839  1805  2682
 6700    1988  1140  1096  2750
 6701    1834   179  2694  2811
 6702    2423  2468  2775  2790
 6703    2792  1670   263  2659
 6704    2735    28  2749  2811
 6705    1763  2694   470  2811
 6706     850  2816  1024  2696
 6707    2415  2561  1366  2811
 6708    1742   142  2773  2856
 6709    2789  2794    78  2676
 6710    2688  2007  2737  2768
 6711     663  1938  1981  2682
 6712     591  1746    30  2745
 6713    2660  2679  2693  2843
 6714    2058  2550   238  2767
 6715    2096  2764  1996   766
 6716    1666   694  2725  2902
 6717     805  2773  2711  1830
 6718     909  1997  2745  2764
 6719    2744  2797  2700  2764
 6720    2605   113   729  2768
 6721    2695  2823  1571  1646
 6722     211   270  1721  2877
 6723    1734   415  1436  2891
 6724     766   909  2745  2764
 6725     936  1734  2695  2891
 6726     531  1871  1115  2878
 6727    1721  2663   270  2104
 6728    2700  2275  2744  2764
 6729    1810   309   530  2756
 6730     718   291  2288  2775
 6731    1992   161  2319  2757
 6732    2121   686  1601  2764
 6733     822  2374  1050  2859
 6734     501  2683  2715  1820
 6735    1189  2878  2872  2305
 6736    2495  1675   532  2811
 6737    2659  2889  1845  1889
 6738    1645   237  2744  2764
 6739    2886  2392  2791  1032
 6740    1972  2805  2794  1971
 6741    2789  2862   535  2676
 6742    2811   356  1411   999
 6743     999   356  2735  2811
 6744    1631  1618  1587  2811
 6745    1839  1046   346  2774
 6746    2712  2694  2561  1707
 6747     355  1645  2744  2764
 6748    1719   512  1832  2811
 6749    1675  1719   532  2811
 6750     179  1834  1763  2811
 6751    2146  2686  2653  2620
 6752    2764  1489  2767  2780
 6753    2726   980  2816  2866
 6754    2002   343   387  2680
 6755    1810   486  2163  2756
 6756    2341   338  1106  2746
 6757      42  2836  1316    86
 6758     184  1971  2676  2805
 6759    2179   102  2815  2855
 6760      58  1003  2600  2780
 6761    1158  1466   998  2684
 6762     176   132  1716  2792
 6763    2429  2673  2742  2880
 6764     219  1626   263  2792
 6765    1528   668  2011  2862
 6766    2733   935   892   217
 6767    2243   692  1218  2775
 6768    1238  2833  2706  2476
 6769    1813   446    36  2706
 6770     319  2773  2856  2798
 6771    1864   776   412  1908
 6772    2811  1411  2607  1703
 6773    2391  1675   685  2811
 6774    1811   518   668  2862
 6775     543  2542  1599  1555
 6776      28   620  2749  2811
 6777    2744  2101  2745  2823
 6778     412   463  1599  1347
 6779     212  2770  2821  2854
 6780    1821    16  1256  2715
 6781     898   767  2693  2863
 6782      16   501  1256  2715
 6783     907  2586   574  1167
 6784    2676  1528  2785  2862
 6785     451  2819   406  2904
 6786    2132   160  2734  2838
 6787     742  2230  2329  2859
 6788    2593  2055  2736  2868
 6789    2429   781  1413  2742
 6790    1978  1190   746  2781
 6791    1734  1690  2695  2891
 6792    2009  1239  1041  2704
 6793    2694  2561  2415  2811
 6794      64  2867   992  1511
 6795     950  1980  1468   574
 6796    1647  1003  1370  2780
 6797    1549  2909  2785  2719
 6798    2733  2528  2820  2866
 6799    2921  2885   631  1789
 6800    2248  2293  2673  2682
 6801    1644  2145    79  2700
 6802      23  2551  2507  2843
 6803    2474  2916  2742  2795
 6804     574   907   950  1378
 6805    2123   760  2167  2733
 6806    2586  1511   574  1980
 6807     574  2867  2586   907
 6808    1310  2415  1366  2811
 6809     732  2759  2822  2838
 6810     492  1958   536  2701
 6811    2768  2559  1482   327
 6812    2723  2662  2364  1728
 6813    2111   573   529  2818
 6814    2690  2686   496   761
 6815     501  2700   545  2715
 6816    2633   473  2659  2796
 6817    2393  1069  1025  2820
 6818     574  2867   950  1980
 6819    2750  2287  1395  2784
 6820    2770  1816  1166  2417
 6821    2867   574   950  1378
 6822     562  2474  1279  2795
 6823    1300  1108   509  2703
 6824     940  1369   939  2669
 6825     668  1528  1811  2862
 6826     519  1531   326  2744
 6827     251  2617  2485  2684
 6828    1777   369   457  2715
 6829    1175  1616  2157  2917
 6830     721   689    73  2764
 6831    2894   575  2795  2682
 6832    2141  2693  2772  2806
 6833    2656  2761  2883  2905
 6834    1267  2853  2871  2048
 6835     273  1548   329  2805
 6836     273   317  1505  2805
 6837     334  2612  2706  2890
 6838    1460  2681   140    51
 6839    2694  2415  1310  2811
 6840    1015  2742  2115  2362
 6841    1409   354   310  2883
 6842     654   698  2727  2846
 6843    2737  1879   881  2688
 6844    1306  1597  2755  2876
 6845    1633  1398  2731  2899
 6846     355  1489   686  2764
 6847    1001  2670  2339  1623
 6848    2299  2703  1035  2869
 6849    1980  2867    64  1511
 6850    2694  2712  2561  2811
 6851    1468   950    64  1980
 6852    1310  2749  2694  2811
 6853    2749  1310  2694   268
 6854    2694   179  2712  2811
 6855     468  2749   489  2877
 6856    2694  2749   470  2811
 6857     771   387   431  2759
 6858    1925  2824  2743  1881
 6859     637  2786  1780  1434
 6860    2121   564   237  2797
 6861    2293  2248   619  2682
 6862     326  2745  1602   355
 6863    1763  1832   512  2811
 6864    1021  2765  2444  2399
 6865    2745   355  2764  1489
 6866    1090  1604  2893   417
 6867     921  2750  2287   877
 6868    2376  1128  2884  2919
 6869    1559   436   480  2864
 6870    1466  1158  1397  2684
 6871    1689  2700  2715  2744
 6872      23  2693   988  2679
 6873    2279  2771    82  1711
 6874     971  1654   972  2871
 6875    2878   793  1189   170
 6876      59  1397  2440  2669
 6877     118   677  2700  2797
 6878    2608  2790  2784  1700
 6879    2721  2808  2821  2908
 6880    1551  2896  2738   231
 6881    2698  1782   374  2829
 6882     683  2870  2461  2045
 6883    2746  2890  2661   338
 6884    2273  1988  2241  2750
 6885    2159  1015  2742  2115
 6886    2313   785  1922  2680
 6887    1965   118  1951  2700
 6888    1335  2744  2715  1909
 6889     517  2659  2716  2796
 6890     151   949  1602  2745
 6891    2910  2654  2842  2848
 6892    2557  2835  2724  1230
 6893     754   381  2663  2877
 6894    2249  2159  2673  2742
 6895     701  2236  2191  2836
 6896    2771   603  2201  2021
 6897     673  1948  1305  2757
 6898    2854   639  1778  2870
 6899     339   383  2617  2906
 6900    2067  2023   226  2818
 6901    2725  2448  2760  2857
 6902     932  2765  1207  2664
 6903    2765  1118  2399  2720
 6904    1625  1582  1581  2716
 6905    1175   926  2055  2917
 6906    2804  2684  2819  2906
 6907    1735   196   475  2707
 6908    1698   310  2761  2883
 6909    2264   812   985  2886
 6910     557  1317  2724  2751
 6911    1277  2778  2712  1707
 6912    1656   542   656  2763
 6913    2319  2364   717  2757
 6914     902   744   608  2753
 6915    1702  1227   690  2803
 6916    2724   602  2500  2790
 6917    2783  2788  2804  2918
 6918    2696  2783  2816  2866
 6919    2308  2290   403  2701
 6920    2308   403   447  2701
 6921    2172   765  2171  2806
 6922    2244  1612  2846  1797
 6923    1305   629  2757  2763
 6924    1997  2040  2015  2764
 6925      29   689  2040  2764
 6926      74   766  1953  2745
 6927    2536  2492  2717  2817
 6928    1554  1510  1962  2810
 6929     486  1810   443  2756
 6930    2000  1234  2822  2849
 6931    1575   281  1689  2700
 6932    1768  2109   163  2785
 6933    1826   375   331  2698
 6934    1450    84  2555  2848
 6935     577   754   381  2663
 6936     267   425   178  2758
 6937    2646  1603  2752  2899
 6938    1268  2246  1224  2754
 6939    2278   913  2624  2828
 6940    2640   729   113  2768
 6941    2163   309  1810  2756
 6942     679  2130  2095  2745
 6943     656   498  2763   542
 6944    2612  2566  1194  2890
 6945    1996   677   689  2764
 6946    1806   442   486  2756
 6947    2856   772   142  2773
 6948     410   454  2810  2876
 6949    2672  1445  2717  2893
 6950    1241  2728  1038  2277
 6951    2820   851  2847  2872
 6952     971  2027   443  2756
 6953    2077  2734  2849  2088
 6954     177   391  1364  2758
 6955    1123  2336  1223  2758
 6956    2791  1557  2553   887
 6957    1363  2747  2737  2835
 6958     517  2633  2659  2796
 6959     875   705   831  2740
 6960    2215  2260   531  2878
 6961    2877  2409  2749   533
 6962    1710  2481   704  2752
 6963    2490   987  2534  2765
 6964    1902  2901  1945   707
 6965     501  2700  2715   333
 6966     673  1349  1684  2757
 6967    2145  1575  2797  2700
 6968     481  2743   826  2796
 6969     857  2717  2221  2893
 6970     909  1304  1953  2745
 6971    2247  1908  1920  2700
 6972    1644  2867  2683  2700
 6973    2783  2726  2816  2866
 6974    2303  1112  2348  2733
 6975    2084  2015  2764  2767
 6976     306  2317  1669  2716
 6977    1626  1582  2317  2716
 6978    2152  1151  1928  2678
 6979     319  2708  2798  2856
 6980    2413   693  2733  2866
 6981    2607  2811  1703  2777
 6982     869  2796   481  1976
 6983    1679  1635  2290  2701
 6984    2660  2654  2692  2831
 6985    2705  2660  2863  2831
 6986    2293   663  2338  2682
 6987    1444  1604   152  2707
 6988     426  2160   710  2877
 6989    2025   191  2069  2682
 6990    2556  2751  1184  1483
 6991     397   441  2736  2818
 6992    2429  1199  2673  2880
 6993    2665  1074  2765  2720
 6994    1955   592  2274  2800
 6995    2765  2674   515  2828
 6996    2827  2731  2845  2899
 6997     986  2129  2665  2851
 6998    2760    82  1968  2725
 6999    2085  2262  2226  2675
 7000    2628   347  1098  2775
 7001    1822  1546   289  2695
 7002     607  1553   233  2898
 7003     525  2315  1374  2710
 7004    2911  1799  1595  1639
 7005      92   506    91  2777
 7006    2460   255  2470  2737
 7007    2924  2847  1479  2671
 7008    1282  1125  1238  2706
 7009    2493  2583  1342  2691
 7010    1405  2660  2910  2873
 7011     833   643  1299  2750
 7012     335  1791  2683  2715
 7013    1597  2763  2235  2898
 7014     323  2713  2787  2867
 7015    2739  2019  2750  2687
 7016     557  2724  2231  2557
 7017    2618  1421  1442  2783
 7018      44  1145  1495  2802
 7019    1615  2763  2876   234
 7020     531  1915  1871  2878
 7021    2878   793   213  1203
 7022    1538  2769  2824  2903
 7023    2906   891  2788  2783
 7024    1604  1445  2580  2707
 7025    2347  2437  1288  2733
 7026     697   688  2051  2812
 7027     273   329   228  2805
 7028    1994   807   939  2669
 7029    2512  2467  2750  2784
 7030    1822  2823  1546  2695
 7031    2725  1783  2760  2830
 7032    2039  2782  2797  2885
 7033     294  2613  1284  2697
 7034     999   356  2322  2735
 7035    1112  2123  2167  2733
 7036      50   954  1899  2852
 7037    2104  1956   916  2663
 7038    2705  2660  2679  2863
 7039    1518  2674   155  2535
 7040    1395  2242  2750  2784
 7041     945  1608  1785  2822
 7042     751  2383  2338  2682
 7043    1878  2375  2658  1050
 7044    2755  1597  2763  2876
 7045     511   824  2735  2840
 7046    1961  1634  2165  2741
 7047    1979  2335   735  2818
 7048    1991  1947  1946  2804
 7049    2687  2106  1051   409
 7050     855  2909   317  2785
 7051    1656   864   542  2763
 7052    1255   916  1708  2663
 7053      76  2700  1689   281
 7054    2647  1070  1441  2718
 7055    2540  2837    86    43
 7056    1200  1156  2212  2733
 7057    1554  1887   411  2810
 7058     346  1973  1355  2658
 7059    1621  2727  2774  2846
 7060    2374   822  2230  2859
 7061     238  2058  2767  2874
 7062    1632  2314   534  2850
 7063    2071  2203  2362  2742
 7064     675   107  1650  2698
 7065    2341   424   666  2661
 7066    1990  2918   716   672
 7067    2668  2771  2654  2895
 7068     376  2120  1750  2855
 7069    2688  2778  2408  2712
 7070    2844  2690  2887  2896
 7071    2286  2739  2750  2803
 7072     353  2736  1761  1717
 7073    2644  1415    96  2831
 7074     941  2406  2261  2705
 7075     791   299  2066  2835
 7076    2493  2193  2725  2830
 7077    2245  2859  2740  2284
 7078    2872  2529   938   110
 7079    1627   351   888  2892
 7080    1597  2755  2763  2898
 7081     387  2002  2680  2759
 7082    2839   374  1429  2829
 7083    2665  2648  2828  2851
 7084    2687  2107  2150     6
 7085     507  2668  2760  2097
 7086     353   397  2736  2818
 7087     927  1616   429  2922
 7088    1151   774  1928  2678
 7089    1334   104   563  2867
 7090    2787   455   499  2810
 7091    1930  2709  2416  2721
 7092    2064  1793  2824  2834
 7093    2089  2759  2817  2838
 7094    1771  2496  2798  2860
 7095    2047  2151  2687  2750
 7096    2745  1531  2744  1602
 7097     962  2859  1171   644
 7098    2196   116  2241  2687
 7099    2640  1039    45  2768
 7100    1401  1783  1968  2725
 7101    1135   977  2300  2887
 7102    2762  2694  2825  2879
 7103     435  1265  1882  2827
 7104      79  2867  1644  2700
 7105     113  2605    31  2768
 7106    1014  1013  1132  2730
 7107    2648  2667  2674  2851
 7108     109  2839   605   165
 7109    1536   348  1580  2864
 7110    1133  1696  1353  2695
 7111    1525  2386  2877  2890
 7112      80  2923  2766   182
 7113     677  2700  2764  2275
 7114     828   830  1929  2770
 7115    2549  2197   958  2751
 7116     552  2271  2342  2888
 7117    2352  2924  2666  2307
 7118    2851  2886  2400  2264
 7119     829  2417   828  2770
 7120    2519  2028  1521  2840
 7121    1350   824   269  2840
 7122    1584  2660  2873  2910
 7123     939  2038   983  2847
 7124    1624  1580  2574  2864
 7125     477   521   687  2846
 7126    2073  2148    70  2725
 7127    2152  1786  1151  2678
 7128    1597  2235   607  2898
 7129    2660  2656  2708  2761
 7130    2189  1617  1899  2852
 7131      71  1037   114  2840
 7132    1960  2691  2636  2830
 7133     835  2655  2835  2775
 7134    1624  1559  1668  2864
 7135    2619   982  2573  2872
 7136     772   319  1727  2856
 7137     186   230   319  2856
 7138    2163  1672     9  2875
 7139     327  2559    31  2768
 7140     629  1905   336  2763
 7141    2663  2371    80  1677
 7142     251  2684  1486  2906
 7143    1855   729  2640  2768
 7144    2664  1163    21   932
 7145    1831  2703  2299  2254
 7146    2830  1048  2636  1960
 7147     621   796  2766  2879
 7148      49  1047   484  2897
 7149      42  2540  2639  2678
 7150     640  2806   680  2809
 7151    1263  1792  2807  2830
 7152    2861  2663  2877  2890
 7153    2761  2692   398  1762
 7154    1197  2920  1619   695
 7155     531  1115  2847  2878
 7156    1829  1560  2646  2752
 7157    1429  1384  2664  2829
 7158    1146  2416   788  2821
 7159     847   914  1213  2726
 7160    1705  2730    11  1661
 7161     555  2688  2768   596
 7162     366  2876   410  2810
 7163    2477  1195  2432  2746
 7164    1255  1708  2070  2825
 7165     890  1694  1738  2698
 7166     704  2481  2646  2752
 7167     879  1218  2288  2775
 7168     393   288  1058  2891
 7169     581  1900   737  2785
 7170     964  2494   377  2810
 7171    1638  2911  2896    98
 7172    2808  1361    86  2781
 7173     605   109  1251  2664
 7174     206  2699  2757  1948
 7175     153   605  1295  2828
 7176     153  1474   165  2839
 7177     220   308  2818  2892
 7178     300  1556   657  2782
 7179    1004  2153  2678  2837
 7180    2793   105  1367  2211
 7181    1436  1690  1734  2891
 7182    2514  1408  2747  2837
 7183     623   540  1860  2798
 7184    1026  2718  2350  2878
 7185     704  2899  2767  2752
 7186    1649  1633  2827  2899
 7187     727   387  2680  2759
 7188    2714  2741  2852  2904
 7189    1782   331   647  2698
 7190     812  2355  2265  2886
 7191    1656  1905   586  2763
 7192    2143    38  2902  2830
 7193    2592   203  2298  2729
 7194      72  2835  1083  1186
 7195    1093  2791  2842  2403
 7196    1609   643  2687  2750
 7197     564  1601  2782  2797
 7198     511  2147  1037  2840
 7199    2678  2739  1786  2076
 7200    2650  2754  1268  2321
 7201    2792  1977   473   571
 7202    1218   692  2288  2775
 7203       3  1955  2274  2893
 7204     608   446  1061  2753
 7205    1393  1345  1964  2914
 7206    1801   305  1845  2889
 7207    1997   679  2745  2767
 7208    1753  1798  1420  2770
 7209    2250  1017  1060  2794
 7210    1094  1359  2510  2808
 7211      96  2708  2611  2831
 7212     738  1356   169  2830
 7213    1987  1552  1596  2755
 7214    1137   740  1753  2770
 7215     879   648  1218  2775
 7216    1526  1702  2331  2739
 7217    2504   572  1847  2792
 7218     374  2698  2839   121
 7219    1069  2529  2484  2820
 7220    1821  2270   590  2695
 7221    1519   890   287  2698
 7222    2288   291   879  2775
 7223    1794  2677  1530   138
 7224    2754  2246   747  2598
 7225     168  2236   701  2836
 7226     931   642  1513  2161
 7227    2906  2741  2819  2852
 7228    2523  1963  1152  2729
 7229      61  2056  1352  2702
 7230    1596  2588  2138  2755
 7231    1738  1782   647  2698
 7232    2810  2867    64   950
 7233    1829  2672  2731  2752
 7234    2515  1879  2632  2768
 7235    2229  2375  1701  2884
 7236    1031  2399  1119  2765
 7237    2802  1537  2769  2848
 7238    2739  2658  2803  2884
 7239    2553    84  2842  2848
 7240    2524  2479  1300  2703
 7241    2697  1963   951  2729
 7242     561  2188  2754  2830
 7243    1123   696  2425  2747
 7244    2098   390   340  2727
 7245    2425   967  2737  2747
 7246    2877  1481   468  2840
 7247     116  2286  2273  2750
 7248    1936   220   308  2818
 7249    1437  2704  2522  1239
 7250    1069   660  2529  2820
 7251    1866  1822   292  2695
 7252    2409  2877  2749  2663
 7253    2729  2093  2388  1009
 7254     916  1677  1708  2663
 7255    2293  2338  2673  2682
 7256    2328  1048  1092  2754
 7257     450   494   495  2788
 7258     678  2744  1335  2363
 7259     270  2661  2861  2877
 7260    2419  1172   601  2658
 7261     991   466   546  2695
 7262    2174  2809   723  2813
 7263    2242  2790   878  2549
 7264    1572  1528  2676  2862
 7265     466   590   546  2695
 7266     873  2358   874  2908
 7267     489  2228  2749  2840
 7268    2754  1402  1357  2722
 7269     384  2759   771  2133
 7270    2073  2725  2769  2857
 7271    1758  1207  1163  2765
 7272    1628  2692  2660  2910
 7273    1560  1829  1693  2731
 7274    2711   371   805  1949
 7275    2523  2516  1195  2729
 7276    2296  2746  1018  2661
 7277      38  2902   694  1622
 7278    2830  2807  1432  1792
 7279    1152  1196  2703  2729
 7280     546  1133    41  2695
 7281    2480  2728  1391  2435
 7282    2077  2088   160  2822
 7283    2343  2298   203  2729
 7284    2653  2711  2782  2874
 7285     203  1063  1107  2729
 7286    2478   553  2516  2729
 7287     467  2298  2343  2729
 7288      38  2188  1356  2830
 7289     389  2502  1923  2812
 7290     969  2459   650  2894
 7291     805  2773  1830   371
 7292    2239  2318  2727   698
 7293    2703   467  1835  1020
 7294    2830  1048  2283  2754
 7295    2839  1307   121  2698
 7296    2691  1960  2636  1342
 7297    1818   108  1774  2914
 7298     835  2790  2243  2775
 7299    1444  1648  1090  2707
 7300    2267   948  2822   201
 7301     347  2423  2468  2775
 7302    1614  1349  1640  2662
 7303    2403  1049  2679  2842
 7304    2388  1064  2343   467
 7305    2357   732  2759  2822
 7306     544  2782  2039  2885
 7307    2770   821   830  1929
 7308    2423   347  2628  2775
 7309    2840   358  1809  1659
 7310    1577  2770   580   740
 7311    2050  2288   692  2775
 7312     675   154  2049  2829
 7313    1204  2666  2487  2671
 7314     198  1340   242  2829
 7315     719  1775   108  2914
 7316    2268   866  2680  2759
 7317    1364   178   777  2758
 7318    2734   726  2838  2822
 7319     587  2542  2787  2921
 7320     233  1553  1576  2898
 7321    2678  2781  2837  1471
 7322    2286  1702  1526  2739
 7323      33  2716   481   869
 7324    2839   109   605  2664
 7325    1252   154    66  2829
 7326    2782  2653  2897  2914
 7327    2579   978  1252  2664
 7328    1522  2336  1233  2778
 7329     518   579   712  2862
 7330    1782  1826   331  2698
 7331    2874   388   300  2782
 7332     189  2146  2690  2844
 7333    2132  1121   160  2838
 7334    1606  2691    22  2698
 7335     931  2850  1513   247
 7336    2539  1498  1455  2712
 7337    2183  1418  1463  2568
 7338    2154   879   923  2775
 7339    1929   645   829  2770
 7340    1243  1674  2616  2662
 7341    2434  1035  2703  2869
 7342    1446  2755  1959  1508
 7343     219   810  2792  2903
 7344     951  2523  1195  2729
 7345    2708  2773  2798  2856
 7346      68   379   435  2827
 7347    1019   167   739  2704
 7348     203  1107  2093  2729
 7349     475  1691  1134  2707
 7350     428  1919   770  2822
 7351     396   936  1353  2891
 7352    2682  2795  2894  2917
 7353     931  2850   247  2161
 7354     791  2066  2724  2835
 7355    1267  2377   883  2732
 7356    1835  2253  2592  2729
 7357     389  2774  1621     5
 7358    2786  1434   681  2112
 7359     517  1976   570  2796
 7360     575  2795  2248  2203
 7361     979  2413  2437  2733
 7362     330  1693  1829  2731
 7363    2212  2257  1200  2733
 7364     254   419  2691  2830
 7365    1339  1196  2568  1392
 7366    2839  1307  1870   121
 7367    1285  2728  2480  1038
 7368    2663  1721   270  2877
 7369       3   857  2589  2893
 7370    1267  1654   971  2871
 7371     107   199  1650  2698
 7372     764  2261   853  2705
 7373    1040  1896   664  2749
 7374    1539   219  1716  2792
 7375      40     7  2842  2843
 7376    1114  1463    99   908
 7377     251  2617  2684  2906
 7378     967  2655  2737  2747
 7379    2591   467  1064  2729
 7380    2615  2728  1285   522
 7381    1985  1174   604  2850
 7382    1196  1963  2703  2729
 7383    1781  2717  2734  2838
 7384    1588  1676   313  2735
 7385    2700   333   545  2247
 7386    1588   313   511  2735
 7387    1195  2704  1437   951
 7388    2343  2388   467  2729
 7389    2568  1392  2183  2703
 7390    2203  2362  2742  2795
 7391    1972  2805   448  2794
 7392    2866  1068  1024  2227
 7393     333  2700  2715  2683
 7394    2343   203  2093  2729
 7395    2286   116  1227  2803
 7396     903   594  2327  2801
 7397    1134  1691   151  2707
 7398    1570    30  2086  2707
 7399    2405  2516   553  2729
 7400    2428  2682  1590  2673
 7401    1283   249  2613  2704
 7402    1664   214  2380  2881
 7403    2447  1122   910  2759
 7404     538  2901  1918   494
 7405     470   664  1658  2749
 7406    2253  1019  2592  2729
 7407     144   994   100  2710
 7408    2567  1239  2009  2704
 7409     975  2074   739  2704
 7410     835  2243  1218  2775
 7411     431  2817  2089  2759
 7412     850  2816  2696  2584
 7413     951  1963  2523  2729
 7414    1647  1370  2481  2780
 7415     427  2224  2714  2730
 7416      94  1049  1093  2842
 7417     467  2703  1835  2729
 7418    1014  1132  2652  2730
 7419    2733  1109   217  2257
 7420    2703   207  2591  1108
 7421    2478  2433   553  2729
 7422    2388  2591  1064  2729
 7423      10   749  1978  2781
 7424    2709  1786  2739  1840
 7425    1737  2045  2506  2870
 7426      26  1108  2479  2703
 7427     848  2257  2212  2733
 7428    2253  2697   976  2325
 7429    2633  1977   473  2796
 7430    2897  2488   190  2699
 7431    2773  2656  2815  2855
 7432    2176  1165  2590  2838
 7433    2733  2257   892   848
 7434    1210  2581  2845  2908
 7435     401  2450  2735  2840
 7436     583  2901  2915  1918
 7437    2473  1590   839  2922
 7438     961  2016   918  2685
 7439     334  1283  2566  2704
 7440     165  1474  2233  2839
 7441     975  2753  2208   902
 7442    2566  1283  1041  2704
 7443    2609  2427  2799  2923
 7444    1390  1370  2672  2752
 7445    1262  2734  2786  2849
 7446    1096  2467  1565  2750
 7447     199  2691  1606  2698
 7448      58  1691  2580  2707
 7449    1437  1239   951  2704
 7450    2754  2321  1224  1268
 7451    2409  1896  1040  2749
 7452    2476   842  2521  2833
 7453    2372  2417   829  2770
 7454     530   309  1585  2853
 7455    1064  1831    26  1035
 7456    2208   167  2697  2704
 7457    2818  2023  1678  2067
 7458    2667  2668  2857  2886
 7459     419  1739  2691  2830
 7460    2113  1805  2069  2682
 7461    2334  1098  1142  2775
 7462    2540  2837  1317  2678
 7463     203  1107  2343  2093
 7464    2625  2765  1119  1163
 7465    1257  1360  1316  2808
 7466     331   137   287  2698
 7467    2851  2886  2264  2675
 7468    2264   985  2675  2886
 7469    1257  1431  1360  2808
 7470    2676  2785  2805  2862
 7471    2613  2009  1283  2704
 7472     930  2611  2692  2831
 7473    2334  2655  2775  2379
 7474     951  1239  2567  2704
 7475    1034  2453  1215  2759
 7476    1490  2754  2722  2508
 7477    1852  1439   489  2749
 7478     210  2743  2796   826
 7479    2009  2697  2613   294
 7480    1983  2552  1004  2747
 7481      11  2224   427  2730
 7482    2613  2753  2697  2704
 7483    2867   120   907  1378
 7484     397  2736  1849  1761
 7485    1307  1263  2691   419
 7486     358  2840  2850  1659
 7487    1661    11    50  2730
 7488    1601  2764  2782  2797
 7489    2349  2696   850  2820
 7490    2193  2238  2725  2830
 7491     169   254   738  2830
 7492    1639   275  1683  2911
 7493     946   594  2117  2801
 7494    2074   975  1754  2704
 7495    2671  1880   649  2718
 7496    2072  2519   468  2840
 7497    1607  2698   331   375
 7498    2867   120  2546  2683
 7499    2338  2383  2673  2682
 7500    1960  2493  2691  2830
 7501    2625    21  1509  2664
 7502     739   167   975  2704
 7503    1115  2441  1071  2847
 7504     111  1475  2857  2886
 7505    1165  2544  2590  2838
 7506    2370  2661  2746  2861
 7507    2711  2686  2815  2874
 7508    1525  2663  2877   754
 7509    1930  2709  2721  1931
 7510     122   661  2459  2832
 7511     948  2822  2759  2801
 7512    2679   768  2265  2705
 7513    1522  2694  2758  2778
 7514    1409   310  2841  2883
 7515    2670  2716  1536  2560
 7516    1081   571  1977  2796
 7517     239  1655   912  2891
 7518     274   318   363  2831
 7519    2883  1453  2781  2841
 7520     862  2351   564  2797
 7521     408   952  1684  2662
 7522    2124   900  2114  2851
 7523     979  2437  2347  2733
 7524    1156  1200    75  2733
 7525     575  2203  2732  2795
 7526    2093  2729  2388  2343
 7527    1555   992  2787  2867
 7528    1112  1156  2348  2733
 7529    2123  1112  1068  2733
 7530    1532  2345  1066  2738
 7531     683  2870  2045  2854
 7532    1915  2671  1871  2878
 7533     242  1738  1694  2829
 7534     437   349  1756  2889
 7535    1219  2902  2143  1622
 7536     248   292  1910  2823
 7537    1453  1318  1598  2781
 7538     661  1013  2832  2853
 7539    1009  2729  2404   553
 7540     190  2699  2235  1927
 7541    2580  1370  1003  2780
 7542     750   706  1717  2736
 7543    2152  2836   801  1202
 7544    1145   309  2802  2853
 7545    1526  2286  2739  2750
 7546    1766    88  1760  2832
 7547    1084  2758   425   267
 7548    1668  1624  2864  2889
 7549    1941  1897  1477  1853
 7550    2459   969  2068  2894
 7551    1058  2689  2225  1911
 7552    2729  2252  2888  1082
 7553    1195  2746  2704  2729
 7554     376  2255  2686  2748
 7555    2698   137  1607   331
 7556    2212  1156  2167  2733
 7557    2252  2729  2093  1107
 7558    2203  2732  2742  2071
 7559    1222   651  2616  2662
 7560    1575  2145   281  2700
 7561     510   851  2820  2872
 7562     957  2643  2794  2916
 7563    1592   228  2785  2805
 7564    1282  2521    12  2833
 7565     358   402  1897  1853
 7566    1801   261   305  2889
 7567     552  2888   931   642
 7568     349  1712  1756  2889
 7569    1751  2336   837  2778
 7570    1681  1421  1067  2783
 7571     863  1690  2187  2695
 7572    1674  2898  1243  1576
 7573     665   709  2205  2766
 7574      34  2726  2783  2866
 7575    1353   289   459  2891
 7576    1823  1655   288  2891
 7577      31  1187   113  2768
 7578    1255  2070   816  2825
 7579    2671  1880  2718  2878
 7580    2162  1063   208  1082
 7581    1965  1995   118  2797
 7582    1252    66  1208  2664
 7583    2537  1136  1092  2754
 7584    1783   254  2760  2830
 7585    2041   941   897  2705
 7586    2193  1960  2238  2830
 7587    2049  1694   890  2698
 7588     679  2745  2767  2780
 7589    1551  2662  2738  2844
 7590     243   890  1519  2698
 7591    2243   692  2775  2790
 7592    1370  2672  1445   373
 7593    2677  2629  2826  2855
 7594     738   254  1783  2830
 7595    2432  2729  2405  2888
 7596    1895   796  2762  2766
 7597     155  1518  2583  2691
 7598    2758  2694  1084  2778
 7599    2129  2675  2851  2085
 7600    1499  1618  1343  2735
 7601    2727  2284  2740  2859
 7602    2898  1674  2844  1576
 7603    2193  2493  1960  2830
 7604    1084  1630   425  2778
 7605     966   923  2775  2913
 7606    1854  2663  2706  2766
 7607     329   184   228  2805
 7608    2378  1054  1873  2775
 7609    2097  2771  2668   867
 7610     683  1753  1778  2854
 7611     341  1572   491  2701
 7612    2686  2255  2690  2748
 7613     782  2482  1023  2726
 7614     943  2124  1030  2765
 7615    2669  1029  2924  1301
 7616     401  2228  2840  1808
 7617    2305  2878  1026  2350
 7618    2029   247  2161   931
 7619     625  1944  1967  2909
 7620    1477  2840  1853  1809
 7621    1067   891  1529  2783
 7622    2235   234  1927  2763
 7623    1614  1684  1349  2662
 7624     459  1058   396  2891
 7625    1139  2803  2527  1183
 7626    1095  1139  2091  2687
 7627     932  2765  1163  1207
 7628    1630  2694  1084   223
 7629    1459  2564  2503  2789
 7630     100   994    56  2710
 7631     613  2165  2771  2895
 7632    2750  2412  2019   868
 7633    1899  1573  2189  2852
 7634    2797   563  2713    60
 7635     682  1781  1883  2838
 7636     665  2905  2766  1939
 7637     844  1135   145  2887
 7638    2833  1125  1416  1282
 7639    2812  2759  2178  2223
 7640    2364  2723   717  2757
 7641    1648  1444   196  2707
 7642    2135   905  2134  2812
 7643    1761   750  1717  2736
 7644    2283  2830  2902  2238
 7645    1908   776  1920  2700
 7646    1388  2452   549  2849
 7647    1389  2244   654  2846
 7648    2085  1843   985  2675
 7649    2661  2877  2890  2861
 7650    1753   212  1778  2854
 7651    2863  1993  2860  2798
 7652    2687     6  1051  2107
 7653    2858   730  2169  1950
 7654     643  2150  1609  2687
 7655    2085  1843  2675  2851
 7656    1198   794  1849  2736
 7657     941  2041   899  2705
 7658    1383  1470  1435  2895
 7659    1139  2196  2091  2687
 7660    1681  1486  1442  2783
 7661    2408   556  1542  2712
 7662    2897   388  1246   235
 7663     978  1296  1252  2664
 7664    2641  1524  2688  1232
 7665    1630   223   514  2778
 7666    1524  2737  2688  1276
 7667    2781    86  2808  2836
 7668    2162  2207  1082  2888
 7669     856  2114   900  2851
 7670     694    38   738  2830
 7671      52  2905  1326  2565
 7672     900  2124   515  2851
 7673    1400  2045  2717  2817
 7674    1200   101    75  2733
 7675     967  2425   360  2747
 7676     856  1843  2114  2851
 7677    1624   305   261  2889
 7678    2713  2787  2867  2921
 7679     561  1792   169  2830
 7680    2651  2730  2652    11
 7681     669  1573  2144  2852
 7682     900  2400   856  2851
 7683    2616  1222  2738  1066
 7684    1899  1617    50  2852
 7685    2407  1074  2354  2765
 7686    2774  2721   601  2658
 7687    2675  2684  2865  2702
 7688     430  1944   474  2909
 7689    1899   954   383  2852
 7690    1234   989  2000  2822
 7691     173  1580   261  2889
 7692    2114  1843  2129  2851
 7693    1303  1920   633  2700
 7694    2706  2748  2833  2907
 7695    1728   952  1551  2662
 7696    2734   725  2044  1259
 7697    2752  2767  2809  2899
 7698    1183  1876   116  2803
 7699      66   675  1650  2829
 7700    2591   467  2729  2703
 7701    2051  2680   741  2774
 7702     851  2394   510  2820
 7703     445  2072  2519   468
 7704    1600   237   564  2797
 7705     993  1005     7  2843
 7706    2143  2188  2830  2754
 7707     986  2124  2114  2851
 7708    2709  2882   788  2821
 7709     648   835  2655  2110
 7710    2758  2762  2814  2841
 7711     435  2108  2827  2882
 7712    2375  1271  2803  2884
 7713    2762  2799  2814  2841
 7714    2725   738  1401  1783
 7715    2726  2793  2901  2915
 7716    1309  1633  2731  2827
 7717     834  2724  2751  2790
 7718    2661   799  1174  1942
 7719    1898  1651  2545  2861
 7720    1125  1371  2706  2907
 7721      50  1617  2794  2852
 7722    2852  1617   579  2189
 7723      12  1326    97  2856
 7724     243   107  2698  2807
 7725    1968  2012   507  2760
 7726    2632  2655  2470  1011
 7727     643   868  2063  2750
 7728     515   943  2445  2765
 7729    2560  1536   129  2716
 7730     370  1531   519  2744
 7731    1718   266   310  2841
 7732    2716  1580  1536   173
 7733     802   430  2901  2909
 7734    2752  2809  2813  2899
 7735     169  1739   254  2830
 7736    1429   286  1384  2829
 7737    2317  1582  1625  2716
 7738    1356   561   169  2830
 7739    2314   641   534  2850
 7740    2492  1816  1166  2817
 7741     364  1788  1464  2776
 7742     283   415   288  2891
 7743    2303   894  2227  2820
 7744      66   154   675  2829
 7745    1380  2296   424   622
 7746     862   564  2782  2797
 7747    2275   118   677  2700
 7748    2600  1003  1647  2780
 7749    1513   247  2850  2888
 7750    2785  2805  2862  2909
 7751    1177   880   701  2882
 7752    1321  1567  1365  2777
 7753    1833  2406  2309  2705
 7754    2309   768  2137  2705
 7755    2459  1013   650  2894
 7756     192   280  2683  1167
 7757    2130  2813  2174  2043
 7758    2364  1684   952  2662
 7759    1296  2664  1340  2829
 7760    1655   912  2689  1779
 7761    2188   561  1356  2830
 7762    1782  2698   374  1826
 7763    2766   621   577  2310
 7764    1307   375  1826  2698
 7765     788   702  2821  2882
 7766    1303   589  1920  2700
 7767    1908   776  2700  2867
 7768    2229  1128  1271  2884
 7769    2795   970  2894  2917
 7770    1542  1503  1498  2712
 7771    1311   876  1840  2739
 7772    1734   936   415  2891
 7773    1613  1408   177  2747
 7774    1684  1614   408  2662
 7775    1296  1340   198  2829
 7776     257  1738   242  2829
 7777    2642  2016  2843  2873
 7778     261  1801  2716  2889
 7779    1987  1916  1552  2755
 7780     952  2139  1551  2662
 7781    2677  2656  2773  2855
 7782    2576  2671  1292  2666
 7783    2661   604  1174  2850
 7784     535  1572   341  2789
 7785     122   616   661  2832
 7786      22    66  1650  2829
 7787     269   511  1037  2840
 7788     125  1179  1566  2807
 7789    2185    90  2365  2778
 7790    1614   250   408  2662
 7791    2434  2344  2299  2869
 7792    2072   578  1481   622
 7793    2860  2657  2798  2708
 7794    2698   374  1826   121
 7795    1234   245  2044  2849
 7796    1974  1399   876  2739
 7797    2694  1707  2712  2778
 7798    2049   154  1694  2829
 7799    1296   154  1252  2829
 7800    2562  1000   429  2795
 7801    2095  2086   635  2745
 7802    1712   349  2418  2889
 7803    2579  2625   978  2664
 7804     402   358  1897  2850
 7805     286  2060  1384  2829
 7806    2711  2815  2657  2806
 7807     738    38  1356  2830
 7808    1446  1465   994  2755
 7809    2753  2907  2612  1327
 7810    2816   850  1024  1867
 7811    1975  1002  1354  2739
 7812     568  1044  2670    77
 7813    1562  1518  2626  2691
 7814     242  1340  2060  2829
 7815    2707   548  1912  1261
 7816    2264  1843   856  2851
 7817    2309  2406   941  2705
 7818     469  2747  1613   177
 7819    1579  1491  2722  2864
 7820    2055  2593  2068  2868
 7821     593  2563  2436  2849
 7822    2481  1370  2752  2780
 7823     768  2679  2265  2401
 7824    1704   571  1847  2792
 7825    2737  1039  2007    89
 7826    1270   304  2670  2864
 7827     348  1536   304  2864
 7828    1137  1652   293  2817
 7829    2700  1965  2797  2867
 7830    2319  2723  1992  2757
 7831    1093  2791   960  2842
 7832    1975  2076  1840  2739
 7833    1975  1354   745  2739
 7834      33  2670  1044  1800
 7835    2889    17  2418   305
 7836    2708  2761  2692  2660
 7837     941  2261   897  2705
 7838    2740  2527  2803  2285
 7839     473  2659  2792  2892
 7840     812  2265   899  2705
 7841     173   261  2716  2889
 7842      33   437  1756  2889
 7843    2066  1983  2724  2747
 7844     685  2811  2712  2391
 7845     177  1408   221  2747
 7846    1319  1039  1568  2655
 7847    2667  1308  2648  1264
 7848    2882  2709  2836  2808
 7849    2670    33   481  1800
 7850    2902  1748  1219  2722
 7851     967  2066  2655  2747
 7852    2185  2365   134  2778
 7853    1241  2344  1285  2869
 7854    1614   364   250  2662
 7855    1032  2355  2491  2886
 7856    2057  2133   431  2759
 7857    2405  1195  2432  2516
 7858     657  1601  2767  2782
 7859       4  2132  2734  2838
 7860    1318    43  2781  2837
 7861    1246   388  2653  2782
 7862    2699  1686  2455  2787
 7863    1123  2425  2737  2747
 7864    2832  1850  2853  2894
 7865    1727  1860   540  2798
 7866    2017  2727  2740  2859
 7867      81   125  2754  2807
 7868    2260  2215  2872  2878
 7869    1320  2365  2737  2778
 7870     866  1122  2680  2759
 7871    2616   651  1243  2662
 7872    2656  2677  2826  2855
 7873     354  1454   399  2761
 7874    2707  2780  2745  2800
 7875    1854  2663  2059  2706
 7876    2844  2616  1461  1674
 7877    2244  1612   698  2846
 7878    2017  1046  2727  2859
 7879    2405  1080  2432  2888
 7880    2044  2734  2088  2849
 7881    2663   798  2706  2766
 7882    2788  2915  2918  2726
 7883    2545  2663  1956  2104
 7884     435  2826  2108   502
 7885     853  2261  2406  2705
 7886    2772  2656  2693  2685
 7887    1387  2691   595  2807
 7888    1727   540  2773  2798
 7889    1079   980  2816  2918
 7890    2296  2746  2661   995
 7891    2364   952  1728  2662
 7892    1694  1738  2698  2829
 7893      74  1910  2744  2745
 7894     132  2792  2818  2832
 7895    2664    65  1207   932
 7896     634  1822  1696  2695
 7897     524   568  1712  2864
 7898    2318  2774  2859  2727
 7899    2306   897   808  2858
 7900    2626  1606  1562  2691
 7901    2743  1581  2796  2716
 7902     730  2214  2865  2900
 7903    2852  2804  2819  2906
 7904    1461  1532  2738  2844
 7905    2609  2762  2799  2814
 7906    2671  1247  2575  2621
 7907     237  1575  1645  2744
 7908    1664  1123  1223  2758
 7909     801  1928  2153  2678
 7910     489  2877  2749  1394
 7911    2245  1828  2727  2740
 7912      48  1674  1576  2844
 7913    2718  1880   649  1291
 7914    1843  2264  2675  2851
 7915    1983  1004  2724  2747
 7916    2762  2694  1752  2825
 7917     320   276   525  2710
 7918      21  1755  1509  2664
 7919    1928   774  1004  2678
 7920    2774  1612  2846  2727
 7921     883  2732  2794  2871
 7922    2369  2702  2924    61
 7923    2921  1965  2797   500
 7924     290  1773  2004  2876
 7925     994  1331  2710  2755
 7926     849  2860  2798  2496
 7927    1455  2712  1784  2777
 7928    2430  2475  1325  2880
 7929     484  1047  1422  2897
 7930    2177   770   814  2822
 7931    2490  2534  1208  2664
 7932    2692  2611  2708  2831
 7933      21   932    65  2664
 7934    1129  1363  2655  2835
 7935    2497  1641    27  2876
 7936     392  2574  1580  2864
 7937      65  1384  1755  2664
 7938    2642  2466  1431  2873
 7939    2497   322   278  2876
 7940    2690  2686  2748  2911
 7941    2766  2677  2799  2905
 7942     799   560  2118  2888
 7943    1433  2192  2004  2876
 7944    2192  1433  2497  2876
 7945    2726  1329  2733  2915
 7946     295  1842  1324  2880
 7947    2284  2245  2727  2740
 7948    1347  2542  2867  1599
 7949    1512  1153  1535  2887
 7950    2431   754  2663  2890
 7951    1032  2491  1475  2886
 7952    1430  1032  1475  2886
 7953    2570   977  1532  2887
 7954     458  1480   991  2695
 7955    1373  2728   522  2869
 7956    1718  1895  2762  2799
 7957    2656  2773  2856  2905
 7958    1576  2488  2723  2898
 7959    2151  1609  2687  2750
 7960    2914  1731  1775  1774
 7961    1459  1414  2564  2880
 7962    2736  2682  2894  2917
 7963    2511    40  2842  2910
 7964     722  1910   292  2744
 7965    1234  2077  2822  2849
 7966     649  2924  2718  1291
 7967    1836  2666  2671  2924
 7968     863  2187   414  2695
 7969    2714  2681  2819  2904
 7970    1050  1172  2658  2859
 7971     915  2066   299  2655
 7972    1760  1804   490  2832
 7973    1237  2642  2843  2873
 7974    2634  2618  2696  2866
 7975    2081  2779   893  2213
 7976     465  2315  1330  2710
 7977    2597  2448  2148  2857
 7978    1368  2429  1413  2880
 7979     849  2860  1993  2798
 7980     247  1126   843  2888
 7981     796  2762   752  1895
 7982    2148  1181  2597  2857
 7983    1756  2670  1044  2889
 7984     149  1045   246  2874
 7985    2774   741   734  2680
 7986     476  1854  2706  2766
 7987    2787  2763  1036   498
 7988    2020   210  1844  2824
 7989    2728  1373   522  2645
 7990    1426  2539  2688  2712
 7991     153   605  2828  2839
 7992    2669  2718  2847  2924
 7993      81  1179   125  2807
 7994    1512   933  2164  2887
 7995    2135  2178   905  2812
 7996     746  2781  2182  1978
 7997    2588  2755  2662  1640
 7998    2537  1387  1386  2807
 7999     682  2089  2717  2838
 8000    1050  1172  1701  2658
 8001     887  1254  2597  2791
 8002    1851  2762  2879  2694
 8003    1494  2848   174  1493
 8004    1978  2182    10  2781
 8005    2901  1770   538  1918
 8006    2054  2367  2712  2777
 8007    1464  1788   380  2776
 8008    2292  1872  1954  2689
 8009    2337  2058   657  2767
 8010    2840  1477  1853  1941
 8011    2127  2128  1315  2912
 8012     605   153   165  2839
 8013    1915  1159   213  2878
 8014      12    97  1742  2856
 8015     743   699   831  2740
 8016    1666   694  1401  2725
 8017    2778  1276    90  2365
 8018    2048  2853  2756   530
 8019    1443  1045   149  2874
 8020    1875   434   340  2846
 8021     111  1475  1298  2857
 8022     489   468  2228  2840
 8023    2549  2751  2242  2790
 8024    1208  2839   258  2664
 8025     145  2753  2887  2896
 8026    1380  1124   578  2850
 8027    1621   340  2727  2846
 8028    2656  2781  2883  2808
 8029    1970   270  2661  2861
 8030    2152  1928   801  2678
 8031    2780  2672  1445  1370
 8032    2896  2748  2907  2911
 8033    2522     2  1106  2746
 8034     216   566   478  2846
 8035     985  2858  2886  2041
 8036    2906   891  2100   846
 8037     953   456  1643  2921
 8038    2110  1011   915  2655
 8039    2712  2569  1455  2606
 8040      88  1145    44  2903
 8041    2779  2654  2819  2858
 8042    2432  2729  1195  2405
 8043    1347   456  2867  2921
 8044     683  1400  1137  2817
 8045     393  1058  2689  2891
 8046     565   609   112  2846
 8047    2361  1673   490  2832
 8048    2051  1612  2774  1841
 8049    2581  1816  2536  2854
 8050     141    96  2446  2831
 8051    2370   755  1898  2861
 8052     419  1307  1870  2691
 8053    2740  2106  1743  2687
 8054     963  1743  1007  2687
 8055    2831  1274   711  2860
 8056    2625  1509   978  2664
 8057    1471  2182  2191  2836
 8058    2523  2478  2516  2729
 8059    2759   726  1086  2822
 8060    2047  2750  2196  1988
 8061    2803  1043   920  2687
 8062    2840  2877  1481  2661
 8063    1005  2551  1049  2843
 8064    1077   160   732  2838
 8065    2525  1566  1563  2807
 8066    1347   776   412  2867
 8067    2332   965  2587  2784
 8068      68   435   502  2827
 8069     640   854  2172  2912
 8070    1875  2727   434  2846
 8071    2497  1433   322  2876
 8072    2262  2306  2675  2858
 8073    2678  2739  2751  2919
 8074     334  2566  2612  2890
 8075    1478   421  1773  2876
 8076    1265   301  1886  2821
 8077    1563  1519   137  2807
 8078    2168  2081  2037  2860
 8079    2706  1194  2612  1125
 8080    2073  1181  2148  2857
 8081    2028  1984  1521  2840
 8082    2278  2624  1295  2828
 8083    2260  1159   531  2878
 8084    1317  2639  2540  2678
 8085     887  1181  2599  2857
 8086    2032   938   895  2872
 8087    2490  2839   258  2445
 8088    2484  2529  2032  2872
 8089    1557  2791   960   887
 8090    1968  2324  1401  2725
 8091     117  1731   544  2885
 8092    1532   977  1535  2887
 8093     847   914  2726  2901
 8094    1324  1199  1368  2880
 8095    2726   914  2788  2901
 8096    1580  2889  1624   261
 8097     210  2743  2824  2796
 8098     430   669  2788  2909
 8099    1874  2789  1149  1105
 8100    2699  2235  1927  2763
 8101     348   392  1580  2864
 8102    2529  2820  2573  2872
 8103    2496   711   584  2860
 8104    2073  2599  1181  2857
 8105    1324  1368   295  2880
 8106    2092  2816  2900   806
 8107    2571  1491   524  2864
 8108     142  1742  2773  2911
 8109    1698   310  2411  2761
 8110    1197  2209  2920   695
 8111      38  2143  2902  1622
 8112    1870   418  2548  2839
 8113     352   440  2818  2892
 8114    2451   393  1911  2689
 8115     374  2839  2233   121
 8116    2153  1004  2022  2837
 8117     525   276  2315  2710
 8118    2771  2769  2802  2824
 8119    2703  1463  2183  1418
 8120    2228   468   445  2840
 8121    2245  1171   962  2740
 8122     170   938  1189  2872
 8123    2232   955    56  2710
 8124    2050   692   922  2784
 8125    2847  2441  1871  1115
 8126     510  2847  2126   851
 8127    2673  2249  2742  2880
 8128    2663  2762  2879  2766
 8129    2129  1029  2665  2851
 8130    1961   757  1634  2741
 8131    2072  2028  2519  2840
 8132    2215   510  1516  2872
 8133    1597   277  2755  2898
 8134    1178  2662  2755  2898
 8135     974   597  1080  2888
 8136     552   642  2271  2888
 8137    2345  1535  1153  2887
 8138    1576  2723  2844  2898
 8139    1236  2249  1280  2880
 8140    2675  2924  2665  2702
 8141    2083  2912  2782   588
 8142     544  1348   117  2885
 8143     539  2901   495  1918
 8144    2713   484  1422  2897
 8145    2682  2795  2917  2922
 8146    1729   800   290  2876
 8147     421  2763   498  2876
 8148    1331   780  2232  2755
 8149    2811   464  1523  1411
 8150    2130  2095  2745  2800
 8151     462  1062     2  2746
 8152    1471   801  2153  2678
 8153     220  1936  1892  2818
 8154    2758   311  2762  2841
 8155    1106  1085  2522  2746
 8156     787  1720  1545  2735
 8157    2745  1531  2101  2744
 8158    2835    72  1083  2775
 8159    2400  2491  2355  2886
 8160    1903  2900  2819  2804
 8161    1081   614   615  2824
 8162     787   488  1720  2735
 8163    2193  2148  2448  2725
 8164     345  2770  2680  1577
 8165    2806   640   680  2141
 8166    2266  2582   901  2672
 8167       5  1577  2680  2774
 8168    2654  2857  2668  2886
 8169     176   220  1892  2818
 8170     865  2086  2095  2800
 8171     494   495  2788  2901
 8172    1178  1243  2662  2898
 8173    1340  1509  1755  2664
 8174    1948   161   630  2699
 8175    2040   721  2084  2764
 8176     634  1696   590  2695
 8177    1032  1430  2791  2886
 8178    2690  2300  2844  2887
 8179     414  2187  1966  2695
 8180    1082  2729  1063  2888
 8181    1251   109    65  2664
 8182    1119  2625  2579  2664
 8183     544  2782  2885  2083
 8184     910  2544  2447  2838
 8185    1432  2830  1792   561
 8186     109  1384    65  2664
 8187    2789  2862  2676    78
 8188    1133   546   590  2695
 8189    1010  1054  2538  2775
 8190     130  1406    87  2873
 8191    2108  1882  1177  2882
 8192    2830    37  2807  2636
 8193     634   678  1822  2695
 8194     948  2759  2312  1427
 8195    1353   936    41  2695
 8196     332   100  1699  2710
 8197    2843  2873  1405  1237
 8198     161   674  1393  2699
 8199    2759  2812  2178  2801
 8200    2219  2809  2813   723
 8201    2674  1164  2691  2839
 8202    2382   138  2629  2826
 8203     180    93  1794  2923
 8204    1548   448  2805  2904
 8205    1581  1582  1538  2824
 8206    1150  2386  2008  2890
 8207    2894  2202   969  2917
 8208     315  1193  1281  2701
 8209     117   500  1687  2921
 8210    2013  1290  2351  2713
 8211     102  2686  1487  1969
 8212    2774  2846  1797  2812
 8213     481  2743  2670   826
 8214    1822   678   292  2695
 8215     458   991   546  2695
 8216    1966  2744   370  1689
 8217    2750  2412  2687  2019
 8218    1353    41  1133  2695
 8219     414  1733  1480  2695
 8220     366  2876   322   410
 8221    1781   682  2717  2838
 8222    2800  1445  2893  2707
 8223      92    91   158  2777
 8224     590  1696  1133  2695
 8225    1784   506  1455  2777
 8226    1520   350   819  2689
 8227    2099  2792   528  1660
 8228    1882   435  2827  2882
 8229     459   396  1353  2891
 8230    1904   762  2779  2900
 8231    1586   514   179  2712
 8232    2687  1609     6  2150
 8233     560   208  2118  2888
 8234     533  1896  2409  2749
 8235     413  2874   388  2065
 8236    2421  1620  2884  2919
 8237    1616  2157  2917  2922
 8238     965  1053  2333  2784
 8239    2473  2518  2673  2922
 8240    1851  2762  1022  2879
 8241    1010  2538   966  2775
 8242    1630  2694   223  2778
 8243    1154  1440  1391  2710
 8244    2708  1771  2798  2860
 8245    2540    43     8  2837
 8246    1102    52  1169  2708
 8247    1911   393  1058  2689
 8248    2811   685  2712  2777
 8249    2726  2733  2793  2915
 8250     309   530  2756  2853
 8251    1361  2808    86  1360
 8252    2020  1837   614  2824
 8253    2755  2662  2757  2898
 8254    1010   244  1873  2775
 8255    2915  2788   495  2901
 8256    1849   441  1893  2736
 8257    2812   728   565  2181
 8258    2394   851  2349  2820
 8259    2660  2656  2761  2873
 8260    1361    43    86  2781
 8261    2034  1329  1990  2915
 8262    2732  2203  2742  2795
 8263    1734    41   936  2695
 8264    2558  1221  2514  2837
 8265    2668  2667  2675  2886
 8266     637   245  2563  2849
 8267    2792   220   176  2818
 8268     140  1460  1504  2904
 8269     305  1668  2418  2889
 8270     863   458    41  2695
 8271    2057   726  2759  2838
 8272    2345  2280  1066  2738
 8273    2187  2744  2695  1646
 8274    2838     4  2893  2734
 8275      74  1953  1746  2745
 8276     590  2270   634  2695
 8277    1077   732  2822  2838
 8278     458   863   414  2695
 8279    2906  2788  2804  2783
 8280    2731  2827  2845  2908
 8281     123  2190   323  2713
 8282     451  1505  2090  2788
 8283    1046  2658  2774  2859
 8284    2759   726  2822  2838
 8285    2707  2780  1445  2580
 8286    1475  2491  2667  2886
 8287     460  2180   416  2689
 8288     602  1186  2790  2835
 8289    1629   490  1673  2832
 8290    2796   869   481  2716
 8291    2792   527   473  2892
 8292    1757  2659  1801  2302
 8293    2146  1917   146  2653
 8294    1405  1406  2466  2873
 8295    2705  2265  2791  2886
 8296      31  2605   327  2768
 8297     972  1654  1016  2871
 8298    2660  2657  2693  2863
 8299     389  2680     5   343
 8300    2290   359   403  2701
 8301    2692  1628  1497  2910
 8302    2139  1551  2662  2738
 8303    2002  2680   389   343
 8304    2682  2894   706  2736
 8305    2155   572   122  2868
 8306     572  2832  2868  2792
 8307    1846   395  2659  2892
 8308     414  1480   458  2695
 8309     669  2144   846  2788
 8310    1733   414  1966  2695
 8311    1602   949  1489  2745
 8312    1821   590   466  2695
 8313    2769  2802  2824  2903
 8314    1298  2725  2760  2493
 8315    2485  2741  2895  2684
 8316     450  1505   317  2788
 8317      85  1581  1492  2716
 8318     812  2265  2705  2886
 8319    2794  2714  2852  2904
 8320    2187   370  1966  2695
 8321    2792   220  2818  2892
 8322    1113  1157  2573  2820
 8323    2784  2333   422   823
 8324    1949  2711  1906   805
 8325    2195  2585  2687  2740
 8326     413  2102   388  2653
 8327     540  2773   371  1830
 8328     235   388  2102  2653
 8329    1998  2292  1954  2689
 8330    1366  1703   999  2811
 8331     450  2090  1505  2788
 8332    2763  1597  2235   234
 8333    2848   174  2910  2875
 8334     697  1245   688  2812
 8335     425   134   777  2778
 8336     240  2142  1779  2689
 8337    2451  1520   393  2689
 8338    2081  2213  2125  2779
 8339    2702  2440  2669    61
 8340    1662   372   416  2689
 8341    1012  2688  2471  2426
 8342    1863  1949  2657   676
 8343     631  1789  1687  2921
 8344     282  2650  2525  2807
 8345    2078   583  2793  2915
 8346    2515  2768   925  1879
 8347    2726   716  2915  2918
 8348     416  1872   460  2689
 8349     146   235  2102  2653
 8350    1587  2811   158  1631
 8351    2851  2886  2675  2667
 8352    2655  2913  2632  2768
 8353     905   861   609  2812
 8354    2744   766  2745  2764
 8355     413  2686  1443  2620
 8356     108  2711   719  2653
 8357     849  1860  2496  2798
 8358     894  2394  2349  2820
 8359     389  1923  1621  2812
 8360     146  2102  2146  2653
 8361    2678    42  2709  2919
 8362    2657   371  2773  2711
 8363    2410   786  2230  2774
 8364    1879  2737  2470  2768
 8365    1882   880  1177  2882
 8366    2146  2102  2620  2653
 8367    2130  2813  2043  2800
 8368    1499  2811  1587  1618
 8369     413  2620  2102  2653
 8370    2914  1862   108  2653
 8371    2080  1862  1818  2653
 8372     556   135  1542  2712
 8373     151  2780   949  2745
 8374     819  1823  1520  2689
 8375     870   153  2828  2839
 8376    2099  2792  2868  2818
 8377    2546  2867  1644   104
 8378    2744  2797  2764   237
 8379     284  2786  2689   328
 8380    2041   812  2705  2886
 8381    2689   350   328   372
 8382    2640   113  1231  2768
 8383     583  2901  2793  2915
 8384    2883  1598  1453  1496
 8385      98  1742   142  2911
 8386     602  2724  2500  2557
 8387    1803  1704  2792  2892
 8388    1208  2839    22   258
 8389     350  1520   372  2689
 8390    2920  2776  1619  2738
 8391    2471  1567  2569  1365
 8392    2316   596  1482   555
 8393     179   556  1586  2712
 8394    1727   319  1860  2798
 8395      95  1460  2681  2904
 8396    1538  2903  1582  1379
 8397     240   736  2142  2689
 8398    1486  2684  1442  2783
 8399    2788  2805  2852  2904
 8400     230   274   319  2708
 8401     548  2707  2042  1570
 8402    2142  1735   912  2689
 8403    1872  2292   460  2689
 8404    2498  2786   504  2689
 8405    2488  2699  2723  2898
 8406    2654  2791  2857  2886
 8407    1055  1099  2768  2913
 8408    2275  1996  2744  2764
 8409    2320  2614  2697  2920
 8410     853  1907  2705  2863
 8411     109  2839   165  1429
 8412     567  2595  1974  2658
 8413    1442  1421  1681  2783
 8414    1139  2803  2687  2527
 8415    2069  2736  1116  2682
 8416      34  1421  2618  2783
 8417    1012  2471   968  2426
 8418    2447  1122  2817  1745
 8419      12  2521  1326  2833
 8420     532   576  2735  2811
 8421     224   816  2070  2825
 8422     372  2451   416  2689
 8423    1647  2752  1710  2780
 8424    2458  2726  2793  2901
 8425     232  1446   188  2710
 8426     229   406  2819  2904
 8427    1816  2770  2817  2854
 8428    1570   592  2707  2800
 8429    2821  1265  2827  2882
 8430    1855  2007  1232  2768
 8431    1361  1598  2781  2883
 8432    2145  1644   281  2700
 8433    2578  2533  2720  2765
 8434     555  2768   599  1482
 8435    2079  2866   980  2726
 8436    1077  2077   160  2822
 8437    1960  2493  1342  2691
 8438     968   596   925   555
 8439     968  2688   596  1100
 8440    1423  2690   189  2596
 8441     328  2786  1736  1692
 8442    2063   868  2412  2687
 8443    2091  2196  2047  2687
 8444    2769   378  2725  2073
 8445    2559  2768  1482   599
 8446     496  1830   761  2686
 8447    2886  2392  1032  2265
 8448    2832  2834  2853  2903
 8449     900  2674  2400  2851
 8450     284  2786   328  1692
 8451    2007    45  1855  1232
 8452    1532  1535  2345  2738
 8453    1850   662  1894  2894
 8454    1709  1875  1665  2846
 8455      59  2669  2696  2865
 8456     765   632  2171  2806
 8457     937  2348  1025  2820
 8458     644  1876  2285  2803
 8459    2792   263  1583  2892
 8460    1537  1404  2601  2769
 8461    2504  2824  1081   615
 8462    2494   964  1887  2810
 8463    2180  2786   460  1824
 8464    2694  2762  1752  2814
 8465    2722   171  1448   264
 8466      68  2269  1514  2815
 8467    2458   847  2726  2901
 8468    2857  2760  2668  2667
 8469      68  2815  1649  2827
 8470    2636  1387    37  2807
 8471    1974  1311  1089  2658
 8472    2588  2662   364  1640
 8473     685    91  1784  2777
 8474    2653  1818  2723  2914
 8475    1847   571  2504  2792
 8476    1900  2011   737  2785
 8477    1498  1426  1542  2712
 8478    2292  1998  2498  2689
 8479    2299  2344  1241  2869
 8480    1270   202    39  2722
 8481    2394   937  2439  2820
 8482     554   332  1699  2710
 8483     913  2278  2765  2828
 8484    1649   379    68  2827
 8485    2015  1997  2764  2767
 8486     208  2162  1082  2888
 8487     835  2655  2110   299
 8488    2588   320  1788  2710
 8489    2697  2614  2703  2920
 8490    1927  2713  2699  2787
 8491     100    56  1699  2710
 8492    1879  2737   881  2470
 8493    1520  1823   393  2689
 8494    2604  1844  2743  2824
 8495    1921  1260  2717  2838
 8496    2472  2035   792  2814
 8497    2553    94  1557  2842
 8498    1928  1004  2153  2678
 8499     100   188   144  2710
 8500     131    44  2802  2903
 8501     137  1519   287  2807
 8502    2360  2703  2869  2479
 8503     416  2180  1662  2689
 8504    1662   328   372  2689
 8505    1686  2763   864   586
 8506    1581  2796  1582  2824
 8507    1779  1823   819  2689
 8508    2658  2709  2721  2884
 8509    1840  1786  1932  2709
 8510    1487  1155  1969  2686
 8511    1408  1221   221  2837
 8512    2176  1260  1165  2838
 8513    1534  1490   747  2722
 8514    1999     3  2800  2893
 8515    1221  2558  1318  2837
 8516    1142   347  1083  2775
 8517     231  1438   996  2738
 8518    2020  2604  1837  2824
 8519     746   701  2836  2882
 8520    1066  1461  1532  2738
 8521    1873  1054  1010  2775
 8522    1581  2743  2796  2824
 8523    1297  2311  2772  2845
 8524    1577  2770  2774   580
 8525     500   117  2885  2921
 8526    1174  2661  2850  2888
 8527     187  1438  1507  2738
 8528     923   879   244  2775
 8529    1616  1175  2202  2917
 8530    1274  2779  2831   628
 8531    2670  2796  2716  2743
 8532    2543  2372  2680  2817
 8533    2684  1486  1442  1466
 8534     279  1422  2190  2713
 8535    2654  2668  2858  2886
 8536     123  1290   279  2713
 8537    2690  2748  2896  2911
 8538      45  2737  1039  2007
 8539    1585   309  1145  2853
 8540     576    28  1808  2031
 8541    2597   887  2791  2857
 8542    2150   643  2063  2687
 8543    1198   838   191  2736
 8544    1298  1475  2667  2857
 8545    2485  1435  1470  2895
 8546    2155   122   617  2868
 8547    1281  2430  1325  2880
 8548     777  2737  2758  2778
 8549     532  1832  1719   576
 8550    2010  2728  2277  1197
 8551    2391   135  1719   512
 8552    2363   292  2744   722
 8553    1903  1726  2804  2819
 8554    1551  2723  2844  1772
 8555    1285  1065   522  2869
 8556     193  1893   485  2736
 8557    1383   126  2668  2895
 8558    1958  1679  1723  2701
 8559     530  2756  2048  1810
 8560    1951   118   633  2700
 8561    1456  2811   464  1587
 8562    2711   676  1949  1906
 8563    1761   794   750  2736
 8564     316  1724  1680  2785
 8565    2793   715  2211  1367
 8566    1809  2840   269    71
 8567     265  2883  1496  1409
 8568     725  2734  2044  2849
 8569    2349   851  2200  2820
 8570    2108  2826  2827  2882
 8571    2147   313   511  1037
 8572    2808  2781  2836  2882
 8573     678  2744   292  2695
 8574    2781  1453  2837  2841
 8575    2736   838  1893  1198
 8576    2834   661  1013  1749
 8577     603  2771  2201  2834
 8578    2684  1442  2783  2865
 8579     918  2685  2808  2908
 8580    2883  1453  2841  1496
 8581     695  2164  2697  2920
 8582     221  2747  2837  2841
 8583    2108  2826  1190   836
 8584     627  2901   583  1770
 8585    2501   794  1198  2736
 8586     706  1673  1717  2736
 8587     391   265   266  2841
 8588     702   788   880  2882
 8589    2439  1025  2484  2820
 8590    2685  2507  2627   917
 8591     642   931  1513  2888
 8592    2224  2156   471  2834
 8593      71  1809  1477  1853
 8594    1453   221  2837  2841
 8595    2814  2881  2799  1697
 8596    1786  2739  1840  2076
 8597    1937   573  2024  2736
 8598    1477    71  1037   114
 8599     152  2580  1691  2707
 8600    1367   715   759  2793
 8601    2882   702  1265  1882
 8602    1409   266   265  2841
 8603    2774   389  2680     5
 8604    2019   789  1354  2750
 8605    2736  2113   882  1116
 8606    2827  2772  2656  2815
 8607    1718   310  2799  2841
 8608    2178  2135  2801  2812
 8609    1036  2787   444  2810
 8610     511    71   269  1037
 8611    1095  1289   409  2687
 8612    1981  2501  2682  2736
 8613     920  2739  2803  2687
 8614     882   838  1533  2736
 8615    2632  2913   296  1055
 8616    1470  1383  2668  2895
 8617     293  2282  2680  2817
 8618    2747   177  2758  2841
 8619    1285  2728  2869   522
 8620    2019   868   789  2750
 8621    1116  2113  2682  2736
 8622    1116   191   838  2736
 8623     114  1941  1477  2840
 8624    1749  2156  1132  2834
 8625     926   882  2024  2736
 8626     937   894  2303  2820
 8627    1961  2617  2741  2895
 8628    1849  1893  1198  2736
 8629    2152  2836  2678   801
 8630    1406  1407    87  2873
 8631    2394   894   937  2820
 8632     750   794  1981  2736
 8633    1815   407  1859  2819
 8634    1417   229   406  2819
 8635    1766  2853  1145  2832
 8636    1696   289  1353  2695
 8637    2686  2657  2711  2815
 8638     882  1937  2024  2736
 8639    2649   126  1435  2895
 8640    2501  1198   191  2736
 8641     469  2747  2737  1613
 8642    1411   464  1523  1456
 8643    2708  2656  2856  2905
 8644     706  2682  2736  1938
 8645    2820  2438  1069  2509
 8646     457  2297    16  2715
 8647     400   356  1499  1343
 8648     306  1713  2291  2716
 8649    2241   116  2273  2750
 8650    2770  2821  2854  2908
 8651    1726   407   406  2819
 8652     485  1893   441  2736
 8653     140   229  1417  2819
 8654    1157  2368   253  2820
 8655    2374  2658  1172  2859
 8656    1937   882  1533  2736
 8657    2439   510  2394  2820
 8658    1768  1724   404  2785
 8659    2872  1189   110   938
 8660    2082   851  2126  2847
 8661    2781   749  2799  2881
 8662     688  2680   741  2812
 8663    1961  2485  2617  2895
 8664    2792  1977  2796   473
 8665     996  2896  1594   231
 8666    1383  1435   126  2895
 8667    2684  2654  2741  2895
 8668    2113   926  2682  2736
 8669     854   640  2809  2912
 8670     750  1981  1938  2736
 8671    2227   894   850  2820
 8672    1411  2811  2607  1523
 8673    2548   419  1870  2691
 8674    2024  2593  2055  2736
 8675     573  2593  2024  2736
 8676    2873  2642  1541  1431
 8677    2703  2360  1418  2524
 8678     926  2024  2055  2736
 8679     701  2191   746  2836
 8680     706  2894  1673  2736
 8681    2916  2474  1458   562
 8682    2501   191  2682  2736
 8683    2513  2500   602  2790
 8684    2052  2767  2780  1710
 8685    1751   837  2737  2778
 8686    2820  2529  2573   660
 8687      31  1187  2768  2913
 8688     173  1757  1713  2716
 8689    1732   369   335  2715
 8690     134  1320   777  2778
 8691     173  1713   129  2716
 8692    2336  1522  2758  2778
 8693    1233  1707  2694  2778
 8694    2329  2230   822  2859
 8695    2680  2002   389  2812
 8696    2812    32  2759  2002
 8697     356  2811  1411  1456
 8698      32  2812  2759  2801
 8699     777  1320  2737  2778
 8700    2737  1123  2758  2778
 8701    1238  2833  1282  2706
 8702     179  2778  2694  2712
 8703      90  2185  1586  2778
 8704     871  2336  1751  2778
 8705    2381  2778   871  1751
 8706    2185   134  1630  2778
 8707    2185   514  1586  2778
 8708     425   777  2758  2778
 8709     256  1412  2371  2762
 8710     629   336  2755  2763
# Generated by E:\Slicer3D\vsd_device\tetgen.exe -pkqa mesh3.ply 
