# vtk DataFile Version 2.0
Unstructured Grid
ASCII
DATASET UNSTRUCTURED_GRID
POINTS 2926 double
-4.2393999999999998 -2.4147002999999998 -2.9183998
-7.3917999999999999 4.7889996000000004 -5.9066004999999997
7.7237999999999998 -1.1484002 -3.2814999999999999
-4.9989999999999997 3.2739997000000001 -3.0672001999999998
-6.1460999999999997 3.1456997000000002 -3.1591003
-6.8146000000000004 -1.1578004 -6.1565000000000003
-6.5129999999999999 -6.8788004000000003 -4.9921993999999996
-2.7587000000000002 -1.1478999999999999 -0.1808999
-1.4842 -4.5171999999999999 -2.8987997000000001
-0.35510000000000003 -3.2464998 1.7139002000000001
-0.23580000000000001 -3.2241005999999999 -6.1366997000000003
1.9207000000000001 -1.9753995 6.1398999999999999
3.5013999999999998 -0.39430019999999999 -2.3378999999999999
0.9516 -2.8538999999999999 0.35890021999999999
6.1515000000000004 1.9819998000000001 -3.1141002000000002
5.5747 5.0881996000000003 -6.1341004000000003
-2.2827999999999999 9.1051000000000002 -4.5666003000000002
-4.8936000000000002 -5.7893996000000003 5.5880003
-0.61760000000000004 5.1053004 6.1792993999999997
-1.6657 4.8655004999999996 6.1792993999999997
4.7613000000000003 -5.8847994999999997 5.6018004000000001
-6.1894 4.6079005999999998 5.2333993999999997
-5.7400000000000002 2.5029001000000002 3.2198997
-2.9095 0.66210000000000002 -0.33160007000000002
0.14269999999999999 -0.81810044999999998 -6.0419
-0.5252 9.0770999999999997 -4.0364003000000004
9.1618999999999993 2.3536994 -4.9212999999999996
4.7793999999999999 7.5151997000000001 -5.8604006999999996
5.4645999999999999 -5.4797006000000001 -3.2693994000000002
-2.2505999999999999 5.5542999999999996 -3.0688004000000002
-4.3353000000000002 5.3737992999999999 -3.1591005000000001
0.36849999999999999 -9.3872 -4.5840993000000001
-8.1515000000000004 0.39939954999999999 -6.0621999999999998
-3.9853999999999998 -4.1728997000000003 6.1521005999999998
2.5911 3.6332004000000002 6.1756997
-6.1970999999999998 3.0676994 -6.1565000000000003
3.7387000000000001 -0.31230047 -6.1498999999999997
-6.1230000000000002 -0.041399760000000001 3.1943000000000001
-5.0156999999999998 -1.1250994999999999 6.1792999999999996
-5.9287999999999998 -2.6592999000000002 3.2783003000000002
-2.4729999999999999 -1.681 -0.10189987
-4.4802999999999997 8.3343000000000007 -5.1277002999999999
-2.6362000000000001 -3.9243001999999998 -2.8921998000000002
-1.4158999999999999 -3.8167002000000001 -2.6964997999999998
-0.70020000000000004 -3.9188998000000002 2.7295003000000002
0.86450000000000005 -8.1470000000000002 -3.3646994000000001
2.5173000000000001 -7.7834004999999999 -3.3596995000000001
4.2470999999999997 -8.3394999999999992 -5.4700993999999996
3.3062999999999998 3.7954995999999999 -6.1739005999999996
1.0059 5.0543994999999997 -6.1744003000000003
2.1766000000000001 -0.99019950000000001 6.1281999999999996
3.1400000000000001 -0.94359990000000005 1.7713000999999999
2.9066000000000001 -0.9340001 -1.1631999
4.2504999999999997 0.47049977999999998 -2.7565
5.1516999999999999 1.6029998000000001 -2.9977002000000001
7.6592000000000002 4.3758993000000004 -3.7212002000000002
6.3918999999999997 5.7790995000000001 -6.0004004999999996
-2.4702999999999999 1.9824998 -1.6116002
-3.7267999999999999 4.2964997 -6.1767006000000002
1.0379 3.6244003999999999 6.1715993999999998
-0.047600000000000003 6.3897995999999999 -6.1754002999999997
-0.4965 3.7223004999999998 6.1710997000000001
-1.2607999999999999 3.5373006 6.1710997000000001
7.9672999999999998 4.9623995000000001 -4.5644007000000002
1.5053000000000001 9.2973999999999997 -4.6475004999999996
-5.8190999999999997 4.2724004000000004 5.9117993999999996
-6.3037999999999998 2.8047000999999998 3.4401999000000001
-3.0329999999999999 0.66820009999999996 1.0685
-0.86199999999999999 0.44269955 -6.0484999999999998
0.65949999999999998 8.9931000000000001 -3.9331006999999998
-4.2893999999999997 -1.0296997999999999 2.9068999999999998
7.5206 -4.9550004000000003 -5.8132997
-1.2239 -7.6401005 -3.2691995999999999
-0.93130000000000002 5.8761999999999999 -3.0646005000000001
-3.1269999999999998 6.1585993999999999 -3.1594004999999998
4.0959000000000003 6.2818002999999996 4.1811996000000002
-2.1400999999999999 7.8741994000000002 -6.0624003000000002
-4.7636000000000003 -3.2582996 6.1521005999999998
4.3091999999999997 -1.3734995000000001 6.1760000000000002
-0.43530000000000002 6.9206995999999998 -6.1557006999999997
3.4100999999999999 -1.9178004 -6.1539999999999999
-7.2393000000000001 0.12970029 3.7593000000000001
-2.3199000000000001 -0.72769950000000005 6.1298000000000004
-6.6036000000000001 -2.8625997999999999 3.7032002999999998
-2.5051999999999999 -1.8481997999999999 1.1206001000000001
-3.6911 -4.2744 3.1259003000000001
-2.0181 -3.5330002 -2.6944997000000002
-1.1165 -2.8357999999999999 -1.1564996999999999
-0.4652 -4.4504999999999999 2.9199001999999998
0.75539999999999996 -7.2851005000000004 -3.2003995999999999
2.2536999999999998 -6.9686003000000003 -3.2003995999999999
4.7205000000000004 -8.0571000000000002 -4.4390992999999996
4.5321999999999996 -8.3191000000000006 -4.9955996999999996
2.2538999999999998 -1.7129004999999999 -6.125
-2.746 -1.2744 0.52620009999999995
3.3521000000000001 -1.5099997999999999 2.4878
2.9119000000000002 -0.73460000000000003 0.28590006000000001
3.2719999999999998 0.027199857000000001 -1.9028
3.9359999999999999 1.0484997 -2.6972999999999998
7.1464999999999996 4.1280994 -3.3893002999999999
6.7690000000000001 6.1292996000000004 -5.7488003000000001
4.1863999999999999 6.4678006000000003 4.8186993999999999
0.84040000000000004 1.3782995 -6.0777999999999999
-4.7618999999999998 5.8842005999999998 5.6018996000000003
-0.049000000000000002 7.5532994000000002 -6.1339005999999996
5.8841999999999999 4.7617006000000002 5.6021995999999996
-5.0709 -7.9095006000000003 -4.5878997000000004
-6.9821999999999997 1.5774002 3.6556999999999999
1.2513000000000001 4.3483999999999998 -2.8317003000000001
-5.3659999999999997 3.6214005999999999 6.0994997
1.9807999999999999 7.2925005000000001 5.6215997
-3.4609999999999999 0.56880014999999995 2.3090999999999999
-9.2675000000000001 -1.7288003999999999 -4.6836000000000002
0.5242 -9.0861999999999998 -4.0485996999999996
7.8971 -5.2059006999999999 -4.9175997000000002
-9.0122 -0.30400043999999998 -5.8087
-5.4798999999999998 -5.4668007000000003 -3.2696996
0.3584 5.9831000000000003 -3.0689006000000001
-1.0688 6.8188995999999999 -3.1589005000000001
-0.34760000000000002 1.6604004999999999 6.0953999999999997
0.39729999999999999 8.0805000000000007 -6.0721005999999997
-5.4414999999999996 1.9496005000000001 6.1516999999999999
0.092499999999999999 -4.5220995000000004 6.1760006000000001
0.99319999999999997 6.8521995999999996 -6.1561003000000003
-0.0083000000000000001 -3.0663 0.78720020000000002
-7.5347999999999997 -0.21959967999999999 4.2575000000000003
-0.92210000000000003 0.28470044999999999 6.0583999999999998
-6.9310999999999998 -3.1366996999999999 4.4276999999999997
-3.0396000000000001 -1.8068998999999999 2.3519003000000001
-4.1509999999999998 -4.6718992999999998 3.2167002999999998
-1.6298999999999999 -2.7437003 -1.6927998
-1.1709000000000001 -3.6035998 2.5969001999999999
-0.47170000000000001 -5.6388999999999996 3.1276003999999999
0.66359999999999997 -6.4238 -3.1135994999999999
2.0106000000000002 -6.1367000000000003 -3.1134995999999999
4.1035000000000004 -7.0909003999999998 -3.3645995000000002
-4.8575999999999997 5.9483003999999999 4.6509995000000002
-7.4432999999999998 1.2072004999999999 5.6459999999999999
1.1899999999999999 -1.0135004999999999 -6.0758999999999999
4.6723999999999997 -1.6815997 3.0293002000000002
3.2949000000000002 -0.18799985999999999 1.8443000000000001
2.9914000000000001 -0.047600009999999998 -0.095600000000000004
3.3429000000000002 1.0934999000000001 -2.3252999999999999
6.3478000000000003 3.6527997999999999 -3.2004003999999999
6.6814 6.6174993999999998 -5.3604006999999996
4.2667999999999999 1.0665994999999999 -6.1665000000000001
2.0036999999999998 4.1415997000000004 -6.1717005
3.5926 2.0528002000000001 2.7949997999999998
0.037600000000000001 8.6066000000000003 -6.0017003999999998
0.040599999999999997 1.5612995999999999 -6.0758000000000001
-4.7106000000000003 -8.2139000000000006 -4.9096994
-3.7538 5.0325993999999996 -6.1793003000000004
-4.7403000000000004 4.2279996999999998 -6.1768003
-4.2028999999999996 2.9667005999999998 6.1792999999999996
-6.8179999999999996 2.9447002000000002 4.0446
-4.1577000000000002 1.4644003000000001 2.9062000000000001
-9.0841999999999992 2.3877997 -4.5820999999999996
-0.71679999999999999 -8.9411000000000005 -3.8672993
5.1033999999999997 -7.9651002999999996 -4.9253992999999996
2.2581000000000002 8.5287000000000006 -5.8995004
-7.2187000000000001 2.7853997000000001 -3.2692003000000001
2.7534000000000001 5.3131000000000004 -3.0680006
1.7971999999999999 6.6657995999999997 -3.1591005000000001
7.4898999999999996 0.37720034000000002 4.1817000000000002
7.8071999999999999 2.1183996 -6.0721999999999996
-4.9196999999999997 3.0395004999999999 6.1516000000000002
-2.0851999999999999 -4.0854993000000004 6.1764007000000003
6.9132999999999996 0.45369953000000002 -6.1559999999999997
-2.6238999999999999 -2.5746004999999998 -6.1479999999999997
-5.1421000000000001 -0.059799533000000002 6.1792999999999996
0.91080000000000005 7.6816006000000003 5.1105995000000002
-7.1025 -3.0729994999999999 5.0949
-3.2570999999999999 -2.2794998 2.7265003000000001
-4.6039000000000003 -5.1347994999999997 3.4387004000000001
-1.3716999999999999 -2.7839999999999998 1.0732002
-1.1899 -4.3929999999999998 2.9381002999999999
-0.61619999999999997 -6.2275995999999996 3.2188005
0.55679999999999996 -5.3520000000000003 -2.9950994999999998
1.9712000000000001 -4.9131 -2.9826996000000001
3.6536 -6.3484005999999997 -3.2004994999999998
2.0291000000000001 -2.3144003999999998 -6.1326999999999998
5.2091000000000003 -3.6758006000000001 -6.1758994999999999
2.8168000000000002 -1.4408004000000001 -6.1349
5.3414999999999999 -1.5498997999999999 3.1139999999999999
5.0575999999999999 -1.0017997000000001 3.0565000000000002
3.1034999999999999 0.16550008999999999 1.1053999999999999
3.1461999999999999 0.68329989999999996 -1.7955000000000001
5.6025999999999998 3.2167997000000002 -3.1138002999999999
7.0065999999999997 6.3693995000000001 -4.9169006
2.8597999999999999 3.3108995000000001 -6.1658005999999999
2.4889000000000001 5.6764994 -6.1789002000000002
2.6551 -7.2085996000000003 4.6624002000000004
-0.16669999999999999 9.0864999999999991 -5.7772006999999999
1.1861999999999999 -7.4839997 5.5901002999999996
4.8574000000000002 -5.9484997000000002 4.6515006999999997
-4.4820000000000002 6.0834994 -6.1338005000000004
-5.6433 5.0158997000000003 -6.1340003000000003
-3.0605000000000002 2.1909006 6.1712999999999996
-6.9680999999999997 3.2489002 4.6773996000000002
-6.3563999999999998 1.3271002999999999 3.2772999999999999
-5.4606000000000003 1.7864994999999999 -6.1769999999999996
-8.7873999999999999 2.3032997000000002 -4.0256999999999996
-5.3207000000000004 -2.4802997000000002 3.1581001
8.7863000000000007 0.47839954000000001 -5.9104999999999999
-6.4817999999999998 4.2255992999999998 -3.2692003000000001
5.5796999999999999 2.1178997000000002 -3.0664003000000002
3.1486000000000001 6.1509995000000002 -3.1597004000000002
9.2955000000000005 1.3161997000000001 -4.5693999999999999
8.0832999999999995 -0.40260044 -6.0716999999999999
-3.2564000000000002 4.7768005999999996 6.1516995000000003
-2.5910000000000002 -3.6332996 6.1757007000000002
6.2079000000000004 -3.0679004000000001 -6.1561000000000003
-3.7052999999999998 -0.63070046999999996 -6.1501000000000001
-0.34589999999999999 7.5549005999999999 5.6124996999999999
0.79710000000000003 -4.0280003999999998 -6.1588992999999999
-6.5380000000000003 -2.8353996000000001 5.9648000000000003
-9.1607000000000003 -2.2577004000000001 -5.2397999999999998
5.3769999999999998 5.3618006999999999 5.5657997000000003
-1.7277 -3.1641998 2.4207003
-1.5431999999999999 -5.1612999999999998 3.0892005
-0.73070000000000002 -6.8744993000000001 3.4484005
0.17879999999999999 -4.7290999999999999 -2.8936996000000001
1.4489000000000001 -4.4326999999999996 -2.8714998
3.2330999999999999 -5.6158999999999999 -3.1156994999999998
3.3363 -3.9054004999999998 -6.1743994000000004
6.1421000000000001 -4.3989004999999999 -6.1338996999999997
-0.55920000000000003 -7.5600996 5.5878005000000002
5.8163999999999998 -1.8220997999999999 3.1904001000000002
5.4638 -0.43629976999999998 3.1025
3.4735999999999998 0.34930018000000002 2.2635999999999998
2.9992000000000001 0.52199996000000004 -1.1185
4.5739000000000001 2.8491998000000001 -2.9972002999999998
6.9782999999999999 6.1196995000000003 -4.3197001999999998
3.7054 5.1656994999999997 -6.1766005000000002
3.0234000000000001 6.9142995000000003 -6.1342005999999998
1.238 4.3699994000000002 -6.1702003000000003
-0.51090000000000002 9.4053000000000004 -5.2968006000000001
-1.3337000000000001 6.0860995999999998 -6.1791004999999997
-1.1447000000000001 2.7291994000000002 -6.1295999999999999
-5.0602999999999998 6.9323997000000004 -6.0051002999999996
-6.3901000000000003 5.7575994000000001 -6.0027002999999999
-5.8841000000000001 -4.7617992999999998 5.6021004000000003
-7.0919999999999996 3.0655005000000002 5.1730999999999998
-7.3772000000000002 1.5366004 4.2328000000000001
-2.2014999999999998 -9.1221999999999994 -5.4437994999999999
-8.0871999999999993 4.1523994999999996 -4.0348005000000002
-0.5423 2.1284995000000002 -6.1003999999999996
8.5494000000000003 -2.2403004000000002 -5.8922999999999996
-4.2031000000000001 6.4964994999999996 -3.2692006
5.9379 0.77369975999999996 -3.0682
5.3714000000000004 4.3297996999999997 -3.1586002999999998
1.1468 1.4137005 6.1013000000000002
2.1071 -7.8453007000000001 -6.0674995999999997
1.9430000000000001 5.4320006000000003 6.1521996999999997
-4.4997999999999996 0.45230049999999999 6.1760000000000002
0.4511 -6.8895005999999999 -6.1567993000000003
2.4870000000000001 -2.9994003999999999 -6.1536999999999997
-7.0391000000000004 2.7075005000000001 5.6439000000000004
-5.1303999999999998 2.8725002000000002 3.1592999000000002
-5.8133999999999997 -2.8164994999999999 6.1018999999999997
-4.3368000000000002 -3.3588998000000001 3.1032001999999999
-4.9630999999999998 -5.5246997000000002 4.0383005000000001
7.8033000000000001 5.3694997000000004 -4.9882007000000002
-1.8323 -5.7695993999999997 3.1842005000000002
-6.7629999999999999 -3.4059993999999998 5.5982003000000002
0.38030000000000003 -4.0559000000000003 -2.6963997000000002
0.99529999999999996 -3.9359001999999998 -2.6930996999999999
2.6667000000000001 -4.9355000000000002 -3.0309993999999998
4.2397999999999998 -4.6151004000000002 -6.1791996999999999
6.9859999999999998 -4.9298004999999998 -6.0089993000000002
5.7725999999999997 -2.4754003999999998 -6.1791999999999998
6.399 -2.0704997000000001 3.3378003000000001
6.2135999999999996 -0.61389976999999996 3.2153
4.9042000000000003 0.16680022999999999 3.0164
2.8874 0.75219994999999995 -0.44240006999999998
3.1269999999999998 1.6443999 -2.3479002000000002
6.5884999999999998 5.8886995000000004 -3.7347003999999999
4.4017999999999997 6.1433996999999998 -6.1338005000000004
3.4981 7.9046992999999999 -5.9885006000000001
1.2135 6.1566996999999999 -6.1793003000000004
-0.033799999999999997 9.4669000000000008 -4.8996005
-1.6193 7.3851994999999997 -6.1337004000000004
-7.5355999999999996 0.44110041999999999 5.6341000000000001
-5.3262 7.3576993999999996 -5.7825002999999997
-6.9916 5.8219995000000004 -5.7703004
-3.0179999999999998 -0.45960010000000001 -1.1761999999999999
-6.4812000000000003 2.9373003999999998 5.9714999999999998
-7.5548999999999999 1.6120003000000001 5.2035
-5.8707000000000003 7.2888994 -5.4697003000000004
-4.7098000000000004 7.6557994000000003 -3.8934004
4.8559999999999999 8.1341000000000001 -4.9731006999999998
-2.3975 -8.6879000000000008 -5.8102993999999999
-3.5013999999999998 6.9008994000000001 -3.2693004999999999
-5.5991 -0.20840046000000001 -6.1764000000000001
6.819 1.0678996999999999 -3.1589
6.4410999999999996 -4.0683993999999997 5.5292006000000002
-0.42420000000000002 -8.1792999999999996 -6.0581994000000003
3.0343 4.9161004999999998 6.1517996999999998
-3.4091 2.9797006000000001 6.1760000000000002
-1.0044 -6.8377004000000001 -6.1565994999999996
-0.15210000000000001 3.8563995000000002 -6.1527003999999996
-2.9904999999999999 -0.17660045999999999 -6.1306000000000003
7.5351999999999997 5.5574994000000002 -5.4763001999999998
-4.6462000000000003 -2.1212995000000001 6.1791
-4.8605 -3.6063998000000002 3.1842003000000001
-5.1832000000000003 -5.7259994000000001 4.8830004000000002
-3.2242999999999999 -5.6072993000000002 3.2709005000000002
-2.0733000000000001 -6.3704995999999996 3.3283005000000001
-0.79890000000000005 -7.3905997000000001 4.0518003
0.41170000000000001 -3.5470997999999998 2.3857002
1.1813 -3.2545001999999998 -2.2368999000000001
2.1532 -4.0452000000000004 -2.8488997999999999
5.0945999999999998 -5.5852003000000003 -6.1336994000000002
7.2969999999999997 -5.9345007000000001 -5.3532995999999997
6.9256000000000002 -3.0301005999999999 -6.1337000000000002
6.8806000000000003 -2.3118997000000001 3.7791001999999998
6.8742999999999999 -0.73199974999999995 3.4483999999999999
5.1658999999999997 0.73910019999999998 3.0657999999999999
2.9716999999999998 0.45540002000000002 0.38819998999999999
2.8447 1.1568999 -1.2432000999999999
6.1359000000000004 5.5142993999999996 -3.3880005
5.0514999999999999 6.9692993000000003 -6.0018004999999999
3.6934 8.4305000000000003 -5.6626004999999999
1.5205 7.4021996999999997 -6.1338005000000004
0.12620000000000001 9.2812000000000001 -4.3211006999999997
-1.8042 8.4153000000000002 -6.0019007000000002
-2.6394000000000002 5.8147992999999998 -6.1756004999999998
0.83289999999999997 -9.4331999999999994 -4.9542994
-7.4021999999999997 5.8584994999999997 -5.2127004000000001
4.6719999999999997 -0.43189976000000002 2.9683000000000002
-3.0634000000000001 1.1387995 -6.1375999999999999
-6.9454000000000002 1.5284004 5.9737999999999998
7.1615000000000002 6.0509995999999999 -5.4527006
-1.1585000000000001 8.8960000000000008 -3.8690007
5.8475999999999999 -0.06770023 -3.0541999999999998
-1.4051 8.7199000000000009 -5.8949002999999998
4.3151999999999999 6.4207996999999999 -3.2688005000000002
5.4202000000000004 -2.7414002000000002 -3.0767999000000001
6.6684000000000001 -1.8103001999999999 -3.1596997
1.6289 0.90370050000000002 6.1032999999999999
-7.8745000000000003 -2.1309003999999998 -6.0627000000000004
5.4410999999999996 -1.9535996 6.1516999999999999
-2.7271999999999998 3.6108004999999999 6.1759995999999999
-6.8874000000000004 -0.44530049999999999 -6.1569000000000003
0.2485 -3.6135006000000001 -6.1465993000000001
-6.1729000000000003 -0.67300044999999997 -6.1790000000000003
-5.9187000000000003 -1.9830004999999999 -6.1791
-2.3439999999999999 -8.2533999999999992 -3.5276991999999998
-5.4135 -3.9410995999999998 3.3276002
-4.8261000000000003 -5.2653995 5.9555005999999997
-7.0145 6.2552995999999998 -5.4263005
-2.3174999999999999 -6.8784995000000002 3.7792005999999998
-0.83750000000000002 -7.6776996000000004 4.8850007
0.69569999999999999 -6.4625997999999996 3.2788005
0.745 -3.0979002000000002 -1.6788997999999999
-2.3134999999999999 5.3004993999999996 -6.1771007000000004
5.8015999999999996 -6.6734004000000002 -5.8925995999999996
7.5903999999999998 -5.4399004 -4.4399996000000002
7.9457000000000004 -3.6933004999999999 -5.9305997000000001
7.1962000000000002 -2.4559999000000001 4.4242999999999997
0.065299999999999997 -5.7797003 -6.1770997000000003
6.4406999999999996 0.69610022999999999 3.2734000000000001
2.9723999999999999 0.87630003999999995 1.0357999
2.7330999999999999 1.2484999999999999 0.26129989999999997
5.4497 4.8921995000000003 -3.2003005
5.4150999999999998 7.3912997000000003 -5.7119007000000002
3.2454000000000001 8.8422000000000001 -5.3017006000000002
1.786 8.4367999999999999 -5.9984007000000004
0.0339 8.8376000000000001 -3.7358007
-1.8982000000000001 8.9586000000000006 -5.7197003000000004
-3.1185 6.8796996999999998 -6.1339005999999996
1.8225 2.6226997000000001 -1.7058002999999999
-7.0635000000000003 6.3080996999999996 -4.9230003
-4.0754999999999999 2.6205995 -6.1730999999999998
-5.9829999999999997 2.4212004999999999 6.1026999999999996
-6.3574000000000002 1.1308005000000001 6.1022999999999996
2.1518999999999999 0.82619953000000002 -6.1045999999999996
2.5493999999999999 8.8118999999999996 -4.1432003999999996
-4.0696000000000003 -1.8478998 2.9191003000000002
-1.5579000000000001 0.20839953 -6.0762
6.4966999999999997 4.2078996000000002 -3.2697002999999998
4.9702999999999999 -3.1722001999999998 -3.0593998
6.4428000000000001 -2.4876003 -3.1592999000000002
1.7398 0.25320044000000003 6.0983999999999998
-8.0898000000000003 1.2732996000000001 -6.0583
4.9180000000000001 -3.0421996 6.1516000000000002
-1.9202999999999999 4.0955005 6.1759995999999999
-6.8947000000000003 0.27599952 -6.157
0.62770000000000004 3.7575995999999998 -6.1514005999999997
-7.4981 -0.83940049999999999 -6.1341999999999999
-7.1699000000000002 -2.3829004999999999 -6.1337999999999999
0.79720000000000002 -4.6357999999999997 -2.8851998000000001
-5.9150999999999998 -4.2049994000000002 3.7778003
-6.3619000000000003 7.0147995999999999 -5.1325006000000002
-3.5882000000000001 -6.7622995000000001 4.5737003999999999
-2.4481999999999999 -7.1970996999999999 4.4190006000000004
-5.4710999999999999 7.7209997000000001 -4.8954005
0.70540000000000003 -7.1619997 3.7010005000000001
0.62050000000000005 -2.9197000000000002 -0.3557998
1.0384 -2.8502000000000001 -0.99579980000000001
6.484 -6.7395005000000001 -5.4796996
6.8860000000000001 -5.3191004 -3.6205995
8.5702999999999996 -3.6707006 -5.5193995999999999
7.3798000000000004 -2.3344996 5.0914999999999999
7.3906999999999998 -0.79929969999999995 4.0521000000000003
7.1593999999999998 0.70590030000000004 3.6978
3.3988 0.91700020000000004 2.3380000000000001
3.0310999999999999 1.2219001 1.7349999
4.8056000000000001 4.2868000000000004 -3.1119002999999998
-7.2915999999999999 -5.9784006999999999 -4.7187995999999996
3.7759999999999998 8.6964000000000006 -5.0097003000000004
2.0427 8.9994999999999994 -5.6305002999999996
0.0086999999999999994 8.2507999999999999 -3.3885006999999998
0.74309999999999998 2.9432995000000002 -6.1315999999999997
-3.4466999999999999 7.8940996999999999 -6.0005006999999999
-5.3875999999999999 7.6970996999999999 -5.4192004000000003
-6.8007 6.2950996999999997 -4.2880006000000002
-5.3886000000000003 3.0944995999999998 -6.1790000000000003
-4.7240000000000002 2.0339005000000001 6.1792999999999996
-5.0423999999999998 1.0101005000000001 6.1792999999999996
4.7553000000000001 -8.0616000000000003 -5.4791993999999997
4.0843999999999996 8.0105000000000004 -3.9013007000000002
-3.1453000000000002 -8.9350000000000005 -4.9873995999999998
5.5971000000000002 6.8218994000000004 -5.8989004999999999
7.2137000000000002 -2.7892003000000001 -3.2685997000000002
2.2608999999999999 -5.5430999999999999 -3.0680995000000002
6.1478000000000002 -3.1449003000000002 -3.1591996999999998
1.4245000000000001 -1.0441994999999999 6.0987
-7.6361999999999997 2.9004995999999998 -6.0612000000000004
3.2563 -4.7768993000000002 6.1517004999999996
4.2824 1.3942003999999999 6.1759000000000004
-6.8377999999999997 1.0086995000000001 -6.1566000000000001
3.4706000000000001 1.2605995000000001 -6.1483999999999996
-8.5928000000000004 -0.91270050000000003 -5.9901999999999997
-8.1781000000000006 -2.6636004 -6.0026999999999999
-1.1302000000000001 -0.36130044 -6.0587999999999997
-6.2196999999999996 -4.3744993000000001 4.4254002999999997
-4.1604999999999999 -4.9538994000000001 6.1002007000000003
-3.7202999999999999 -6.7768993000000002 5.1248006999999998
-2.3203999999999998 -7.3850993999999996 5.0824002999999998
-0.81000000000000005 -7.0966997000000003 5.9554004999999997
0.9103 -7.5522995000000002 4.4333004999999996
0.58879999999999999 -3.0457999999999998 1.0531002
1.6197999999999999 -2.8567998000000001 1.7851002
2.5908000000000002 8.3291000000000004 -3.6359007000000001
6.6327999999999996 -4.8089003999999997 -3.3645995000000002
4.5030000000000001 0.11609953000000001 -6.1692
6.7587999999999999 -2.2607993999999998 5.9645999999999999
4.0456000000000003 -0.56469977000000005 2.774
7.5522 0.91050034999999996 4.4329999999999998
4.8844000000000003 1.4084003 3.0467
3.7818000000000001 1.2975003000000001 2.7361
3.1993999999999998 0.011199537000000001 -6.1356999999999999
5.6992000000000003 7.5396995999999996 -5.1852007000000002
3.8719999999999999 8.4901 -4.4266005000000002
1.976 9.0736000000000008 -4.3229002999999997
0.010699999999999999 7.3241997000000003 -3.2004006
-2.0407000000000002 9.2344000000000008 -5.1773005000000003
-3.9458000000000002 8.3511000000000006 -5.6180005
-5.3686999999999996 7.5288997000000002 -4.2396007000000004
-6.5202 5.9426994000000004 -3.7226005
-6.5696000000000003 3.7375995999999998 -6.1337004000000004
8.3293999999999997 -1.3275002 -3.4683999999999999
0.53859999999999997 8.5896000000000008 -3.5388006999999999
5.3097000000000003 -7.7304006000000003 -5.4507994999999996
7.6079999999999997 4.9929996000000001 -4.0469002999999999
-3.3765999999999998 8.8217999999999996 -4.8330007000000004
8.7199000000000009 1.4461995000000001 -5.8918999999999997
6.4858000000000002 -4.2239003000000004 -3.2695997000000001
0.93159999999999998 -5.8750999999999998 -3.0644996
4.3353999999999999 -5.3739004000000001 -3.1590995999999998
0.83599999999999997 -1.4725995000000001 6.0952999999999999
1.2456 8.0678999999999998 -6.0619006000000004
-1.9427000000000001 -5.4321995000000003 6.1522006999999999
4.4942000000000002 0.49060047000000001 6.1760000000000002
-4.9546999999999999 4.8435993000000002 -6.1560005999999996
3.5931000000000002 -1.1225004000000001 -6.1501999999999999
-9.1550999999999991 -0.98510039999999999 -5.6597999999999997
-8.7537000000000003 -2.7561003999999998 -5.6921999999999997
2.2517999999999998 -4.4803004 -6.1737995000000003
-6.2283999999999997 -4.5954994999999998 5.0923004000000001
-3.3511000000000002 -3.8683996 6.1791004999999997
-3.6009000000000002 -6.1714997 5.9548006000000004
-2.2583000000000002 -6.7613997000000001 5.9638004000000002
1.3328 5.5686993999999999 -6.1769004000000001
0.9103 -7.6823997000000004 5.1063004000000003
0.99170000000000003 -3.0975997 1.6632003
1.9999 -4.0376000000000003 2.9280002000000001
6.2977999999999996 -6.8332005000000002 -4.3432994000000003
5.9195000000000002 -4.3133005999999998 -3.2003998999999999
0.51619999999999999 -5.1928999999999998 3.0650005
6.2074999999999996 -1.7954996000000001 6.1014999999999997
7.6776999999999997 -0.83779967 4.8853
7.6824000000000003 0.91030040000000001 5.1063000000000001
5.2607999999999997 1.8836002000000001 3.1175997
4.7416999999999998 2.1473002000000001 3.0631998
3.0171999999999999 2.7241998000000001 -2.6933001999999999
5.5397999999999996 7.3383994000000001 -4.1671003999999998
3.3132000000000001 7.9874996999999999 -3.5717007999999999
1.9017999999999999 8.6791999999999998 -3.7792007999999999
0.015800000000000002 6.4638999999999998 -3.1142006000000002
-1.7454000000000001 9.0378000000000007 -4.1809006000000002
-0.44359999999999999 -0.36540043 -6.0297999999999998
-5.1487999999999996 7.1614994999999997 -3.7207005
-6.1155999999999997 5.5290995000000001 -3.3861005
-7.4518000000000004 4.2861995999999998 -6.0032005000000002
4.1037999999999997 -8.4436999999999998 -4.5682992999999996
-2.4234 0.21670046000000001 6.1298000000000004
-3.6524000000000001 2.0205001999999999 2.8115996999999999
8.9872999999999994 1.4792997000000001 -4.0578000000000003
1.4645999999999999 6.9296002000000003 3.5575994999999998
6.9821 -5.5373006 -5.8579993000000004
4.2070999999999996 -6.4968003999999997 -3.2695994000000002
-0.35930000000000001 -5.9675000000000002 -3.0673995000000001
3.1272000000000002 -6.1586002999999998 -3.1593995000000001
-3.8921000000000001 3.2892003000000001 3.0483997
2.8801999999999999 7.5642996 -6.0716004000000003
-3.0341999999999998 -4.9161997 6.1518005999999996
4.4999000000000002 -0.45179950000000002 6.1760000000000002
-2.5655000000000001 6.4455996000000004 -6.1556005000000003
-3.5255000000000001 -1.3662004000000001 -6.1506999999999996
-9.2692999999999994 -1.5818003 -5.3651999999999997
8.3751999999999995 4.3317994999999998 -4.7186003000000003
7.3227000000000002 1.9282005 5.5979999999999999
-5.8017000000000003 -4.1385994000000004 5.9649004999999997
6.7419000000000002 5.3474994000000002 -3.5383005000000001
-3.0428999999999999 -5.7028995 6.1011004
-1.7938000000000001 -6.2072997000000001 6.1016006000000003
-0.4551 -6.4551996999999997 6.0999002000000004
0.70909999999999995 -7.1095996000000001 5.9548006000000004
1.0083 -3.5942997999999999 2.5469002999999999
0.24610000000000001 7.5784006000000002 4.3775997000000002
5.5612000000000004 -6.6463003 -3.5901995000000002
5.2169999999999996 -3.7973002999999999 -3.1129997
8.5174000000000003 -3.6511002000000001 -4.2878995
4.9997999999999996 -1.5551995000000001 6.1755000000000004
7.0965999999999996 -0.81009953999999995 5.9554
7.1096000000000004 0.70900046999999999 5.9547999999999996
5.7808999999999999 1.9429002 3.1908998
4.7847999999999997 2.8431003000000001 3.1140997000000001
2.3711000000000002 2.2079996999999998 -1.8491001
5.1835000000000004 7.0917997000000002 -3.6875005000000001
3.2646999999999999 7.4792994999999998 -3.3526006000000002
1.7621 8.0859000000000005 -3.3994007000000002
0.1081 5.3887 -2.9971006
-1.7958000000000001 8.6369000000000007 -3.7216008
-3.9091999999999998 8.6266999999999996 -4.9360002999999999
-4.8335999999999997 6.6789994000000004 -3.3861005
-5.4355000000000002 4.9088992999999999 -3.2004006
-7.9029999999999996 4.5402994000000003 -5.7677006999999998
-1.1635 0.82170045000000003 6.0826000000000002
7.0381999999999998 2.5855001999999998 4.1780999999999997
9.2744 -1.5190003999999999 -5.3852000000000002
9.1615000000000002 0.3043997 -4.1341999999999999
7.3958000000000004 5.8984994999999998 -4.9263005
1.3480000000000001 -8.9054000000000002 -5.8129996999999998
3.5059 -6.9010005000000003 -3.2696996
-2.6152000000000002 -5.5835999999999997 -3.0853996000000001
1.0688 -6.8188003999999998 -3.1588995
0.31019999999999998 -1.7924994999999999 6.1013000000000002
7.9935999999999998 -1.2346003999999999 -6.0724
-5.7653999999999996 -0.43039954000000002 6.1516999999999999
3.4091 -2.9744994999999999 6.1760000000000002
0.27600000000000002 6.9306992999999997 -6.1557006999999997
-0.71509999999999996 5.3969994000000003 -6.1757007000000002
-9.4258000000000006 -1.0474003999999999 -5.0202
-8.9796999999999993 -2.9921004999999998 -5.1458000000000004
-5.4943999999999997 -3.2402004999999998 -6.1757993999999998
-5.0993000000000004 -3.9672995000000002 6.1017003000000001
8.7527000000000008 3.4149997000000001 -4.5876007000000003
-2.5314999999999999 -4.4743995999999999 6.1793003000000004
-1.4670000000000001 -4.9129996 6.1792005999999997
-0.45269999999999999 -5.1231995000000001 6.1793003000000004
0.88919999999999999 -6.4035997 6.1009007000000004
0.91720000000000002 9.2967999999999993 -5.5012007000000001
2.9217 -4.8273999999999999 3.1252005
5.4653999999999998 -6.0861006 -3.3593996000000002
4.3479000000000001 -2.7409002999999998 -2.9590998000000002
7.7835999999999999 -3.8105001000000001 -3.5904999000000002
3.6673 -0.80359954 6.1710000000000003
-5.4580000000000002 -1.4794004999999999 -6.1765999999999996
6.4036999999999997 0.88860046999999998 6.1009000000000002
6.4004000000000003 2.0775003000000001 3.3395997999999998
5.3955000000000002 3.1536002000000001 3.2165997000000002
2.1396999999999999 2.0912999999999999 -0.037200156999999998
4.8384999999999998 6.6459994 -3.3762004000000001
2.9889999999999999 6.6974998000000001 -3.2014005000000001
1.5345 7.1620993999999998 -3.2005005
0.22450000000000001 4.0678000000000001 -2.6975001999999999
-1.7178 8.0724 -3.3893008
-3.6659999999999999 8.5234000000000005 -4.3122005000000003
-4.2961999999999998 5.9316997999999996 -3.2004006
-4.7938000000000001 4.3368000000000002 -3.1142004000000001
-8.1893999999999991 4.6913995999999996 -5.2656007000000002
-9.3589000000000002 0.67139965000000001 -4.5566000000000004
-5.7774000000000001 1.0581001999999999 3.1587999999999998
1.6941999999999999 -9.2286000000000001 -5.4451995000000002
8.7928999999999995 -2.2808003000000001 -4.0248999999999997
-4.4720000000000004 -2.4051005999999999 -6.1741000000000001
0.54049999999999998 -8.9002999999999997 -5.8553996000000001
-4.2256999999999998 -6.4821004999999996 -3.2691995999999999
-5.5708000000000002 -2.1707003 -3.0674999000000001
-1.7850999999999999 -6.6406999999999998 -3.1562996000000001
-0.34560000000000002 -1.6855996 6.0964999999999998
7.6475999999999997 -2.9301004000000002 -6.0583
-4.5755999999999997 3.5369004999999998 6.1515994000000003
2.7269000000000001 -3.5992994 6.1760006000000001
3.7118000000000002 5.8504996 -6.1560005999999996
5.0400999999999998 0.67959950000000002 -6.1741000000000001
-9.2895000000000003 -0.88630039999999999 -4.4279000000000002
-8.7963000000000005 -2.8019001000000001 -4.2107999999999999
-6.5164 -3.8189006000000001 -6.1338996999999997
-4.1487999999999996 -3.1416995999999999 6.1768999999999998
-0.77170000000000005 -0.38519955 6.0525000000000002
-1.7734000000000001 -3.5342996000000002 6.1730003
-1.0373000000000001 -3.6245995 6.1716002999999997
-0.28100000000000003 -3.7448994999999998 6.1711005999999999
0.61770000000000003 -5.1054997000000002 6.1793003000000004
1.3185 -4.0106999999999999 2.8310002999999999
3.1629 -5.4008994000000001 3.2190006000000002
4.8929 -5.4500003000000001 -3.2003995999999999
3.6261000000000001 -3.1076001999999998 -2.9029999000000002
7.4622999999999999 -3.3342000999999999 -3.3566997000000001
2.1232000000000002 2.2997999999999998 -1.4603001
6.4550999999999998 -0.45569956 6.0998999999999999
5.2000000000000002 0.61190045000000004 6.1755000000000004
6.9458000000000002 2.1329001999999999 3.7902996999999998
5.9955999999999996 3.4456003000000002 3.4496999000000002
2.3016999999999999 2.1027999999999998 1.1515998999999999
4.3221999999999996 5.9187994000000002 -3.2009006000000002
2.6421000000000001 5.8963000000000001 -3.1139003999999999
1.3439000000000001 6.3239999999999998 -3.1142006000000002
-0.050000000000000003 3.5413996999999999 -2.3522002999999998
-1.5129999999999999 7.1658998 -3.2004006
-3.5669 8.0866000000000007 -3.7362008000000002
-3.7871999999999999 5.2396000000000003 -3.1143005000000001
-4.0362999999999998 3.6276999000000001 -3.0021002000000001
-7.8548999999999998 4.7999996999999999 -4.1841005999999998
-1.9463999999999999 7.3101006000000002 5.6092997000000002
-3.0783 0.47249952000000001 -6.1336000000000004
-1.6851 3.1718997999999998 -2.3876002000000001
8.1338000000000008 -4.0865005999999999 -4.0503992999999996
9.234 -2.1242006 -4.9905999999999997
-5.7218999999999998 -6.9572004999999999 -5.8124995000000004
-6.4969000000000001 -4.2038007000000004 -3.2692996999999999
-5.9139999999999997 -0.92580026000000004 -3.0682
-3.1484000000000001 -6.0956999999999999 -3.1546995999999998
-7.2775999999999996 1.9655005000000001 5.6493000000000002
-1.2666999999999999 -8.0238999999999994 -6.0674995999999997
-0.43099999999999999 5.7646002999999997 6.1516995000000003
1.9193 -4.0856995999999999 6.1760006000000001
4.8360000000000003 4.9576992999999998 -6.1561003000000003
5.0613999999999999 -0.53990050000000001 -6.1741000000000001
-8.5740999999999996 -1.1243002 -3.5718999999999999
-8.4595000000000002 -2.6888003 -3.7714998999999998
-7.4732000000000003 -4.2667003000000001 -6.0017996
3.8365 7.5115995 -3.4684005
-0.79190000000000005 4.2320995000000003 -6.1641006000000003
-4.1115000000000004 6.3588003999999998 5.5980996999999997
5.8173000000000004 4.7059006999999999 4.1521996999999997
2.7307000000000001 7.0610002999999999 5.6004996
0.49180000000000001 -3.7144995000000001 6.1708007
1.8653 -5.2080000000000002 3.1097003999999999
3.4474 -5.9951996999999997 3.4500004999999998
4.3131000000000004 -4.8144 -3.1140995
3.1164000000000001 -2.5326002000000001 -2.6763997000000002
6.6860999999999997 -2.9892004000000001 -3.2003998999999999
2.9956999999999998 -0.65610044999999995 -6.1322999999999999
5.2138 -0.48189953000000002 6.1755000000000004
3.6791999999999998 0.74030050000000003 6.1710000000000003
7.3710000000000004 2.3621004000000001 5.1001000000000003
6.4592000000000001 3.6903001999999998 4.0620995000000004
3.7080000000000002 2.8681002000000002 2.9678998000000001
3.8126000000000002 5.2194000000000003 -3.1141005000000002
2.3188 4.8860000000000001 -3.0000005000000001
-6.7561999999999998 2.3445003 3.6495997999999998
0.41610000000000003 3.2161998999999999 -1.8556002
-1.3411 6.3109999999999999 -3.1129004999999998
-3.3487 7.5406994999999997 -3.3885005000000001
-3.0531999999999999 4.4081999999999999 -2.9929001
-2.1254 2.7653997000000001 -2.2802001999999999
-7.5953999999999997 4.4688996999999997 -3.7149003
-6.0805999999999996 1.9287995 -6.1757999999999997
-4.5293999999999999 0.4393995 -6.1703000000000001
-8.2581000000000007 -4.4325004000000003 -5.4564995999999999
4.7496999999999998 -7.6620007000000001 -3.9295995000000001
-1.8774999999999999 4.7148994999999996 -6.1741004000000004
-8.8985000000000003 -1.4859005000000001 -5.806
-7.7949000000000002 -0.48310024000000001 -3.2816999999999998
-1.5944 5.7218 -3.0636005000000002
-5.3718000000000004 -4.3366002999999997 -3.1590997999999999
-1.1393 -1.5263994999999999 6.1052
-2.8988999999999998 -7.6337004000000004 -6.0615997000000004
3.5245000000000002 4.5717005999999998 6.1519994999999996
-4.2823000000000002 -1.3943995 6.1759000000000004
6.4481999999999999 2.5653994 -6.1555999999999997
0.47070000000000001 -5.2869004999999998 -6.1750993999999997
-8.1096000000000004 -0.91230020000000001 -3.3525999999999998
-7.8830999999999998 -2.5167003000000001 -3.3990998000000001
-7.7873000000000001 -4.6795005999999999 -5.7786993999999998
-2.7103999999999999 -7.0751996000000004 5.5914006000000001
-1.8086 -2.3976004 -6.1307999999999998
-2.327 -1.1919005 -6.1166
-1.198 -7.4987992999999999 5.5653005000000002
-1.9339999999999999 2.8734996000000002 -6.1425999999999998
-7.8514999999999997 -5.1601005000000004 -4.5875997999999996
1.9202999999999999 -5.7545995999999997 3.1861004999999998
6.7625999999999999 3.4057004000000002 5.5987996999999998
3.6213000000000002 -4.1550000000000002 -3.0155997000000001
2.8754 -2.0112002000000002 -2.3151999000000001
5.9116 -2.6436001999999998 -3.1152997
2.4416000000000002 1.7322 -0.056800129999999997
3.7559 -0.035199533999999998 6.1711
2.3460999999999999 0.72630050000000002 6.1304999999999996
6.7984 2.1367004000000001 5.9648000000000003
6.7031999999999998 3.8412006000000001 4.8996997000000002
3.7509999999999999 3.5910003000000001 3.0619998000000002
3.2513000000000001 4.3329000000000004 -3.0011003000000001
-2.8048999999999999 -8.9324999999999992 -5.4753995
0.86029999999999995 3.9437997 -2.6850002000000002
0.214 2.9733999999999998 -0.40660024
-1.1873 5.1993 -2.9882004000000002
-2.9699 6.6952996000000002 -3.2004006
-2.2124000000000001 3.2607995999999999 -2.6247003000000002
-2.0746000000000002 2.2256 -1.0820000999999999
-7.1302000000000003 4.1378994000000002 -3.3859002999999999
-7.2034000000000002 2.2889995999999999 -6.1337000000000002
-6.1731999999999996 0.61049949999999997 -6.1790000000000003
-9.3864000000000001 -0.43220043000000002 -5.3922999999999996
1.2181999999999999 -8.9318000000000008 -3.9291991999999998
0.85829999999999995 3.4039001 2.3150997000000002
-8.8374000000000006 0.41399955999999999 -5.8879999999999999
-7.4691999999999998 2.0157997999999999 -3.2690003000000001
5.7861000000000002 1.5024998000000001 -3.0674000000000001
-6.8217999999999996 -1.0683001999999999 -3.1591999999999998
0.37709999999999999 -7.4900994000000001 4.1822004000000002
-6.3103999999999996 5.0974994000000002 -6.0691004
5.7668999999999997 0.43070048 6.1516000000000002
-4.4941000000000004 -0.49039949999999999 6.1760000000000002
6.9276 -0.27810049999999997 -6.1558000000000002
-5.4085000000000001 -0.77230049999999995 -6.1757999999999997
-7.2948000000000004 -0.76020025999999996 -3.2014
-6.9695999999999998 -2.2522001 -3.2004997999999998
-7.8884999999999996 -5.1407002999999998 -5.3109994
5.5696000000000003 1.1294995999999999 -6.1767000000000003
-3.7099000000000002 -5.1979002999999997 -6.1754993999999996
-1.1059000000000001 -2.5220006000000001 -6.1219000000000001
-7.3250999999999999 -1.9430995 5.5885999999999996
-4.0384000000000002 -6.4522995999999999 5.5397005000000004
0.25069999999999998 -2.8411005 -6.1257999999999999
2.0728 -6.3981995999999999 3.3377004000000001
3.6905999999999999 -6.4589996000000003 4.0620003000000002
3.0264000000000002 -3.7362003000000001 -2.9082997000000002
2.4708000000000001 -2.0316002000000002 -1.7303998
4.9790999999999999 -2.4178001999999998 -3.0195997000000001
6.2529000000000003 -1.2343005 -6.1759000000000004
-0.52359999999999995 9.3853000000000009 -4.5980005000000004
1.2104999999999999 -0.17509954 6.0731000000000002
6.0773000000000001 2.1934003999999998 6.1017000000000001
6.2047999999999996 3.5051005000000002 5.9647994000000004
4.7994000000000003 4.3458003999999999 3.2724997999999998
2.4702999999999999 3.2406997999999998 -2.6972003
1.5899000000000001 2.8396002999999999 1.6752997999999999
1.4571000000000001 4.6223000000000001 3.0021996
0.2351 3.0924 1.0533998
-0.6149 3.5381996999999998 -2.3874002000000001
-2.6448999999999998 5.9143999999999997 -3.1156006000000001
-1.5465 2.6562000000000001 -1.2415003
-1.9930000000000001 2.3058000000000001 0.67249983999999996
-6.3372999999999999 3.6714997 -3.2004003999999999
-8.2052999999999994 2.5729994999999999 -6.0023999999999997
-7.5209999999999999 0.7412995 -6.1337999999999999
2.9933999999999998 1.2530999 -1.8590001
-4.2929000000000004 -7.8732004 -3.8640995
-1.8493999999999999 -5.3067007000000004 -6.1764994
-8.7104999999999997 1.3710994999999999 -5.9017999999999997
-0.3921 7.7284993999999996 -3.2693004999999999
1.6001000000000001 -5.7102000000000004 -3.0626996000000002
6.1561000000000003 3.1225998000000001 -3.1590001999999999
-1.4424999999999999 -0.90019952999999997 6.0956000000000001
5.1208 6.3469996000000002 -6.0631003000000003
4.5738000000000003 -3.5404993999999999 6.1515006999999997
3.1979000000000002 3.2495004999999999 6.1761993999999998
6.8666999999999998 -0.99700045999999998 -6.1555999999999997
-4.8612000000000002 2.4194996 -6.1756000000000002
-6.4294000000000002 -0.66520022999999995 -3.1141000000000001
-6.1479999999999997 -1.9919001999999999 -3.1139998000000002
6.7049000000000003 -6.6309003999999998 -4.7244997
-2.4563999999999999 -1.8417003999999999 -6.1325000000000003
-4.3994 -6.1393003000000004 -6.1338996999999997
-1.0258 9.4116 -4.9029007
-1.2613000000000001 -6.2240004999999998 -6.1767992999999999
1.3665 -3.6427003999999998 -6.1534996
0.44750000000000001 7.5494003000000003 5.6127995999999998
2.1324999999999998 -6.9458995000000003 3.7903004
3.8412000000000002 -6.7030997000000001 4.8997006000000001
2.8938000000000001 -3.0378002999999998 -2.7333999000000002
2.1543999999999999 -2.1373000000000002 -1.0148998
4.2817999999999996 -2.0447001 -2.8970997000000001
7.3998999999999997 -1.5192003999999999 -6.1338999999999997
5.2584 7.8082995000000004 -4.6260003999999997
-1.8869 -3.7558004999999999 -6.1614994999999997
4.9545000000000003 1.6749004999999999 6.1757999999999997
5.4856999999999996 3.4100006 6.1018996000000003
5.3693999999999997 4.7776002999999996 3.6889994000000002
1.7384999999999999 3.0976998999999998 -2.3592002000000001
2.2682000000000002 3.2224002 2.7112997000000001
0.93689999999999996 5.1200999999999999 3.0636994999999998
-0.074300000000000005 3.2754002 1.7618997000000001
-0.023599999999999999 3.0716999999999999 -1.2370002
-1.8556999999999999 -4.5391000000000004 3.0156002000000002
-1.6564000000000001 2.4935 -0.55100020000000005
-2.0451000000000001 2.5790001999999999 1.8241997999999999
-5.5899999999999999 3.2434997999999999 -3.1140002999999998
-8.7235999999999994 2.5415994999999998 -5.7765000000000004
-8.5645000000000007 0.88329950000000002 -6.0014000000000003
4.0724999999999998 -3.9677004999999999 -6.1766996000000001
-7.5926 -4.9953003000000002 -4.0312995999999996
2.4529000000000001 -5.3124000000000002 3.1552004999999999
-6.5162000000000004 6.3372992999999997 -5.7743006000000001
2.0283000000000002 7.4715996000000002 -3.2700005000000001
-5.7843 -1.5363001999999999 -3.0680999999999998
-6.1539000000000001 -3.1257001999999998 -3.1588997999999999
-3.5304000000000002 -8.6951000000000001 -4.5599995
6.3657000000000004 -5.1155004999999996 -6.0614996000000003
0.4335 -5.7667994 6.1516004000000004
-3.1978 -3.2495995 6.1762003999999999
4.9600999999999997 -4.8320002999999998 -6.1560993000000002
-4.7481999999999998 -0.99260026000000001 -2.9140000000000001
-5.3928000000000003 -0.59390025999999996 -3.0019999999999998
-5.1440000000000001 -1.6619003000000001 -2.9988996999999999
-8.1723999999999997 -4.7771005999999998 -4.8995996000000002
-3.2793999999999999 -2.8313005000000002 -6.1647999999999996
-5.0875000000000004 -6.9379004999999996 -6.0020994999999999
-2.4754 -5.7273006000000004 -6.1790995999999998
-1.5216000000000001 -7.3955007000000004 -6.1339993000000002
-0.26269999999999999 -1.3447005000000001 -6.0675999999999997
1.3956 -6.1618003999999997 -6.1778994000000003
2.3620999999999999 -7.3709993000000003 5.1001004999999999
3.5051999999999999 -6.2048993000000001 5.9647006999999999
1.9618 -2.5127003000000001 -1.6871997000000001
2.3567999999999998 -1.8267 -0.34619983999999998
3.2458 -1.5893003000000001 -2.4027997999999999
8.3820999999999994 -1.6674005000000001 -6.0095999999999998
4.9539999999999997 1.2858995 -6.1742999999999997
2.8645 0.56149954000000002 -6.1283000000000003
3.4390999999999998 1.4602004 6.1704999999999997
4.3612000000000002 2.6603005 6.1791
5.5594000000000001 5.1671003999999998 4.3878994000000002
1.9221999999999999 2.3473999999999999 -1.0063001
2.2387000000000001 4.8651999999999997 3.0844996
1.3098000000000001 6.3181004999999999 3.2671994999999998
0.379 3.6395000999999998 2.4701998000000001
-0.1527 3.0017999999999998 0.36869975999999999
-1.7309000000000001 3.7375997999999999 -2.7100002999999999
5.7987000000000002 0.6956002 3.1536
-2.742 2.9923003000000001 2.7613997000000001
-4.6573000000000002 2.7093997000000001 -2.9962002999999999
-9.0986999999999991 2.4773996 -5.2523
-9.1184999999999992 0.96799959999999996 -5.7053000000000003
-7.6529999999999996 -5.5768003000000004 -4.9087996
-8.9659999999999993 -1.4069004000000001 -4.0143000000000004
0.17449999999999999 5.1577997 -6.1745004999999997
-4.0561999999999996 7.8179993999999997 -5.9066004999999997
2.7856999999999998 7.2178993 -3.2691004000000001
-4.2084999999999999 4.2455999999999996 -3.0674001999999998
-6.8994 0.37329974999999999 -3.1596000000000002
-1.6422000000000001 -0.20209953 6.0933999999999999
-5.0709999999999997 -6.3029003000000001 -6.0721993000000003
-3.5245000000000002 -4.5716995999999996 6.1520004000000004
-3.9398 2.2278004 6.1760000000000002
2.5638999999999998 -6.4339003999999997 -6.1560993000000002
3.7890000000000001 3.6144995999999998 -6.1748003999999996
-4.1957000000000004 -0.51460015999999997 -2.7423999999999999
-3.8319999999999999 -1.0828002999999999 -2.6533000000000002
-8.0974000000000004 -4.5332002999999998 -4.3163995999999996
-4.5753000000000004 -4.1970004999999997 -6.1789994000000004
-5.2054999999999998 -7.4458003000000001 -5.7785997
-3.0293000000000001 -6.9269004000000001 -6.1336994000000002
-1.8245 -8.4080999999999992 -6.0020994999999999
-1.8833 -1.6537005 -6.1123000000000003
1.6192 -7.3736005000000002 -6.1340994999999996
2.1366999999999998 -6.7983994000000001 5.9648003999999997
3.1720000000000002 -2.8796997000000002 2.8577002999999999
1.8601000000000001 -2.3317999999999999 -0.30209982000000002
2.1427 -2.1082999999999998 0.37480015
2.597 -1.5820000999999999 -1.0701997999999999
-3.2103000000000002 -0.53809989999999996 1.6868000000000001
-1.9379999999999999 -7.2259994000000001 4.1505003
7.484 1.1862005 5.5900999999999996
-7.4377000000000004 1.9369004000000001 4.6912000000000003
3.1004 2.1017005000000002 6.1707999999999998
5.7512999999999996 5.1876005999999997 5.0251994
1.9409000000000001 2.3092999999999999 0.46169979999999999
2.5148999999999999 5.6961006999999997 3.2106995999999999
1.3367 7.5282005999999999 4.5477996000000003
-4.8440000000000003 1.6586995 -6.1742999999999997
-0.76529999999999998 3.1897001 1.7784997
-0.84699999999999998 2.9769999999999999 -1.3358003000000001
-1.732 2.5988000000000002 1.1849997000000001
-3.3090000000000002 3.0965001999999999 2.9332997999999999
-3.5152999999999999 2.1467998000000001 -2.7104002999999999
5.6932999999999998 0.41929949999999999 -6.1768000000000001
-9.4018999999999995 1.0849997 -5.1443000000000003
-3.4049 2.7087998 -2.7800001999999999
-8.9795999999999996 -0.4668003 -3.9014000000000002
3.6044999999999998 -4.4082002999999998 -6.1767992999999999
0.53410000000000002 8.9830000000000005 -5.8167004999999996
6.9001999999999999 3.5037997000000001 -3.2694000999999999
-2.7915999999999999 5.4226999999999999 -3.0792004999999998
-6.8173000000000004 1.0918998 -3.1591
-2.7046999999999999 7.0520005000000001 5.6271996
-5.157 6.3196992999999999 -6.0628004000000004
-3.7372999999999998 4.4109005999999997 6.1516995000000003
3.8570000000000002 2.0946004 6.1753
-0.28189999999999998 -6.9000006000000003 -6.1567993000000003
4.5693999999999999 -2.6263006 -6.1749000000000001
-3.2033 -0.01740013 -1.7347999999999999
-3.3317000000000001 -1.0002002000000001 -2.2635999999999998
-7.6694000000000004 -4.3899007000000001 -3.7349996999999999
-5.5857999999999999 -5.0950002999999997 -6.1336994000000002
-5.1051000000000002 -7.9117002000000003 -5.3106995000000001
-3.4956 -7.8889003000000004 -5.9958996999999998
-1.6506000000000001 -8.9717000000000002 -5.7498994000000003
-1.1492 7.4828004999999997 5.6006993999999999
1.7553000000000001 -8.4216999999999995 -6.0022992999999998
2.194 -6.0773997 6.1016006000000003
3.4102000000000001 -5.4879993999999996 6.1016006000000003
1.9043000000000001 -2.4527999999999999 1.0826001999999999
2.4792999999999998 -1.8843999 1.1389001999999999
2.6168999999999998 -1.4831000000000001 0.34800009999999998
9.0305999999999997 -2.2614005000000001 -5.5292000000000003
-5.7876000000000003 4.8960004000000001 5.5878997000000004
6.1214000000000004 1.4678996 -6.1787000000000001
1.9453 1.4432005000000001 6.1295000000000002
5.3384 4.7316003000000002 5.9609994999999998
-4.9919000000000002 8.0223999999999993 -5.1814003
2.7927 6.3091005999999998 3.4404995
1.6389 7.5578003000000002 5.1424994000000002
0.1678 4.9664000000000001 3.0300995999999998
-0.56089999999999995 5.1475 3.0592994999999998
-1.1206 2.903 1.1327997000000001
-2.4472999999999998 5.2906000000000004 3.1519995000000001
-4.1551 3.8103004 3.1241998999999998
-2.8620000000000001 1.4510999 -1.7691001
-9.0114000000000001 2.8996993999999998 -4.8935000000000004
-9.1199999999999992 1.1304996 -4.1607000000000003
-9.4717000000000002 0.21419963 -4.9955999999999996
-8.8076000000000008 1.6399996999999999 -3.8529002999999999
-3.2854999999999999 4.7028995 -6.1770005000000001
1.3124 8.8177000000000003 -5.8563004000000003
7.7317999999999998 0.37979974999999999 -3.2698
4.2366000000000001 4.1677 -3.0640000999999999
0.37369999999999998 6.8950996 -3.1592004
1.7876000000000001 -0.41189956999999999 6.1018999999999997
6.2649999999999997 5.1149993 -6.0724005999999999
4.4047999999999998 3.7389003999999999 6.1517996999999998
3.9398 -2.2271996000000001 6.1760000000000002
-3.7128000000000001 -5.8566003000000002 -6.1557994000000003
-0.39500000000000002 -2.9771999999999998 0.27190024000000002
-3.1025 -0.106799915 1.0771999999999999
-3.1263000000000001 -0.74960009999999999 -1.7876000000000001
-7.1496000000000004 -4.1179003999999999 -3.3883998000000002
-6.3918999999999997 -5.7780003999999998 -6.0004996999999998
2.4704000000000002 9.0968 -4.6998005000000003
-3.7477999999999998 -8.3805999999999994 -5.6923994999999996
-1.5848 -9.2888000000000002 -5.2834997000000001
0.067500000000000004 -6.3200006000000002 -6.1778994000000003
2.1486000000000001 -8.8658999999999999 -5.7493996999999997
1.665 -4.8648996000000002 6.1793003000000004
2.6398999999999999 -4.4123992999999997 6.1793003000000004
2.1482999999999999 -2.7273998000000002 2.2287002
2.5619000000000001 -2.1525998 1.9462001
2.8839000000000001 -1.5733999000000001 1.7965001
9.1527999999999992 -1.8454003000000001 -4.4404000000000003
6.2944000000000004 0.06839953 -6.1787999999999998
7.3776000000000002 1.6222996000000001 -6.1338999999999997
4.6401000000000003 2.3309996000000002 -6.1745999999999999
-6.2819000000000003 4.0927005000000003 4.1784996999999997
4.6566999999999998 4.4810004000000001 6.1013994
3.2208999999999999 3.9098003000000001 3.0442998000000001
-7.0753000000000004 -2.6756994999999999 5.6101000000000001
1.5477000000000001 6.9536004 5.9662994999999999
-0.16300000000000001 5.5561999999999996 3.1134995999999999
-1.2213000000000001 5.4217000000000004 3.1128995000000002
-1.7329000000000001 3.0497003 2.3014998000000002
-2.8248000000000002 4.1878000000000002 3.0421999
-4.6783000000000001 4.1908006999999996 3.2241998000000001
-2.6429999999999998 1.3824000000000001 -0.30640012
-8.7705000000000002 3.0084998999999999 -4.3013000000000003
-8.7329000000000008 0.94349970000000005 -3.6871
-3.3620999999999999 8.7832000000000008 -5.3566003000000002
1.3589 9.0174000000000003 -4.0725007
-2.6701999999999999 -1.3857999999999999 -0.71829986999999995
6.2477999999999998 6.4674997000000003 -5.8203006000000004
7.4394999999999998 -2.1200000999999999 -3.2686996000000001
5.3141999999999996 2.7082999000000001 -3.0661000999999999
1.0911999999999999 6.8186993999999999 -3.1592004
0.38519999999999999 1.6542003999999999 6.0955000000000004
5.1201999999999996 -6.3150005 -6.0665994000000003
3.7372000000000001 -4.4113993999999996 6.1516004000000004
-3.8569 -2.0947995000000001 6.1753
-4.8300999999999998 -4.9536004 -6.1562995999999996
-3.5400999999999998 3.7727995000000001 -6.1745004999999997
-1.2543 -4.9461006999999997 -6.1741995999999997
-2.8895 -0.8191001 -0.65949994000000001
-6.3472999999999997 -3.6530003999999998 -3.2002997
-6.8345000000000002 -6.1236005000000002 -5.6964993000000002
-5.5152000000000001 -7.6930002999999996 -4.8993998000000003
9.4070999999999998 0.57279959999999996 -4.6863000000000001
-1.9278999999999999 -9.266 -4.8847994999999997
0.049200000000000001 -7.5571003000000001 -6.1337995999999997
2.3371 -9.1290999999999993 -5.2811994999999996
1.2518 -3.4956993999999999 6.1698003000000003
1.9635 -3.1059994999999998 6.1685999999999996
4.3628 -4.8188995999999999 3.2790005
2.9647999999999999 -2.1067998000000001 2.4503002
3.9912000000000001 -2.0281997 2.9217002000000001
8.3985000000000003 -2.0286002000000001 -3.5655996999999999
7.5533000000000001 0.051699538000000003 -6.1338999999999997
8.3310999999999993 1.8862995 -6.0102000000000002
-4.7060000000000004 5.8172006999999999 4.1522994000000004
2.5831 -4.3731 -2.9490997999999999
3.7879999999999998 3.4906006000000001 6.1791996999999999
3.04 4.5655999999999999 3.1032999000000001
3.0110000000000001 6.7926006000000001 4.0444994000000003
1.1382000000000001 6.3599005000000002 6.1016994000000002
-0.061499999999999999 6.0938005000000004 3.1901996000000001
-1.3304 6.1058006000000002 3.2164996000000001
-1.6615 4.3440000000000003 2.9600996999999998
-3.5041000000000002 4.3438999999999997 3.1167997999999999
-5.1341999999999999 4.6374006000000003 3.4515997999999999
-2.8679999999999999 1.6164000999999999 1.8167998999999999
-8.3743999999999996 2.7786998999999999 -3.7238001999999999
-8.1747999999999994 0.86729973999999999 -3.3761000000000001
8.9992000000000001 2.6186995999999998 -5.4565000000000001
3.2633000000000001 8.4673999999999996 -4.0126004000000002
7.6231999999999998 -5.4397006000000001 -5.4731994000000004
7.8628 4.0322994999999997 -5.8930005999999997
0.39589999999999997 -7.7303004 -3.2696996
4.1985000000000001 -4.2591000000000001 -3.0675998
6.8250999999999999 -0.37870023000000003 -3.1522000000000001
6.2808999999999999 -4.0963992999999999 4.1805005
-6.3653000000000004 -5.1639004000000002 -6.0572996000000003
-4.4047000000000001 -3.7388995 6.1518005999999996
0.108 2.4525994999999998 -6.1104000000000003
-6.4265999999999996 -2.5603006000000001 -6.1562999999999999
1.8378000000000001 5.0723995999999998 -6.1755003999999998
-5.6708999999999996 -0.55179979999999995 3.1328
-2.9352 -0.59819999999999995 -0.012599954999999999
-5.5989000000000004 -3.2277002000000001 -3.1139998000000002
-7.0186999999999999 -6.3489003000000004 -5.1591997000000003
-5.5513000000000003 -7.4368005000000004 -4.3165994000000003
-3.8123 -8.6615000000000002 -5.1585993999999999
-2.0758999999999999 -9.0398999999999994 -4.3081994000000003
0.0071999999999999998 -8.6176999999999992 -6.0003995999999997
-4.2222 -8.4308999999999994 -4.7173996000000002
7.0651000000000002 -2.7251995 5.5975999999999999
-5.9638 7.2975992999999999 -4.6879004999999996
4.7789000000000001 -5.3716993000000004 3.6922003999999999
3.4681000000000002 -2.2752998 2.8013002999999999
5.2465999999999999 0.07129953 -6.1748000000000003
7.8757999999999999 -1.7545002999999999 -3.3253998999999999
8.6281999999999996 -0.058800449999999997 -5.9950000000000001
9.1788000000000007 1.7437997000000001 -5.4936999999999996
8.6452000000000009 3.8637996000000001 -4.9088006000000002
5.0289000000000001 3.7180995999999999 -6.1792005999999997
2.7433999999999998 2.7295004999999999 6.1726000000000001
3.5276000000000001 4.9714003 3.1904995
3.1288999999999998 7.0638002999999996 4.8965993000000001
0.99960000000000004 5.1388005999999997 6.1754993999999996
0.00059999999999999995 6.7244004999999998 3.3367996
-1.4238999999999999 6.7669005000000002 3.4496996000000002
-2.2947000000000002 4.6379000000000001 3.0595998999999998
-3.6499000000000001 4.8994007000000002 3.1924996000000001
7.0738000000000003 2.6729004000000001 5.6136999999999997
-0.9516 -2.8685999999999998 0.48270020000000002
-7.8352000000000004 2.5625996999999998 -3.3857002
-7.2869000000000002 0.78349979999999997 -3.2008999999999999
3.2161 3.2836002999999998 2.9479997
8.8803999999999998 -1.4089003 -3.9009999999999998
-1.5031000000000001 -4.2112993999999997 6.1757007000000002
9.0332000000000008 -0.39630043999999998 -5.7965
-2.0154000000000001 -7.4696007 -3.2689995999999999
2.7982999999999998 -5.4215999999999998 -3.0794994999999998
6.7759999999999998 -1.1118002 -3.1553
-7.8547000000000002 2.0900995999999998 -6.0667999999999997
-2.1945000000000001 5.3485003000000004 6.1516995000000003
-1.3474999999999999 2.8694004999999998 6.1528
-4.9622000000000002 -2.9062003999999999 -6.1769999999999996
-5.8391999999999999 3.7102995000000001 -6.1563005000000004
4.2039999999999997 2.4630003 3.0077999000000002
-6.4295 -0.67449974999999995 3.2698999999999998
-2.9853000000000001 -0.50929992999999996 0.54710007000000005
-3.2568999999999999 -1.6129003 -2.4168997000000001
-6.9570999999999996 -6.0231003999999997 -4.1775994000000001
-5.2206000000000001 -7.1298003000000003 -3.7348995
-3.9102999999999999 -8.3268000000000004 -4.1739993000000002
-1.8937999999999999 -8.6213999999999995 -3.7272992
-0.1027 -9.1951999999999998 -5.6697993000000002
2.0087999999999999 -9.2490000000000006 -4.8862996000000001
7.2267000000000001 -1.9397997 4.1524999999999999
3.0699999999999998 -0.16820009 -1.2589999999999999
5.1668000000000003 -5.5597997000000001 4.3881005999999996
4.5109000000000004 -3.0861998000000002 3.1004002000000002
5.2060000000000004 -2.1892998000000001 3.1260002
7.2321999999999997 -1.5558002 -3.2086000000000001
9.1805000000000003 0.15149957 -5.6839000000000004
9.1195000000000004 1.9991996000000001 -4.4347000000000003
4.8960999999999997 5.7875003999999999 5.5877995
6.0803000000000003 4.4803996000000001 -6.1339005999999996
1.0549999999999999 0.82279950000000002 -6.0660999999999996
3.9468000000000001 5.4466004000000003 3.3381995999999998
2.9540999999999999 6.4883002999999997 5.9633994000000001
7.6969000000000003 3.7867997 -3.5270001999999998
0.12709999999999999 7.2505006999999999 3.7730994
2.6728999999999998 -7.0737996000000001 5.6137003999999999
-2.6516999999999999 5.9085007000000003 3.2728996000000001
-3.9609000000000001 5.4372005000000003 3.3384995000000002
-5.5096999999999996 4.9908004000000004 4.0523996000000002
-3.8900999999999999 2.6918004 2.9771998000000002
-6.9619999999999997 2.2735998999999998 -3.2004003999999999
-6.4238999999999997 0.68239974999999997 -3.1137000000000001
1.2666999999999999 -5.5278006 -6.1766996000000001
8.2754999999999992 -3.4363003000000001 -3.8550996999999998
4.6703000000000001 -0.64930019999999999 -2.8883999999999999
8.8727 -1.5669005 -5.8120000000000003
-2.7858000000000001 -7.2169002999999998 -3.2688994
-4.2516999999999996 -4.2270000000000003 -3.0690997000000002
-0.37430000000000002 -6.8942002999999996 -3.1590995999999998
2.0911 7.8905997000000001 -6.0620003000000002
5.3472999999999997 2.1850003999999998 6.1519000000000004
1.3021 -2.6241995999999999 6.1454000000000004
-4.2767999999999997 8.3598999999999997 -4.5769004999999998
-4.4214000000000002 5.3301996999999997 -6.1561003000000003
4.6334 1.6992996 -6.1734999999999998
-7.1670999999999996 -0.70499970000000001 3.7073
-5.1448 0.11499953 -6.1744000000000003
-2.7660999999999998 -1.7793999 1.8157002
-6.5819999999999999 -5.8727007000000002 -3.7211995
-4.8562000000000003 -6.6699004000000004 -3.3882995
-3.6404000000000001 -8.0234000000000005 -3.7127992999999999
-1.7309000000000001 -8.0614000000000008 -3.3862994
-9.0823999999999998 -2.5166000999999998 -4.6864999999999997
1.7977000000000001 -9.1052 -4.3195996000000001
-0.072700000000000001 -3.8961996999999999 2.6928003
-2.9222999999999999 -1.4539005 -6.1375000000000002
5.1870000000000003 -5.7517996 5.0248002999999999
4.8956999999999997 -3.5091999 3.1798003000000001
5.7324000000000002 -2.5096997999999999 3.2187001999999998
6.3333000000000004 -1.4336002000000001 -3.1173000000000002
-2.5743999999999998 -4.8324002999999998 -6.1757993999999998
8.5686999999999998 1.5529997 -3.6272000000000002
5.7434000000000003 2.5852995000000001 -6.1787000000000001
6.8484999999999996 5.1279992999999999 -6.0083003000000001
2.1097999999999999 1.5789994999999999 -6.1173000000000002
4.3307000000000002 5.8292003000000001 3.7833996000000001
2.4340999999999999 5.9840007000000002 6.1017995000000003
0.0037000000000000002 2.4149004999999999 6.1292
0.12330000000000001 7.7409005000000004 5.0653996000000001
-1.5127999999999999 7.2837005000000001 4.0622996999999996
-2.8845999999999998 6.5847005999999997 3.6910994000000001
-4.2069999999999999 5.9146004000000003 3.7785994999999999
-5.7190000000000003 5.1906004000000001 4.8852997
-4.6421999999999999 2.5040002000000001 3.0734997000000002
-6.1421999999999999 2.0111997000000001 -3.1141002000000002
-5.3525 0.44759977000000001 -2.9943
0.25509999999999999 9.3704999999999998 -5.4557003999999996
-1.3777999999999999 -8.9976000000000003 -4.0500993999999997
2.9481999999999999 -0.51890004000000001 -0.54749994999999996
6.2644000000000002 -6.2326006999999999 -5.8928995000000004
-6.9013999999999998 -3.5042002000000001 -3.2695997000000001
-5.3952 -2.7579001999999999 -3.0752997
-1.0914999999999999 -6.8152002999999999 -3.1588995
7.8897000000000004 -2.0856004000000001 -6.0622999999999996
2.1918000000000002 -5.3493995999999999 6.1517004999999996
-2.9163000000000001 0.91460050000000004 6.1492000000000004
-1.3318000000000001 -1.7869005 -6.1016000000000004
4.2983000000000002 5.4394993999999999 -6.1558003000000001
-7.4802 0.30140032999999999 4.1580000000000004
-7.5491999999999999 -0.98269963000000005 4.4553000000000003
-3.4072 -0.74819979999999997 2.2584
-4.6721000000000004 -2.2363997000000002 3.0602002000000001
-6.1319999999999997 -5.5238003999999998 -3.3892996000000002
-4.3143000000000002 -5.9184003000000001 -3.2003995999999999
-3.3685 -7.5238003999999998 -3.3855995999999999
-1.5321 -7.1586002999999998 -3.2000994999999999
-0.1704 -9.2047000000000008 -4.1827993000000001
1.7998000000000001 -8.6547000000000001 -3.7378993
1.222 7.4595003000000002 5.6182995
-0.70469999999999999 -1.9371004999999999 -6.0952000000000002
4.7309000000000001 -5.3409996 5.9600004999999996
5.4173999999999998 -3.9322998999999998 3.3270000999999998
6.3133999999999997 -2.8185997 3.4488002999999998
5.3116000000000003 -1.0966003 -3.0017999999999998
8.1919000000000004 -0.095300250000000003 -3.3662000000000001
8.0153999999999996 1.7058997 -3.3654003000000001
6.8879999999999999 3.1192994000000001 -6.1336000000000004
2.1288 -7.3014994 4.4385003999999997
5.7817999999999996 -4.9098997000000004 5.5814003999999997
4.5895000000000001 6.0751004000000002 4.4539995000000001
2.0204 4.7185005999999996 6.1791996999999999
-2.7019000000000002 -3.3476005 -6.1639996000000004
0.071099999999999997 7.1248006999999998 5.9653996999999999
-1.5801000000000001 7.5628004000000004 4.9027995999999998
-3.1937000000000002 6.8924003000000003 4.4046992999999999
-4.3761000000000001 6.2175007000000004 4.4227996000000003
-5.2652000000000001 4.8266005999999999 5.9553995000000004
-5.6317000000000004 3.2280001999999999 3.2766997999999998
-5.1062000000000003 1.7553996999999999 -2.9985002999999999
-3.4672000000000001 0.41629981999999999 -2.2854000000000001
2.0192999999999999 9.2629000000000001 -4.9956006999999998
-3.2480000000000002 -8.4855999999999998 -4.0280994999999997
3.5821999999999998 2.7374005000000001 6.1759000000000004
4.1210000000000004 -7.8914002999999999 -5.8620995999999996
-7.7180999999999997 0.52659975999999997 -3.2688000000000001
-5.9724000000000004 -0.31210022999999998 -3.0676999999999999
-5.7835999999999999 3.7708998 -3.1591003
-2.0695999999999999 -7.8206005000000003 -6.0721993000000003
-5.3472999999999997 -2.1849995 6.1519000000000004
-2.6324000000000001 1.5640004999999999 6.1494
-0.43530000000000002 -4.7831999999999999 -2.9069995999999998
5.3266999999999998 4.4213996 -6.1562004000000004
1.7782 -5.0266004000000004 -6.1751994999999997
-7.6844000000000001 -0.94199960000000005 5.04
-0.4194 2.9882 -0.81620026000000001
-4.7454999999999998 -2.9029999000000002 3.1140002999999998
-5.4497 -4.8935003000000004 -3.2003995999999999
-3.8182 -5.2252000000000001 -3.1148996000000002
-2.9872000000000001 -6.6740003000000003 -3.1991993999999999
-1.3412999999999999 -6.3448000000000002 -3.1161995
-0.0395 -8.8216999999999999 -3.7217994000000001
1.7068000000000001 -8.0728000000000009 -3.3886992999999999
2.6541000000000001 -5.7899003000000002 -6.1760992999999997
-8.2904 3.4677997 -3.8889003
4.4802999999999997 -4.6619997 6.1008005000000001
5.8273999999999999 -4.3306994000000003 3.7816002000000002
-2.3694999999999999 -1.8546 -0.72219986000000003
4.5414000000000003 -1.2974002 -2.8908999999999998
7.3143000000000002 -0.012500241 -3.1993999999999998
7.1664000000000003 1.5121998000000001 -3.2004000000000001
8.1393000000000004 3.4552996 -5.8928003000000002
-2.8048000000000002 9.0504999999999995 -4.9828004999999997
4.1363000000000003 4.7302995000000001 -6.1791004999999997
4.6090999999999998 6.1884002999999996 5.2332996999999999
-8.4235000000000007 -0.43320027 -3.4685000000000001
0.44259999999999999 4.5007997 -6.1696004999999996
-0.20880000000000001 6.4575005000000001 6.1016994000000002
-1.4249000000000001 6.9755006000000002 5.9690994999999996
-3.1301000000000001 7.0801005000000004 5.0974994000000002
-4.5965999999999996 6.2279004999999996 5.0905994999999997
-4.9546999999999999 4.1625003999999999 6.0998992999999997
-6.2149000000000001 3.6219003000000001 3.6956997
-3.8031999999999999 1.4878998000000001 -2.7004000000000001
-3.254 0.26930013000000003 1.7197
4.6691000000000003 -3.2896003999999999 -6.1767992999999999
-2.4018000000000002 8.7773000000000003 -4.0468006000000001
-2.5350999999999999 -2.5419002000000002 -2.3867997999999999
-0.47839999999999999 -8.8100000000000005 -5.8992996
-6.8876999999999997 3.5254998 -3.2692003000000001
-5.5738000000000003 2.1751996999999998 -3.0679002
-5.3578000000000001 4.3549994999999999 -3.1591003
-6.8639999999999999 4.4471993000000003 -6.0598006
-5.7272999999999996 0.77720045999999998 6.1516999999999999
-2.3805999999999998 2.1110004999999998 6.1531000000000002
-2.1263000000000001 -0.46330043999999998 -6.0994999999999999
5.8615000000000004 -3.7044005000000002 -6.1557994000000003
2.4584999999999999 -3.3289998000000001 2.7956002
-7.0970000000000004 -0.69559950000000004 5.9626000000000001
-4.8254999999999999 -1.5080998000000001 3.0423
-5.3917000000000002 -3.1609997999999999 3.2168002000000002
-4.8108000000000004 -4.3201000000000001 -3.1142998
-3.2410999999999999 -4.3261000000000003 -2.9992998000000002
1.5032000000000001 4.2113003999999998 6.1756997
2.3793000000000002 1.8583000000000001 0.47889984000000002
0.0016999999999999999 -8.2531999999999996 -3.3892994000000001
1.5126999999999999 -7.1658005999999999 -3.2003995999999999
3.1202999999999999 -6.8879004000000004 -6.1335997999999998
7.5601000000000003 -0.55929960000000001 5.5877999999999997
3.4984000000000002 -3.7700996 6.1793003000000004
6.0735000000000001 -4.5907992999999996 4.4528002999999998
6.7877000000000001 -3.0387998000000001 4.0567000000000002
3.984 -0.82860016999999997 -2.6947000000000001
6.3322000000000003 0.057599763999999998 -3.1015000000000001
6.3285999999999998 1.3202997000000001 -3.1143000000000001
8.4110999999999994 4.0894994999999996 -5.4792003999999999
7.8609999999999998 5.1008997000000003 -5.4558004999999996
5.0160999999999998 5.6462994000000002 -6.1339005999999996
4.2732999999999999 5.8189006000000001 5.9114994999999997
-6.7611999999999997 -6.5113006000000002 -4.5650997000000002
0.54769999999999996 6.2659992999999998 -6.1789002000000002
-0.081199999999999994 5.2355003 6.1754993999999996
-1.5575000000000001 6.2639003000000004 6.1026997999999999
-2.8515000000000001 6.5236006 5.9692993000000003
-4.1391999999999998 5.8016005000000002 5.9646996999999997
-3.9428000000000001 3.4472005000000001 6.1754993999999996
-6.6410999999999998 3.6853004 4.4028996999999999
-3.3355999999999999 1.0789998999999999 -2.3054999999999999
-3.9771000000000001 0.77090020000000004 2.7589000000000001
-5.7108999999999996 -7.4389004999999999 -5.4508995999999996
8.7554999999999996 2.1495997999999998 -3.9306002000000002
-1.0878000000000001 4.7293000000000003 3.0038998000000001
-6.2336999999999998 -6.3592005 -5.8609996000000004
-1.9944999999999999 7.4789995999999999 -3.2697004999999999
-3.2273999999999998 5.0519999999999996 -3.0690005
3.7743000000000002 5.7880992999999998 -3.1597004000000002
4.4188000000000001 6.8613996999999998 -6.0622005000000003
-5.6154000000000002 1.3724004999999999 6.1516999999999999
-1.8422000000000001 2.4624003999999999 6.1497999999999999
-2.2824 0.27519956000000001 -6.1043000000000003
4.4173999999999998 -5.3263005999999997 -6.1562995999999996
-4.2664999999999997 -3.3209004000000002 -6.1754993999999996
-6.4013 -0.8874995 6.1013999999999999
-5.2461000000000002 -1.9163996999999999 3.1173003000000001
-5.9951999999999996 -3.4461997000000002 3.4497003999999998
-0.81100000000000005 4.6337000000000002 -2.8852003000000002
-2.5792999999999999 -3.1266003000000002 -2.6912997000000001
-2.0785999999999998 -4.9724000000000004 -2.9970995999999999
-0.87860000000000005 -4.2030000000000003 -2.7614996000000001
-0.0103 -7.3243003 -3.2003995999999999
1.3413999999999999 -6.3102 -3.1127994000000001
3.5158999999999998 -7.8622002999999996 -6.0009994999999998
3.6983000000000001 -5.0278006 -6.1790995999999998
2.5874000000000001 -2.6706995999999998 6.1699999999999999
6.1818 -4.6186996000000002 5.2273006000000004
7.0631000000000004 -3.1303994999999998 4.8955000000000002
3.1576 -0.66040010000000005 -1.819
5.3822000000000001 0.30219974999999999 -2.9975999999999998
5.3428000000000004 1.0122998000000001 -3.0045000000000002
4.2786999999999997 3.9527000999999999 3.1513998999999999
7.5208000000000004 5.5344996000000002 -4.4381003000000003
5.7808999999999999 6.2845993 -6.0107007000000001
3.6204000000000001 5.3655004999999996 6.0995993999999998
4.0560999999999998 6.4432005999999999 5.5365995999999997
0.73829999999999996 7.5171995000000003 -6.1339005999999996
-3.0026999999999999 8.0643999999999991 -3.5383008
-1.1678999999999999 5.1040006 6.1754993999999996
-2.8220000000000001 5.8116006999999996 6.1016994000000002
-3.9670000000000001 5.1010002999999999 6.1014996000000004
8.3353000000000002 2.1418998 -3.5387002999999999
-6.7945000000000002 3.6967005999999998 5.0937995999999996
-2.8549000000000002 1.0350999000000001 -1.0318001999999999
-5.1430999999999996 0.65460026000000004 3.0607000000000002
6.3460000000000001 -7.0284003999999998 -4.9090996000000002
2.4051 -8.7806999999999995 -4.0523996000000002
1.7986 5.1327999999999996 -3.0046005
-8.0581999999999994 -3.9925004999999998 -5.8196992999999999
0.41610000000000003 7.7290998000000002 -3.2697004999999999
-0.28489999999999999 5.9588000000000001 -3.0662004999999999
4.3551000000000002 5.3568996999999996 -3.1591005000000001
6.7988 -4.3847003000000004 -6.0720996999999999
-2.7389000000000001 5.0912004 6.1516995000000003
-0.68969999999999998 2.9865005 6.1494999999999997
-4.8544999999999998 8.0143000000000004 -4.5214005000000004
-4.2964000000000002 -5.4444002999999999 -6.1556997000000004
-5.1569000000000003 -2.1004003999999998 -6.1761999999999997
-5.1999000000000004 -0.61179954000000003 6.1755000000000004
-5.7763 -1.9498998000000001 3.1906002
5.3600000000000003 -5.3807992999999996 5.5638002999999996
-3.0754000000000001 -2.4386003000000001 -2.6144997999999999
-2.0478000000000001 -2.8535001000000002 -2.3178996999999999
-1.4276 -3.2027000999999999 -2.3062996999999998
-0.84760000000000002 -3.0934002 -1.7633996999999999
-0.016 -6.4626999999999999 -3.1139996000000001
1.1889000000000001 -5.1859999999999999 -2.9862994999999999
3.6968000000000001 -8.3849 -5.7108993999999997
4.4779 -6.0803003000000002 -6.1339993000000002
6.3600000000000003 4.1083007 5.5991993000000004
5.8108000000000004 -4.3093995999999999 5.9020004000000004
-0.46789999999999998 4.5815000000000001 2.9487998000000002
-3.6522000000000001 3.1635995000000001 -6.1730003
4.7477999999999998 -0.013100219 -2.8967000000000001
4.8666 0.56619980000000003 -2.9217
8.4446999999999992 3.8779998 -4.3429003000000002
7.1862000000000004 4.9056997000000004 -3.6205006000000002
6.0353000000000003 7.0452994999999996 -5.5699005000000001
2.9861 4.2622004000000002 6.1768993999999999
4.7058999999999997 -5.8175993000000004 4.1527003999999996
0.77480000000000004 8.5149000000000008 -6.0090003000000003
-1.7698 -3.8737998 2.8473003000000001
7.9500999999999999 -3.1740002999999999 -3.5196998000000002
-2.2033 4.7501005999999997 6.1754993999999996
-3.1419999999999999 4.1890006 6.1754993999999996
-0.58940000000000003 0.97290045000000003 6.0683999999999996
-6.1662999999999997 3.5989005999999999 5.9579997000000002
-2.8252999999999999 1.0283 0.3824999
-6.8680000000000003 0.75430023999999996 3.4468000000000001
-6.2385999999999999 0.59700023999999996 3.2212999999999998
-8.4281000000000006 4.0330997000000002 -5.4914002000000002
-8.8980999999999995 -2.2027000999999999 -4.1344000000000003
-3.4199999999999999 2.3474995999999999 -6.1600999999999999
7.4236000000000004 4.9227996000000003 -5.8598002999999999
7.4793000000000003 1.9926997 -3.2697002999999998
2.1686000000000001 5.5519999999999996 -3.0657005000000002
5.7842000000000002 -3.7688003000000001 -3.1590997999999999
-4.4184999999999999 -6.8188003999999998 -6.0671996999999998
0.7762 5.7286004999999998 6.1516995000000003
0.58889999999999998 3.0021005000000001 6.1494
-1.8391999999999999 1.3799995 -6.1043000000000003
-5.3262999999999998 -4.4093003 -6.1564994000000004
-5.2929000000000004 0.92619949999999995 -6.1753999999999998
-3.6783999999999999 -0.74039953999999997 6.1708999999999996
-6.3977000000000004 -2.0792997 3.3384000999999999
-6.4588000000000001 -3.6904998 4.0617003
-2.6535000000000002 -2.2810997999999998 2.2874002
-1.9399 -2.2662 -0.32299983999999998
-1.6087 -2.5678000000000001 -0.95909979999999995
-1.0580000000000001 -2.7873999999999999 -0.33849977999999997
-0.070000000000000007 -5.3974000000000002 -2.9980996000000002
0.52210000000000001 -3.4650002 -2.3102999
3.8641999999999999 -8.6346000000000007 -5.1778994000000003
5.0271999999999997 -6.9873003999999996 -6.0014997000000001
3.1998000000000002 -3.3236005 -6.1719995000000001
5.3605 -3.6351995000000001 6.0990004999999998
6.4873000000000003 -2.9568994000000002 5.9631999999999996
3.0626000000000002 -0.5044999 1.0769
4.0479000000000003 -0.16300021000000001 -2.6905999999999999
3.2239 0.53350012999999996 1.7351000000000001
8.0395000000000003 3.2351996999999999 -3.5902002
6.6230000000000002 4.8221993000000003 -3.3646004
-4.1322999999999999 -1.1577004 -6.1638000000000002
2.1292 3.0373006 6.1696
1.853 5.9533997000000003 -6.1791004999999997
3.3677000000000001 3.1576995999999999 -6.1719999999999997
-1.9527000000000001 -7.4267992999999999 4.6475004999999996
-0.98119999999999996 2.2180004000000002 6.1295000000000002
2.9613 -8.0516000000000005 -3.5272991999999999
-8.4352 1.4512997999999999 -3.5192999999999999
7.5968999999999998 0.50470040000000005 5.5365000000000002
-5.7019000000000002 3.0405004 6.1014999999999997
-3.1227 0.9834001 1.7468998
-2.2858000000000001 -2.2886001999999999 -1.8432999000000001
-6.4554 -0.22159952999999999 6.1018999999999997
4.1673 8.3963999999999999 -5.4531007000000002
-7.3741000000000003 5.0981994000000004 -3.8602004000000001
-0.10929999999999999 0.51740050000000004 6.0331000000000001
-4.8137999999999996 7.3356995999999999 -5.9224005000000002
7.7239000000000004 -0.41910022000000002 -3.2688000000000001
5.0800000000000001 3.2389998000000002 -3.0720003
5.3574999999999999 -4.3535003999999997 -3.1589996999999999
6.8319999999999999 4.4735994000000003 -6.0615005000000002
1.3654999999999999 5.6156005999999996 6.1517996999999998
1.3984000000000001 2.8499004999999999 6.1529999999999996
0.73329999999999995 2.1233995000000001 -6.1022999999999996
-5.4283000000000001 4.3058996 -6.1560005999999996
-4.5422000000000002 3.1571996000000002 -6.1760999999999999
6.6158000000000001 6.6853994999999999 -4.6102004000000001
-6.9375 -2.1403997000000001 3.7829003000000001
-6.7030000000000003 -3.8412994999999999 4.8991002999999997
-3.9430000000000001 -2.7518997000000001 2.9942001999999999
-1.9869000000000001 -2.3816000000000002 1.0588002000000001
-1.591 -2.5516999999999999 0.39350017999999998
-0.60329999999999995 -3.0434000000000001 1.0523001999999999
-0.24679999999999999 -4.1097000000000001 -2.7102997000000002
0.29160000000000003 -3.0263 -1.0449997
3.5771000000000002 -8.4772999999999996 -4.1762996000000001
5.4741999999999997 -7.2546004999999996 -5.7770995999999997
4.7512999999999996 -4.1145005000000001 -6.1789994000000004
4.2023999999999999 -2.9669995 6.1792999999999996
5.9848999999999997 -2.4355996000000002 6.1014999999999997
3.5142000000000002 -0.73929982999999999 2.4039999999999999
4.3586 3.6245995 -6.1767006000000002
3.8529 0.56960016000000002 2.6928000000000001
7.4771000000000001 3.3171997000000002 -3.3594002999999999
5.9310999999999998 4.2961992999999996 -3.2004003999999999
6.2899000000000003 7.0976996000000003 -5.0252004000000001
0.88790000000000002 2.2202004999999998 6.1283000000000003
2.2848999999999999 7.1975993999999996 -6.1340003000000003
1.5122 9.2852999999999994 -5.3449005999999999
7.2085999999999997 2.6550001999999999 4.6623999999999999
-0.028899999999999999 1.1674005000000001 6.0701999999999998
-1.0902000000000001 -3.8434005 -6.1561994999999996
-1.7939000000000001 1.6907004999999999 6.1307999999999998
-3.3252000000000002 -6.4205994999999998 3.7523005
-4.5701000000000001 2.5575003999999999 6.1755000000000004
-3.4371999999999998 1.2880001999999999 2.4860000000000002
-7.3574999999999999 0.88090029999999997 4.0172999999999996
7.9920999999999998 -4.9152006999999998 -5.4454994000000001
4.8879000000000001 7.6601996000000003 -4.0289006000000001
-0.68930000000000002 5.8263999999999996 3.1574996
-3.1303999999999998 8.4510000000000005 -5.8106002999999999
6.8879000000000001 -3.5244002000000001 -3.2690996999999999
1.0451999999999999 -9.3115000000000006 -5.4681997000000004
-3.7791000000000001 -5.7781004999999999 -3.1590995999999998
-6.8155999999999999 -4.4320006000000003 -6.0665994000000003
5.0751999999999997 2.7328005000000002 6.1524000000000001
1.6071 2.0781003999999998 6.1359000000000004
1.5633999999999999 1.1478995000000001 -6.0903999999999998
5.4488000000000003 -4.2907004000000004 -6.1556997000000004
-2.6705999999999999 4.6161994999999996 -6.1752004999999999
-7.3700999999999999 -2.3775995000000001 5.0800000000000001
-6.2047999999999996 -3.5051994 5.9648003999999997
-3.7496999999999998 -3.5789998000000001 3.0607001999999999
-1.8206 -2.7195996999999998 1.7533002
-1.1193 -3.1050996999999998 1.8437003000000001
-0.43930000000000002 -3.4628996999999999 2.2678003000000002
-0.047699999999999999 -3.6019003000000001 -2.3931996999999998
0.2838 -2.9914000000000001 0.26540023000000001
3.5512999999999999 -8.0749999999999993 -3.7214991999999998
5.9394999999999998 -7.3063006000000001 -5.3102993999999999
5.6536999999999997 -5.0223002000000001 -6.1335997999999998
3.0661999999999998 -2.1848996000000001 6.1712999999999996
4.7237999999999998 -2.0344994000000001 6.1792999999999996
4.1276999999999999 -7.6597004000000002 -3.6205995
3.7103999999999999 -0.072099805000000003 2.5238
4.4260000000000002 0.85610025999999995 2.9279999999999999
6.6950000000000003 2.9691996999999999 -3.2004003999999999
5.2340999999999998 3.7647998 -3.1126003
6.1346999999999996 6.9840993999999998 -4.3507004
-6.4726999999999997 4.1778006999999997 4.8149996000000002
2.7193000000000001 8.1978000000000009 -5.9911003000000003
0.89239999999999997 9.3008000000000006 -4.4535003
5.3738999999999999 1.9157995000000001 -6.1768000000000001
9.0234000000000005 -2.5849001 -4.5650000000000004
-0.6583 1.2719994999999999 -6.0705999999999998
2.5872000000000002 1.9756994999999999 -6.1372
1.7048000000000001 7.2535005000000004 4.0916996000000001
-3.4144999999999999 1.5383005000000001 6.1707000000000001
-4.7319000000000004 1.7995002 3.0438998000000002
-7.5911 1.1930003 4.6825999999999999
-6.6769999999999996 6.6195993 -5.3675002999999997
7.4527000000000001 -5.0715003000000003 -3.9293995000000002
2.4453 -5.2012004999999997 -6.1769996000000003
4.8491 -7.5918007000000003 -5.8122996999999996
1.9903999999999999 -7.4781003000000004 -3.2693994000000002
5.5856000000000003 -2.1867003 -3.0693997999999998
-4.3560999999999996 -5.3584002999999996 -3.1591995000000002
-7.2850000000000001 3.6852996 -6.0618005000000004
5.7290000000000001 -0.77779955000000001 6.1516000000000002
2.3315999999999999 2.0724005999999999 6.1512000000000002
2.1149 -0.84540044999999997 -6.1036000000000001
-3.2134999999999998 6.1392993999999996 -6.1559005000000004
4.7107999999999999 3.0271995 -6.1764000000000001
1.9281999999999999 -7.3226994999999997 5.5980005000000004
-6.7992999999999997 -2.1384995 5.9640000000000004
5.1414 2.5695996000000001 -6.1769999999999996
-4.7965 -4.3490995999999997 3.2726001999999998
-2.2328000000000001 -2.7481996999999998 2.3593001
-2.3906000000000001 -3.4477997 2.8210003000000001
-0.86180000000000001 -5.0938999999999997 3.0584004
-0.087800000000000003 -3.2220000999999998 -1.8194996999999999
-2.7671000000000001 -1.9535001999999999 -2.1033998
3.3584999999999998 -7.5390005000000002 -3.3892996000000002
-0.4123 -9.4338999999999995 -4.8105992999999998
6.4156000000000004 -5.7533006999999996 -6.0002994999999997
7.2159000000000004 -6.0474005000000002 -4.6283994000000002
-4.5709 7.2602997 -3.5275004000000001
6.3574000000000002 -1.3302997000000001 3.2776999999999998
4.2899000000000003 0.12820022 2.8626
5.5103 1.2938002 3.1278000000000001
5.9063999999999997 2.6159997000000001 -3.1137001999999998
4.0198999999999998 3.4811996999999999 -2.9860003000000002
6.0246000000000004 6.2243995999999999 -3.5871005
3.1315 5.3939995999999999 -6.1791004999999997
2.6897000000000002 8.8042999999999996 -5.6552005000000003
1.1701999999999999 8.6306999999999992 -3.6284008000000001
-0.35110000000000002 4.6447997000000001 -6.1723002999999999
-3.0059999999999998 -0.75459989999999999 1.0424
-2.1295000000000002 4.0616994000000002 -6.1713003999999998
-5.9481000000000002 -4.8577994999999996 4.6513004000000002
-2.2103000000000002 1.8609994999999999 -6.1272000000000002
-2.1787999999999998 0.98950046000000003 6.1283000000000003
-5.2931999999999997 1.4410002 3.1034000000000002
-7.6788999999999996 0.85030043 5.1867999999999999
4.3242000000000003 -3.2964003000000002 -3.0043997999999998
-4.9043000000000001 -7.6517004999999996 -4.0312995999999996
-7.6595000000000004 0.43120036 4.6199000000000003
3.1576 -8.2363999999999997 -5.9002995
-0.4158 -7.7276005999999997 -3.2693994000000002
3.2395999999999998 -5.0553999999999997 -3.0699995000000002
-4.8731999999999998 4.8910995000000002 -3.1591005000000001
-4.4657999999999998 6.8256993000000001 -6.0629004999999996
5.6153000000000004 -1.3748994999999999 6.1516999999999999
3.0617999999999999 0.30970049999999999 6.1498999999999997
-0.032099999999999997 -2.1008005000000001 -6.0967000000000002
-1.8727 6.6645994000000002 -6.1562004000000004
3.3420999999999998 4.5467997000000002 -6.1765002999999998
-6.0917000000000003 -1.3267004 -6.1791
-6.0773999999999999 -2.1934996 6.1016000000000004
-5.4856999999999996 -3.4099995999999999 6.1019005999999996
-5.3651999999999997 -4.7797995000000002 3.6867006
-3.0981000000000001 -3.9328997000000001 3.0360003
-2.4674 -4.4031000000000002 3.0412002
-1.3293999999999999 -6.3395995999999997 3.2732005000000002
-0.4844 -3.0002 -1.0633998
0.60629999999999995 -4.0415999999999999 2.7751001999999998
2.9702000000000002 -6.6953006000000004 -3.2003995999999999
5.6111000000000004 -7.6235002999999999 -4.8992996
6.8032000000000004 -6.1648006000000004 -5.6910996000000003
-7.7035999999999998 -0.34129965000000001 4.8624999999999998
4.1082999999999998 -6.3599997000000004 5.5991005999999999
7.0236000000000001 -1.5363997 3.6920000000000002
5.4824000000000002 0.19230025000000001 3.1032999999999999
6.1140999999999996 1.3379003 3.2189999999999999
4.9169 2.1976998000000001 -2.9958003
3.7549999999999999 2.8180996999999999 -2.8817002999999999
5.4763000000000002 6.0665994000000003 -3.3565003999999998
3.7328000000000001 6.5648993999999998 -6.1340003000000003
-0.71409999999999996 -3.5581002000000002 -2.4112996999999998
0.85450000000000004 8.1503999999999994 -3.3655007000000001
-0.63249999999999995 6.2228994000000002 -6.1792005999999997
-1.1597999999999999 4.7114997000000001 -6.1731005000000003
-3.1143000000000001 5.3602996000000003 -6.1789002000000002
-1.7436 2.1976995000000001 -6.1239999999999997
-5.0456000000000003 3.7050996 -6.1792005999999997
6.7537000000000003 -3.4392996 5.5878005000000002
-5.8151999999999999 1.7980001999999999 3.1892998000000001
-7.0671999999999997 0.8000005 5.9733000000000001
-8.7596000000000007 3.2281995000000001 -5.4982004
-5.9984000000000002 -7.3147006000000001 -4.9250993999999997
-1.5817000000000001 1.0901004999999999 6.1060999999999996
-8.2284000000000006 -3.2277005000000001 -5.8919997000000004
-7.4847000000000001 -1.9792002 -3.2699997000000001
0.28870000000000001 -5.96 -3.0662994000000001
4.8897000000000004 4.8693995000000001 -3.1588004000000001
3.6438000000000001 7.2213992999999999 -6.0723003999999996
2.7381000000000002 -5.0913997000000002 6.1517004999999996
2.9177 -0.90689949999999997 6.1492000000000004
5.9530000000000003 -7.2687005999999998 -4.5875997999999996
6.1360999999999999 3.2131995999999998 -6.1560005999999996
-4.0415999999999999 -3.5956001 -2.9995997000000001
-7.3753000000000002 -1.6189004 -6.1340000000000003
-4.9545000000000003 -1.6748996 6.1757999999999997
-4.3612000000000002 -2.6603994000000002 6.1791
-5.5563000000000002 -5.1692996000000004 4.3863006000000002
-3.1284000000000001 -4.5998999999999999 3.1141002000000002
-2.2262 -5.1311 3.1178005
-1.536 -7.0211997000000004 3.6891004999999999
-0.1318 -2.9771999999999998 -0.38069975
0.90480000000000005 -4.6356999999999999 2.9753002999999998
2.6457999999999999 -5.9135999999999997 -3.1155995999999999
5.3571999999999997 -7.5778002999999998 -4.3166995000000004
8.8049999999999997 -3.3684002999999998 -4.7072997000000001
-1.8152999999999999 0.71389955000000005 -6.0909000000000004
0.73909999999999998 -0.69509953000000002 6.0613000000000001
7.4481000000000002 -1.4605996999999999 4.3882000000000003
6.0449999999999999 0.058400243999999997 3.1831
6.7691999999999997 1.4233003 3.4510000000000001
4.4284999999999997 1.6374998000000001 -2.8905002999999998
3.4468999999999999 2.1865996999999999 -2.6998003000000002
4.9088000000000003 5.4346994999999998 -3.2003005
4.1721000000000004 7.4665995000000001 -6.0086006999999997
2.6221000000000001 7.7616997000000003 -3.3663006000000002
0.77639999999999998 7.2833996000000001 -3.2005005
-0.83660000000000001 7.5140995999999998 -6.1337004000000004
-2.0312000000000001 5.9517993999999996 -6.1790003999999996
-3.8214999999999999 6.5192994999999998 -6.1338005000000004
-3.0188999999999999 3.5244993999999998 -6.1722007000000003
-6.1407999999999996 4.4036993999999998 -6.1338005000000004
-1.2735000000000001 0.94239949999999995 -6.0766
-6.3602999999999996 2.0709002000000001 3.3257997000000001
5.6264000000000003 -1.1252005 -6.1769999999999996
-5.6494999999999997 0.27869951999999998 -6.1765999999999996
3.4796 2.5960996000000001 -6.165
2.6273 -2.6343996999999999 2.5350003000000001
-5.5814000000000004 6.8535994999999996 -5.8919005000000002
3.4790999999999999 6.9920992999999996 -3.2817004000000001
-7.2805 -2.1551998000000001 4.4024999999999999
4.8730000000000002 -4.8909006000000002 -3.1590995999999998
7.2401999999999997 -3.6838004999999998 -6.0674995999999997
-0.77380000000000004 -5.7295995 6.1516004000000004
2.6463999999999999 -1.5883995 6.1501999999999999
-7.3475999999999999 5.8327993999999999 -4.5559006000000002
6.6764000000000001 1.8914994999999999 -6.1555999999999997
1.0270999999999999 -4.7873006 -6.1732993
-8.4428000000000001 -1.7351004999999999 -5.9992999999999999
-3.4384999999999999 -1.4614996 6.1704999999999997
-3.0998999999999999 -2.1026994999999999 6.1707999999999998
-5.7504999999999997 -5.1882997 5.0249003999999999
-3.5274999999999999 -4.9639996999999996 3.1896005000000001
-2.5278999999999998 -5.7274995000000004 3.2192004000000001
-1.4596 -7.4478992999999996 4.3872004000000002
0.024799999999999999 -3.1623999999999999 1.3237002
1.2267999999999999 -5.3977000000000004 3.1098005999999998
3.9388000000000001 4.1341995999999996 -6.1768003
5.1676000000000002 -7.1683006000000002 -3.7348995
6.9794999999999998 -6.3830004000000002 -5.1742996999999997
3.9984000000000002 -2.3678005 -6.1722000000000001
0.50470000000000004 -7.5968995000000001 5.5365004999999998
7.5773999999999999 -1.6034997 5.0251000000000001
6.6974999999999998 0.0052002515000000001 3.3279000000000001
2.0099999999999998 2.5425005000000001 6.1551
3.7185999999999999 1.6332997 -2.6924001999999998
2.7989000000000002 2.1298997000000002 -2.3303003000000002
4.3339999999999996 4.7850999999999999 -3.1134005
2.6840999999999999 -3.8581004000000001 -6.1724997000000004
2.2747999999999999 6.9621997000000002 -3.2005005
0.68759999999999999 6.4382000000000001 -3.1152004999999998
-0.77259999999999995 8.8096999999999994 -5.8923006000000004
-2.3824000000000001 7.1679997000000002 -6.1339005999999996
-4.3375000000000004 7.4242996999999997 -6.0028005000000002
-4.2640000000000002 4.6082996999999999 -6.1793003000000004
-6.9820000000000002 5.2209997000000001 -5.9516005999999999
-2.4889999999999999 1.4068996 -6.1260000000000003
-7.2066999999999997 2.6243002 4.6116999999999999
-6.4382999999999999 0.45540044000000002 6.1026999999999996
-4.1967999999999996 8.0808999999999997 -4.0543003000000004
0.94710000000000005 -3.1253004 -6.1375000000000002
1.7942 -2.9916003 -2.2793999
7.0704000000000002 5.5964993999999999 -5.8082003999999996
-3.5246 -6.8868003 -3.2689995999999999
-5.0369999999999999 -3.2095003000000002 -3.0668997999999998
-4.8907999999999996 -4.8747005000000003 -3.1591995000000002
4.4275000000000002 -6.7715006000000004 -6.0720996999999999
-1.3648 -5.6159996999999997 6.1517004999999996
2.4782000000000002 -2.0902995999999998 6.1551
-7.8535000000000004 5.2365994000000002 -4.7836002999999998
3.2164999999999999 -6.1405004999999999 -6.1557994000000003
3.9521000000000002 -2.9933003999999999 -6.1736000000000004
-8.9427000000000003 -2.0614004000000001 -5.6890000000000001
-2.3189000000000002 3.4726995999999999 -6.1608004999999997
-1.9247000000000001 -1.4568995 6.1292
-5.3383000000000003 -4.7316995000000004 5.9610003999999996
-3.9039999999999999 -5.4016995000000003 3.3199005000000001
-2.8721999999999999 -6.3055997000000001 3.4591004999999999
-1.601 -7.5774993999999998 5.0229005999999998
-1.1308 -5.7199999999999998 3.1523004000000001
1.3283 -6.1172995999999999 3.2191005000000001
1.6308 -3.6629002000000002 -2.6683998
4.843 -6.6796002000000003 -3.3883996000000001
6.7202999999999999 -6.2906003000000004 -4.1815996000000002
5.4649999999999999 -3.1048005000000001 -6.1791999999999998
-3.4146000000000001 -6.7667994 5.5871005
6.9659000000000004 -1.5377995 5.9608999999999996
7.2603999999999997 -0.078199714000000003 3.7822
7.2876000000000003 1.5026003000000001 4.0663
3.1798000000000002 1.5585001999999999 2.3592
2.7191999999999998 1.7147999 -1.7905002000000001
3.7231000000000001 4.0304000000000002 -3.0117001999999999
5.1417999999999999 7.8714994999999996 -5.3678007000000001
1.9993000000000001 6.1351000000000004 -3.1130003999999998
0.76219999999999999 5.4813000000000001 -3.0195004999999999
-1.3026 9.2594999999999992 -5.4811006000000004
-2.7488999999999999 8.0869999999999997 -6.0103005999999999
-4.7416 7.8793993000000002 -5.6666007
-5.0903999999999998 5.5787997000000003 -6.1340003000000003
-7.5674999999999999 5.2654996000000001 -5.6388005999999997
-4.2117000000000004 1.9551995 -6.1722000000000001
-7.3545999999999996 2.3722004999999999 5.1826999999999996
-5.2134999999999998 0.48190048000000002 6.1755000000000004
8.1003000000000007 3.8497998999999998 -3.8656003000000001
-8.4724000000000004 -4.2072004999999999 -4.9212994999999999
3.5958000000000001 0.41249982000000002 -2.4045999999999998
-6.8525999999999998 -5.5788007000000004 -5.8929995999999996
-4.8585000000000003 6.0220995000000004 -3.2692006
-5.8869999999999996 0.92749979999999999 -3.0655999999999999
-3.7509999999999999 5.7983994000000001 -3.1593005999999999
-3.7090999999999998 -7.3083004999999996 -6.0573997000000004
-5.0751999999999997 -2.7327995 6.1524000000000001
0.64839999999999998 -2.9520995999999999 6.1482000000000001
2.1219000000000001 0.082999534999999999 -6.0975999999999999
1.8759999999999999 -6.6583003999999999 -6.1563996999999997
2.9758 -4.6187005000000001 -6.1758994999999999
-4.5689000000000002 -0.46570048000000003 -6.1712999999999996
5.7206000000000001 -0.30690046999999998 -6.1768999999999998
-6.4474 4.0458007 5.5397996999999997
-4.6566999999999998 -4.4809995000000002 6.1014004000000002
-4.2289000000000003 -5.8445996999999998 3.7206003999999999
-5.3617999999999997 5.3771005000000001 5.5657997000000003
-1.5373000000000001 -6.9664992999999997 5.9607004999999997
-0.1739 -5.0854999999999997 3.0474005000000002
1.4217 -6.7728995999999997 3.4530004999999999
1.2946 -2.6892999999999998 -0.26649980000000001
4.2965999999999998 -5.9318004000000002 -3.2003995999999999
6.5288000000000004 -5.9323005999999996 -3.7214993999999999
6.5650000000000004 -3.7331004000000001 -6.1339993000000002
0.2135 -4.5717999999999996 2.9437003000000002
6.3632 -1.1348995 6.1012000000000004
7.6124999999999998 -0.14229965 4.4541000000000004
7.5632999999999999 1.5760003 4.9019000000000004
5.9290000000000003 2.6572003 3.2780998000000001
2.6099000000000001 1.4641999999999999 -0.51450013999999999
3.2677999999999998 3.4977999 -2.9046001000000001
4.5883000000000003 8.1363000000000003 -4.4486002999999998
1.2633000000000001 4.9824999999999999 -2.9592003999999998
0.62329999999999997 4.7023999999999999 -2.8967000999999999
-0.065600000000000006 4.1733000000000002 2.8112998
-2.6067999999999998 8.9283000000000001 -5.5401005999999997
-3.8319999999999999 0.079099535999999998 -6.1520000000000001
-5.8569000000000004 6.3214993000000002 -5.9988003000000001
-7.5499999999999998 5.3629993999999996 -4.2719006999999998
-5.7381000000000002 2.4614995 -6.1791
-6.7454999999999998 2.2263004999999998 5.9790999999999999
-3.7551000000000001 0.037200466000000001 6.1710000000000003
4.1710000000000003 -8.0883000000000003 -4.0473995
-8.7757000000000005 3.5269995000000001 -4.9062004000000004
-3.0249999999999999 -4.0366005999999999 -6.1739993000000002
-2.3508 8.5152000000000001 -5.8944006
6.0212000000000003 4.8629993999999996 -3.2696003999999999
0.93289999999999995 6.0015000000000001 -3.0768005999999999
5.7952000000000004 3.7466998 -3.1588001000000001
-1.2891999999999999 8.0937000000000001 -6.0574006999999996
-5.7775999999999996 0.17440046000000001 6.1516999999999999
-0.58799999999999997 -3.0047996000000001 6.1494
1.6501999999999999 -1.6128005000000001 -6.1047000000000002
-6.1361999999999997 -3.2252003999999999 -6.1557994000000003
-9.2769999999999992 1.8988997000000001 -4.9272
-8.0327999999999999 -1.6100003000000001 -3.3662999
-4.7210999999999999 -1.4396005000000001 -6.1734999999999998
4.1570999999999998 2.2158997 -2.8871001999999999
-3.7879999999999998 -3.4905995999999999 6.1792005999999997
-4.5307000000000004 -6.1137996000000001 4.4356002999999999
-3.0686 -6.7862996999999998 4.0781007000000002
-1.1338999999999999 -6.3632993999999998 6.1012006000000003
0.15049999999999999 -5.5951000000000004 3.1188004
3.4056999999999999 -6.7625995000000003 5.5988007
1.2735000000000001 -2.8395000000000001 1.1072002999999999
3.7885 -5.2408000000000001 -3.1143993999999999
6.1345000000000001 -5.5211005000000002 -3.3892996000000002
7.4330999999999996 -4.3306003000000004 -6.0022992999999998
1.1274999999999999 -3.2619997999999999 2.1789002000000002
5.0423 -1.0102996 6.1792999999999996
7.7157 -0.091499603999999998 5.2332999999999998
4.3627000000000002 -0.80220049999999998 -6.1673999999999998
6.6056999999999997 2.8614001 3.7050998000000002
2.6909000000000001 1.5511001 1.0627998999999999
-4.6908000000000003 0.59089977000000005 -2.8917999999999999
4.5247000000000002 7.3606996999999996 -3.5657005000000002
1.8332999999999999 4.4160000000000004 -2.9040002999999999
0.50690000000000002 3.5790997 -2.4034002000000001
-1.0823 9.2363999999999997 -4.3587002999999997
-2.9590999999999998 8.8516999999999992 -4.4302006
-4.0635000000000003 7.6587996 -3.5937003999999999
-6.1642000000000001 6.7905993000000002 -5.7020005999999999
-6.8154000000000003 5.3482995000000004 -3.5879004000000001
-6.9249999999999998 3.0278995000000002 -6.1337000000000002
-6.2054 1.7823005000000001 6.1024000000000003
-2.6751999999999998 6.9910006999999998 4.1573997
-8.1172000000000004 -3.9230003 -3.9305997000000001
-2.8431000000000002 1.8639995 -6.1409000000000002
2.3515000000000001 2.6286998000000001 -2.3411002000000001
8.7121999999999993 2.2297994999999999 -5.8197000000000001
4.8600000000000003 -6.0219006999999998 -3.2693994000000002
-1.2246999999999999 2.7315 -0.096500210000000003
3.7511999999999999 -5.7984004000000002 -3.1592996000000002
8.0517000000000003 1.3049995000000001 -6.0629
-1.6233 5.5475006000000002 6.1516995000000003
-1.3957999999999999 -2.8518995999999999 6.1529999999999996
0.69640000000000002 -2.2082004999999998 -6.1048999999999998
-6.6599000000000004 -1.8669004 -6.1563999999999997
-3.7814999999999999 -4.0454005999999998 -6.1760992999999997
-7.1669 -1.5110003000000001 -3.2004999999999999
6.4657999999999998 -4.1885995999999999 4.8156004000000001
-2.2029999999999998 3.2248003000000001 2.6969997999999999
-2.7429999999999999 -2.7297994999999999 6.1726000000000001
-4.5938999999999997 -6.2002997000000004 5.2353005000000001
-3.0767000000000002 -7.0834994 4.8942002999999996
-0.99919999999999998 -5.1387996999999999 6.1755003999999998
0.058900000000000001 -6.1009994000000001 3.1912004999999999
1.5023 -7.2879996 4.0668005999999997
1.5547 -4.6986999999999997 3.0246002999999999
3.1394000000000002 -4.4267000000000003 -3.0024997999999998
5.4360999999999997 -4.9085007000000003 -3.2003995999999999
8.0263000000000009 -4.3356003999999997 -5.7494993000000001
4.1887999999999996 -1.6279005 -6.1688999999999998
1.2587999999999999 -8.5130999999999997 -3.5384994000000001
7.2195999999999998 -0.037099550000000002 5.9114000000000004
6.9865000000000004 1.4222003999999999 5.9630000000000001
6.9333 3.1354003000000001 4.4313000000000002
2.7071999999999998 1.8464001000000001 1.7668998
2.4022999999999999 1.8909999 -1.1922001
4.1024000000000003 6.9485992999999997 -3.3255005
1.4480999999999999 3.7469996999999999 -2.6773001999999999
0.68920000000000003 2.9628999999999999 -1.0776002
-0.59199999999999997 8.6464999999999996 -3.5909007000000002
-2.4451999999999998 8.3503000000000007 -3.6205007999999999
-4.0785 7.0898994999999996 -3.3592005
2.5463 3.8077002000000002 2.9444997000000002
-6.6073000000000004 4.8192997000000002 -3.3588003999999998
-7.8623000000000003 3.4776994999999999 -6.0031004000000001
-5 1.5546005000000001 6.1755000000000004
-0.27579999999999999 7.4857006000000004 4.1651997999999999
-6.1801000000000004 6.5221996000000004 -3.8881003999999999
-2.5133999999999999 -9.1181999999999999 -4.9151997999999999
5.0970000000000004 -2.8494997 3.1535003000000001
-8.4911999999999992 -2.2955005000000002 -5.9119999999999999
-6.0209000000000001 -4.8619003000000003 -3.2693994000000002
-1.0992 -5.8865999999999996 -3.0681995999999998
-5.7934999999999999 -3.7510002 -3.1588997999999999
1.2907 -7.9859004000000002 -6.0721993000000003
0.1731 5.7785006000000001 6.1516995000000003
-1.6024 -2.0910994999999999 6.1360999999999999
-1.6497999999999999 -1.0716003999999999 -6.0914999999999999
-6.5010000000000003 2.4052994000000001 -6.1558999999999999
3.1328 0.27659988000000002 -1.5188999999999999
-6.3251999999999997 -1.3329002999999999 -3.1141999999999999
-2.9535999999999998 -0.8726005 -6.1326999999999998
2.6638000000000002 9.0639000000000003 -5.1916003000000002
-4.1173000000000002 -6.5155997000000001 4.8351006999999999
-4.2705000000000002 -5.8204994000000001 5.9118003999999997
-2.9497 -6.4925994999999999 5.9623002999999999
-0.56989999999999996 -8.5596999999999994 -3.5271992999999999
0.0068999999999999999 -6.7272996999999997 3.3387004999999998
1.5760000000000001 -7.5632997 4.9019003000000003
2.2498999999999998 -4.7182000000000004 3.0668004
2.2974000000000001 -3.2935002 -2.6747996999999999
4.7907000000000002 -4.3345000000000002 -3.1137997999999998
8.3481000000000005 -4.3717002999999997 -5.2812995999999996
6.0189000000000004 -1.8226005000000001 -6.1788999999999996
2.4434999999999998 -0.18809952999999999 6.1303999999999998
6.4705000000000004 0.22340046 6.0993000000000004
6.2739000000000003 1.5474005 6.1014999999999997
7.1024000000000003 3.0710006000000001 5.0998999999999999
2.8079000000000001 2.1379003999999999 2.3461997999999999
2.2086999999999999 2.4649003 1.8562997999999999
3.7141000000000002 6.4027995999999998 -3.2094003999999998
1.0250999999999999 3.3556998 -2.3149001999999999
0.59850000000000003 2.9481000000000002 0.36069980000000001
-0.84419999999999995 8.1363000000000003 -3.3595006000000001
-2.5396000000000001 7.7890997000000004 -3.3646004
-3.6528999999999998 6.3483995999999996 -3.2004006
-6.3288000000000002 6.8536997 -4.4241004000000004
-5.9188000000000001 4.3137993999999997 -3.2004003999999999
-8.2950999999999997 3.6424994000000002 -5.7928004
-3.6667999999999998 0.80650049999999995 6.1710000000000003
-0.26469999999999999 7.6753005999999999 4.6440996999999999
5.8240999999999996 6.8091993000000004 -3.8546003999999998
2.6800999999999999 3.9252994000000001 -6.1727004000000001
5.3296000000000001 2.4640002000000001 3.1581997999999998
-8.2964000000000002 3.1212995000000001 -5.8800999999999997
-1.2000999999999999 7.6451992999999998 -3.2694003999999999
-5.7594000000000003 1.5671997 -3.0665
-6.9010999999999996 -0.34960023000000001 -3.1597
-7.9896000000000003 -1.2862005000000001 -6.0717999999999996
5.5496999999999996 1.6166005000000001 6.1516999999999999
-2.3292000000000002 -2.0752994999999999 6.1512000000000002
-1.1748000000000001 1.7863994999999999 -6.0982000000000003
2.4007999999999998 6.4826993999999996 -6.1565003000000003
-1.8992 -4.5269003000000003 -6.1733994000000001
-5.4123999999999999 -1.1361003000000001 -3.0179999999999998
-3.9712000000000001 -1.8704004000000001 -6.1661999999999999
-3.8087 -2.6213004999999998 -6.1721000000000004
-3.4428000000000001 -3.3825004000000001 -6.1729994000000001
-3.6198999999999999 -5.3658995999999997 6.0996002999999996
-2.4331 -5.9849997000000004 6.1017003000000001
-0.0252 -2.4321994999999998 6.1298000000000004
-0.077899999999999997 -7.2617992999999998 3.7839005000000001
1.4221999999999999 -6.9864993000000002 5.9630003
2.6509999999999998 -5.9172997000000001 3.2748005
2.4146000000000001 -2.5957002999999998 -2.3546999
3.9203000000000001 -3.7152002 -2.9988996999999999
8.2175999999999991 -4.6958003000000001 -4.8862996000000001
7.2069000000000001 -2.2884004 -6.1336000000000004
5.1424000000000003 0.059900465999999999 6.1792999999999996
5.0156999999999998 1.1251005000000001 6.1792999999999996
6.5376000000000003 2.8352005 5.9649999999999999
3.0463 2.5961002999999998 2.7384998999999999
2.4354 2.7277002000000001 2.4683997999999998
3.2467000000000001 5.5904999999999996 -3.1142006000000002
1.1681999999999999 2.9780997999999999 -1.7313002
0.5635 3.2302002999999999 1.7763997
-0.75509999999999999 7.2847996000000004 -3.2004006
-2.2541000000000002 6.9686994999999996 -3.2004006
-3.2320000000000002 5.6155999999999997 -3.1156006000000001
-5.5613000000000001 6.6487993999999997 -3.5921004000000001
-5.2205000000000004 3.8111997 -3.1141002000000002
4.7183000000000002 -2.0496004000000001 -6.1744000000000003
-0.38109999999999999 -3.8636005 -6.1531997
7.4984000000000002 -1.1984996000000001 5.5658000000000003
6.3874000000000004 6.4658994999999999 -4.0318002999999996
-5.0462999999999996 -0.059699769999999999 3.0411000000000001
0.50770000000000004 0.10890046 6.0324999999999998
3.1589999999999998 8.4872999999999994 -5.7899003000000002
7.6494 1.1956998000000001 -3.27
1.4811000000000001 5.7073999999999998 -3.0594006
-0.34889999999999999 6.8948993999999999 -3.1591005000000001
-2.9235000000000002 7.5420995 -6.0723003999999996
5.6894 1.0278004000000001 6.1516000000000002
-3.0568 -0.30529951999999999 6.1497000000000002
1.4794 1.8583995 -6.1073000000000004
6.4989999999999997 -2.3953004 -6.1559999999999997
4.4645999999999999 -0.97529980000000005 2.9411
3.9788999999999999 -1.2529998 2.8098999999999998
-5.6723999999999997 -2.6445004999999999 -6.1791999999999998
-5.0523999999999996 -3.6593005999999999 -6.1790995999999998
-4.1120999999999999 -4.7354006999999996 -6.1792993999999997
-2.9861 -4.2621994000000001 6.1769004000000001
-2.0204 -4.7185993000000002 6.1792005999999997
-0.4884 -2.6416004000000002 -6.1193999999999997
-0.14230000000000001 -7.6124996999999999 4.4542003000000001
1.1042000000000001 9.4145000000000003 -5.0047006999999999
2.8613 -6.6045995 3.7037005000000001
1.6354 -2.5516999999999999 -0.97049980000000002
-1.2010000000000001 -5.6195006000000003 -6.1769996000000003
7.9694000000000003 -4.7566004 -4.3194995
8.1875 -2.6496005 -6.0019999999999998
1.399 -0.27590045000000002 -6.0702999999999996
5.4744000000000002 6.5799994000000002 -3.5194003999999999
-5.4828999999999999 -6.6324005000000001 -3.5382996000000002
5.8133999999999997 2.8165003999999998 6.1018999999999997
4.3013000000000003 3.2495002999999998 3.0895997999999998
2.7490000000000001 3.0893001999999998 2.7940998000000001
2.8325 4.7462999999999997 -3.0180004
1.3686 2.7088000000000001 -1.0169002
0.70440000000000003 4.4156000000000004 2.9204998
-0.66339999999999999 6.4237000000000002 -3.1135006000000001
-2.0097999999999998 6.1380999999999997 -3.1136005
-2.6086 4.9443999999999999 -3.0282003999999998
-5.4622000000000002 6.0875997999999996 -3.3591006000000001
-4.4448999999999996 3.2620996999999998 -3.0155002999999998
-8.5119000000000007 3.8142998000000001 -4.4115004999999998
-7.2031999999999998 -2.6627998000000002 4.6467999999999998
-7.5481999999999996 -0.051600463999999999 -6.1341000000000001
6.1646000000000001 -6.5142007 -3.8657994000000002
4.3467000000000002 8.4048999999999996 -4.9428004999999997
2.1221000000000001 2.3371993999999998 -6.1345999999999998
8.2316000000000003 -3.1644006 -5.9011993
1.2009000000000001 -7.6463003 -3.2695994000000002
5.7991000000000001 -1.5482001999999999 -3.0697999999999999
6.8673999999999999 0.35419977000000002 -3.1562999999999999
7.5880999999999998 2.9182994 -6.0666000000000002
5.7803000000000004 -0.17419954000000001 6.1516000000000002
-3.1539000000000001 0.33770050000000001 6.1528
0.72519999999999996 5.6546992999999999 -6.1768003
-2.3948 -6.4940004 -6.1561994999999996
-2.222 4.3754999999999997 -2.9235003000000002
-2.9588000000000001 -1.3698001 -1.8841999
-6.8784999999999998 -3.1185005000000001 -6.1338999999999997
-6.0885999999999996 -4.4814005000000003 -6.1336994000000002
-5.0164999999999997 -5.6474004000000004 -6.1338996999999997
-2.1286 -3.0375996000000001 6.1696
-0.59099999999999997 -1.0155995 6.0705999999999998
-0.70340000000000003 -4.5134005999999998 -6.1707996999999999
-0.091499999999999998 -7.7156997 5.2333007
1.548 -6.2737993999999997 6.1015005000000002
3.1355 -6.9330996999999996 4.4311004000000001
1.5822000000000001 -2.5613000000000001 0.41760017999999999
2.1724000000000001 -2.4093996999999998 1.6292002000000001
7.6356999999999999 -4.4531007000000002 -3.7374996999999999
8.6964000000000006 -2.8531005 -5.7244000000000002
-0.3831 3.0013995000000002 -6.1313000000000004
5.9800000000000004 -6.1500006000000003 -3.5269995000000001
1.9233 7.4394007000000002 4.6782994000000002
4.6462000000000003 2.1213004999999998 6.1791
4.8612000000000002 3.5887003000000002 3.1825998000000002
2.0196000000000001 -3.7173004000000001 -6.1621994999999998
2.5726 4.0914000000000001 -2.9121003000000001
1.0053000000000001 2.8075000000000001 -0.34320020000000001
0.47639999999999999 5.6261000000000001 3.1257994
-0.55379999999999996 5.3487999999999998 -2.9945004000000002
-1.9023000000000001 5.0293000000000001 -2.9955006000000002
-1.4006000000000001 2.9631002 1.7666998
-4.8925999999999998 5.4500995000000003 -3.2004006
-3.4459 3.3098998000000002 -2.9036002000000001
-7.7784000000000004 3.8226998000000001 -3.5912004
-4.4142999999999999 1.1808995 -6.1708999999999996
-8.5480999999999998 -0.10980046 -6.0092999999999996
-5.8193000000000001 -6.8848003999999996 -3.9294996000000002
1.7017 -3.3250997 2.5494002999999998
-7.1238000000000001 2.1381000999999999 4.0689000000000002
-3.1067 -8.3420000000000005 -5.8624996999999999
-7.6436999999999999 -1.1964003000000001 -3.2690999999999999
-2.6535000000000002 3.9148996 -6.1726003
0.34889999999999999 -6.8949002999999998 -3.1590995999999998
2.9401999999999999 -7.6443004999999999 -6.0581994000000003
1.6197999999999999 -5.5495995999999996 6.1517004999999996
-0.064799999999999996 3.1661005000000002 6.1526994999999998
-6.7144000000000004 1.7240994999999999 -6.1558000000000002
-0.90159999999999996 3.5761995 -6.1483005999999998
4.8834 -1.3603004000000001 -6.1741000000000001
-6.7442000000000002 3.4060003999999999 5.6233997000000002
-7.7568000000000001 -3.5772004000000002 -6.0101994999999997
-7.2430000000000003 -5.0720004999999997 -5.8927994000000004
-5.6344000000000003 -6.4311004000000001 -6.0089993000000002
-0.876 -2.2360994999999999 6.1288
0.18809999999999999 3.2120996000000002 -6.1363006000000002
-0.60060000000000002 -6.1102004000000001 -6.1786994999999996
-0.037100000000000001 -7.2195996999999998 5.9114003000000004
1.1673 -5.1040998000000002 6.1755003999999998
3.0710000000000002 -7.1023993000000001 5.0999002000000004
3.8288000000000002 -3.5075004000000001 -6.1745995999999996
3.9392999999999998 -3.6025999 3.0819000999999999
7.1406000000000001 -4.1326003 -3.3882997000000001
-3.5535999999999999 -1.3554997 2.6160000000000001
6.2850999999999999 -0.62560046000000002 -6.1780999999999997
5.9484000000000004 4.8575005999999998 4.6514996999999996
-3.3816000000000002 -4.6837005999999999 -6.1770997000000003
-7.9631999999999996 3.1935997 -3.5276003
5.4142000000000001 3.9391003000000002 3.3273997
3.6928999999999998 4.2679 3.1253997999999998
2.0017 3.7033996999999999 -2.7376003
1.3444 2.6888999999999998 0.3819998
0.6139 6.2228003000000003 3.2175995999999998
-0.1603 4.7135999999999996 -2.8888001000000001
-1.4651000000000001 4.4813000000000001 -2.8868003
-1.6409 3.6164002000000002 2.7238997999999999
-4.3133999999999997 4.8131000000000004 -3.1141005000000002
-3.0569000000000002 2.4696999000000002 -2.6180002999999998
-7.4653999999999998 3.3404999000000002 -3.3591003000000001
-6.1002000000000001 1.3149995999999999 -6.1791
4.2660999999999998 1.6757002000000001 2.9451996999999999
-6.4035000000000002 -6.4659003999999998 -4.0469995000000001
1.8217000000000001 3.5507002000000001 2.7339997
9.4304000000000006 0.30119962 -5.2385000000000002
-6.0042 4.8804993999999997 -3.2692006
-3.7305999999999999 4.6566000000000001 -3.0663002000000001
-2.4676 6.4490995 -3.1592004
-1.6748000000000001 0.51380049999999999 6.0979999999999999
-7.6041999999999996 -2.9503005 -6.0629
-0.1691 -5.7805996000000004 6.1516004000000004
2.6844000000000001 1.4748005 6.1494999999999997
-3.8336000000000001 5.7602997 -6.1563005000000004
1.3741000000000001 3.5163996000000002 -6.1506004000000001
2.6962000000000002 -2.2129004000000001 -6.1432000000000002
5.1379999999999999 -2.5381005000000001 -6.1768999999999998
7.3014999999999999 2.1288002000000001 4.4383999999999997
-7.3771000000000004 -5.7487006000000003 -5.4792994999999998
-6.6252000000000004 -6.6180005 -5.4633994000000001
-0.93310000000000004 -1.1578004 -6.0728999999999997
7.6933999999999996 0.41340035000000003 4.8190999999999997
-0.74319999999999997 -7.5196003999999999 -6.1337995999999997
0.224 -6.4704994999999998 6.0993003999999997
-7.1207000000000003 4.7784996 -3.5259003999999998
2.8351999999999999 -6.5376997000000001 5.9650005999999998
-2.7681 3.5378002999999998 2.9248997999999999
4.6403999999999996 -4.1562995999999996 3.2115002000000001
6.3376999999999999 -3.6711000999999999 -3.2003998999999999
-9.3094000000000001 1.3900996000000001 -4.6254
7.5134999999999996 -0.73740050000000001 -6.1340000000000003
2.6661000000000001 -0.16620045999999999 -6.1188000000000002
1.5168999999999999 0.44349957000000001 -6.0765000000000002
-1.556 5.3842998 -6.1764007000000003
5.9154999999999998 4.2047005000000004 3.7779999000000002
4.1571999999999996 4.6735005000000003 3.2179997
-3.3906999999999998 3.7362003000000001 3.0405997999999999
1.0128999999999999 2.9462999999999999 1.1456997
0.73119999999999996 6.8496002999999996 3.4338996000000002
-0.42509999999999998 4.0606 -2.6985001999999998
-1.0259 3.9302997999999998 -2.6939003000000001
-2.2143000000000002 3.8861002999999998 2.9196996999999998
-3.5790999999999999 4.0446999999999997 -2.9984001999999998
-2.7309999999999999 2.1550999000000002 -2.2663001999999999
-6.6863000000000001 2.9888997000000002 -3.2004003999999999
-7.4038000000000004 1.5255995 -6.1337000000000002
-9.3383000000000003 -0.084100335999999998 -4.4428000000000001
-9.0745000000000005 0.40549970000000002 -4.0244999999999997
-8.7379999999999995 -3.6333004999999998 -4.9260992999999997
-1.8414999999999999 2.3643999999999998 0.096599825
4.8818000000000001 5.9987992999999999 -3.2686004999999998
4.6548999999999996 3.6254997000000002 -3.0597002999999998
6.4497999999999998 2.4623997000000002 -3.1591003
-1.3913 2.9324995999999999 -1.8606001999999999
-5.7408999999999999 5.6999993 -6.0721005999999997
-5.5496999999999996 -1.6166996 6.1516999999999999
3.0276999999999998 0.94630049999999999 6.1528999999999998
-1.1536999999999999 6.8220996999999999 -6.1563005000000004
2.1551 3.2062995000000001 -6.1528006
7.5762 -5.6848006 -4.9650993000000003
-3.8033999999999999 -0.54179984000000003 2.6532
-8.6155000000000008 -3.6143005000000001 -5.4936996000000002
-6.1985999999999999 -7.0137004999999997 -5.4783998
-6.2043999999999997 -6.9787005999999998 -4.4384994999999998
-2.4163999999999999 -4.0641002999999998 -6.1725992999999999
-1.3684000000000001 -4.3335004000000001 -6.1700996999999997
-1.0640000000000001 -8.6959999999999997 -5.9310993999999999
0.081900000000000001 -5.2358994000000001 6.1755003999999998
0.71819999999999995 -2.2319996 6.1260000000000003
2.8172999999999999 -5.8146996 6.1016006000000003
2.7105000000000001 -4.1486000000000001 3.0272001999999998
5.1292 -4.6333995000000003 3.4478002000000001
5.5993000000000004 -3.2323002999999999 -3.1141999
9.0067000000000004 -2.8811003999999998 -5.1875
8.5943000000000005 -0.89110047000000003 -5.9904999999999999
0.3488 -3.2885996999999998 1.8498002
6.0479000000000003 2.0660994000000001 -6.1753
-0.0298 -0.53009949999999995 6.0339
6.2198000000000002 4.3744006000000004 4.4254993999999996
4.6315 5.1318007000000003 3.4480995999999999
1.6980999999999999 2.4533999999999998 -0.30900016000000002
1.1454 3.1394001999999999 1.9365996999999999
-1.9577 -7.3138994999999998 5.5993003999999997
-0.50449999999999995 3.2151996999999999 -1.8779002
-1.1243000000000001 3.3304996 -2.3245003
-2.9388000000000001 4.8296000000000001 3.1268994999999999
-2.734 3.7497997000000001 -2.8647003
-2.0655000000000001 2.4448998 -1.7351003
-5.899 2.6423998000000002 -3.1141002000000002
-8.5367999999999995 1.9440995000000001 -5.9340999999999999
-8.6366999999999994 0.23829972999999999 -3.5655000000000001
0.40949999999999998 0.79059950000000001 -6.0448000000000004
-7.0862999999999996 5.6764994 -4.0194006
-9.4428000000000001 -0.44680035000000001 -4.8826000000000001
-0.82930000000000004 -3.2126005000000002 -6.1388993000000003
7.2290000000000001 2.7610998000000002 -3.2693002
3.7401 -4.6696999999999997 -3.0678996999999999
2.4676 -6.4490004000000001 -3.1591995000000002
4.6696999999999997 1.0672997 -2.9051
-3.7256999999999998 7.2573996000000003 -6.0627003000000004
-5.6890999999999998 -1.0276995 6.1516999999999999
3.1573000000000002 -0.32829952000000001 6.1528999999999998
1.7062999999999999 6.7059993999999996 -6.1563005000000004
-1.4718 -3.1962003999999999 -6.1438993999999996
4.6298000000000004 8.1404999999999994 -5.4743003999999997
-4.4344999999999999 -0.34709978000000002 2.915
-8.5045999999999999 -3.8516002 -4.4346994999999998
-7.4538000000000002 -5.5490003000000003 -4.3428993
-6.0091999999999999 -6.2926006000000001 -3.6204996
-3.1352000000000002 -5.4213003999999998 -6.1791996999999999
-1.8251999999999999 -6.0060004999999999 -6.1792993999999997
-0.92430000000000001 -9.2599 -5.5438995000000002
1.1338999999999999 5.7253999999999996 3.1530995000000002
0.18870000000000001 -1.1712996 6.0712999999999999
2.2029000000000001 -4.7493996999999997 6.1755003999999998
3.4266999999999999 -4.2834000000000003 3.1034001999999998
-3.4216000000000002 6.7538004000000003 5.5997995999999999
3.4853999999999998 -2.0365001999999999 -2.6849997000000001
8.6874000000000002 -3.0035002 -4.1635999999999997
9.1534999999999993 -0.93540040000000002 -5.6675000000000004
6.2363 0.77249950000000001 -6.1791
7.1684999999999999 2.3825995999999998 -6.1338999999999997
-2.7705000000000002 7.1658005999999999 4.6715993999999998
6.2285000000000004 4.5954002999999997 5.0923996000000002
4.9904000000000002 5.5095004999999997 4.0517992999999999
1.7397 2.5766 1.1091998000000001
1.3164 3.4201001999999998 2.4803997999999998
0.8952 7.3473005000000002 4.0034995000000002
-0.55079999999999996 2.9350000000000001 -0.23320022000000001
-1.0370999999999999 2.8273000000000001 -0.75070024000000002
-3.1633 5.3994007000000002 3.2187996000000001
-2.8134999999999999 2.9439997999999998 -2.6966001999999998
-2.1958000000000002 2.0179 -0.39340016
-5.0129999999999999 2.2916995999999998 -3.0155002999999998
-9.1057000000000006 1.7852995 -5.5704000000000002
-8.0688999999999993 0.078499749999999993 -3.3254999999999999
1.2630999999999999 -1.9027995 6.1231999999999998
-5.7728000000000002 7.0342994000000001 -4.0465007000000002
-0.9163 4.0175000000000001 2.7884997999999999
2.9098000000000002 5.1758002999999997 3.1675993999999998
6.0095999999999998 -4.8784003 -3.2696996
-4.6524000000000001 -3.7431002000000002 -3.0666997
-6.4485999999999999 -2.4649003 -3.1589996999999999
-1.8714999999999999 -5.5407000000000002 -3.0541995000000002
5.7042999999999999 5.7306995000000001 -6.0727004999999998
-5.2074999999999996 2.5094004000000001 6.1516999999999999
0.058900000000000001 -3.1628995 6.1526002999999996
3.073 6.1933993999999997 -6.1565003000000003
-2.0971000000000002 -3.0626004 -6.1489000000000003
0.23089999999999999 -0.00050045457 -6.0206999999999997
-4.9847000000000001 -0.77969973999999997 3.0415000000000001
-8.0586000000000002 -3.3006003000000002 -3.6271996
-7.1912000000000003 -4.8360003999999996 -3.5901995000000002
-5.4757999999999996 -6.0939006999999998 -3.3645995000000002
-3.7378999999999998 -6.5707006000000003 -6.1336994000000002
-2.2850000000000001 -7.1992006000000002 -6.1338996999999997
-8.5077999999999996 -1.9207002 -3.6351998000000001
-7.7077999999999998 -3.8281002000000002 -3.5386999000000001
-7.4912999999999998 -1.1938994999999999 5.5773999999999999
-1.2230000000000001 8.4908000000000001 -3.5272006999999999
3.6402000000000001 -4.8898997 3.1905005000000002
5.5088999999999997 -4.9910994000000004 4.0518003
3.9407999999999999 -2.7743997999999999 2.9965003000000001
8.3463999999999992 -2.7387001999999998 -3.6875996999999998
9.3963000000000001 -0.38360040000000001 -5.3616999999999999
7.5103 0.84229949999999998 -6.1337999999999999
8.1969999999999992 2.6197995999999999 -6.0018000000000002
2.7168000000000001 1.3525995 -6.1315999999999997
5.8017000000000003 4.1385006999999998 5.9648994999999996
5.1906999999999996 5.7190003000000003 4.8852997
1.786 3.0173000999999999 2.2997996999999999
1.1783999999999999 3.9106002000000002 2.7732996999999999
0.72699999999999998 7.6274004 4.5755996999999997
-0.46860000000000002 3.0667 1.0658996999999999
-1.1133 3.4032000999999998 2.3936996000000001
-3.4502000000000002 5.9905004999999996 3.4482993999999998
-2.3892000000000002 2.6842003000000001 2.4069997999999999
-2.3513000000000002 2.0914999999999999 1.2633998
-4.3498999999999999 2.0700997999999999 -2.9095000999999998
-9.1082000000000001 1.8213997 -4.3342000000000001
-7.4020000000000001 0.0149997575 -3.2094
-0.2545 0.69949954999999997 -6.0377999999999998
-3.0541999999999998 8.4807000000000006 -3.9285006999999998
9.3316999999999997 -1.4991003000000001 -4.8696000000000002
5.7516999999999996 -1.1283996999999999 3.1566999999999998
-4.8788 -6.0087004000000004 -3.2695994000000002
-4.6359000000000004 3.7864996999999998 -3.0682003
-1.7782 6.6690993000000001 -3.1589005000000001
-8.8186999999999998 -3.2203002000000001 -4.5693994
7.2999000000000001 3.7278996000000002 -6.0573005999999996
-4.1798999999999999 3.9948006 6.1515994000000003
-2.6802999999999999 -1.4791995 6.1494
5.7605000000000004 3.8361995000000002 -6.1562004000000004
-2.8294000000000001 2.4051995000000002 -6.149
-6.1943000000000001 -0.057000466 -6.1788999999999996
-5.4592999999999998 -1.3101997000000001 3.1213000000000002
-7.4855999999999998 -3.3351001999999998 -3.3653998000000001
-6.6239999999999997 -4.7992005000000004 -3.3593996000000002
-4.9086999999999996 -5.4363003000000001 -3.2004994999999998
-4.5305999999999997 -7.5789002999999999 -5.8989997000000001
-2.5325000000000002 -8.1667000000000005 -6.0089993000000002
-0.83589999999999998 -9.2346000000000004 -4.3004993999999996
7.4263000000000003 -1.9565996000000001 4.6513
-3.5699000000000001 -6.0378995 3.5098004
-5.9776999999999996 6.1543994 -3.5276005000000001
3.9601000000000002 -5.4368996999999997 3.3381004000000001
5.7164999999999999 -5.1927995999999998 4.8839005999999996
4.5818000000000003 -2.4659998000000001 3.0635002
7.8159999999999998 -2.5481001999999999 -3.3761996999999999
-1.5661 9.2993000000000006 -4.7242002000000003
8.5540000000000003 0.90469949999999999 -6.0026000000000002
8.5899999999999999 2.9581995000000001 -5.7786999999999997
3.9889000000000001 2.0415994999999998 -6.1685999999999996
5.0993000000000004 3.9673004000000001 6.1016994000000002
-3.8102999999999998 -6.4047995000000002 4.0903006
3.2320000000000002 5.6387004999999997 3.2786995999999999
1.5505 5.2461000000000002 3.1009996000000002
0.81459999999999999 7.0781007000000002 5.9655994999999997
-0.40910000000000002 3.5541003 2.3919997
-1.7827 5.0804 3.0887994999999999
7.3112000000000004 -1.9610995 5.6020000000000003
-1.4656 2.6541000000000001 0.56039983000000004
3.7484000000000002 -2.5332002999999998 -2.8314998
-3.2077 1.6536998000000001 -2.3996002999999999
-8.3998000000000008 2.1079998 -3.5851001999999998
-6.4621000000000004 0.0078997649999999996 -3.1139000000000001
8.4670000000000005 -4.1415005000000003 -4.6875996999999998
7.1237000000000004 5.5243998000000003 -3.9296004999999998
1.4138999999999999 -9.3522999999999996 -4.9169992999999996
-2.8673000000000002 -5.1238995000000003 3.1581003999999999
-7.2337999999999996 -2.7600001999999999 -3.2699997000000001
3.2904 5.0015000000000001 -3.0683004999999999
6.6725000000000003 1.7743998000000001 -3.1591003
-7.5918000000000001 -0.37419956999999998 5.5545
5.8013000000000003 -5.7905005999999997 -6.0572996000000003
-1.0337000000000001 5.6867003 6.1516995000000003
-3.0240999999999998 -0.94929949999999996 6.1528
6.8266 1.1834996 -6.1559999999999997
3.1806999999999999 1.9970995 -6.1500000000000004
-9.3211999999999993 0.35819960000000001 -5.5068999999999999
-6.0919999999999996 -1.3225998000000001 3.2126000000000001
-6.6950000000000003 -2.9695003 -3.2003998999999999
-5.9309000000000003 -4.2966002999999997 -3.2003998999999999
-4.3377999999999997 -4.7988 -3.1145995000000002
-4.3742999999999999 -8.2739999999999991 -5.4707993999999998
-3.3323 -8.7382000000000009 -5.4778995999999998
-1.2241 -8.5809999999999995 -3.5919992999999999
0.41339999999999999 -7.6933993999999997 4.8191004
1.998 -5.8534006999999999 -6.1788993000000003
-1.4247000000000001 4.0973997000000004 -6.1649003000000002
4.2060000000000004 -5.9164995999999999 3.7799005999999999
-3.5821000000000001 -2.7375995999999998 6.1759000000000004
5.6181000000000001 -3.2215997999999999 3.2729002999999999
6.9642999999999997 -2.2824000999999998 -3.2008998000000002
9.4370999999999992 -0.93080039999999997 -5.0155000000000003
9.1363000000000003 0.87429959999999995 -5.6913999999999998
8.7850000000000001 3.3882995 -5.3110002999999999
5.4067999999999996 3.1573994000000001 -6.1791999999999998
4.1489000000000003 3.1417004999999998 6.1768999999999998
4.8265000000000002 5.2651005 5.9554995999999996
3.6305999999999998 6.2100004999999996 3.6965995
1.8220000000000001 5.7373003999999996 3.1792995999999998
0.4677 6.4442005 6.1015997000000004
0.0094000000000000004 5.7966994999999999 -6.1772003
-1.9133 5.7315006000000004 3.1825994999999998
-3.7017000000000002 6.4471005999999997 4.0523996000000002
-4.3697999999999997 4.8261003000000002 3.2814996000000001
-2.6311 2.1687002 2.0895997999999998
-2.5213999999999999 1.6903999000000001 -1.0218001999999999
-7.9911000000000003 1.7099998000000001 -3.3562002
-3.5209000000000001 -0.35120020000000002 -2.3490000000000002
0.84140000000000004 0.20879954000000001 -6.0437000000000003
8.4652999999999992 3.3074995999999999 -4.0313005000000004
0.68100000000000005 -5.8432994000000003 3.1597004000000002
4.0250000000000004 -4.3618994000000004 3.1673002000000001
-2.7645 7.2294992999999996 -3.2696003999999999
3.7911000000000001 4.6205999999999996 -3.0673002999999999
1.7782 -6.6690006000000004 -3.1588995
-2.3854000000000002 0.90069949999999999 -6.1140999999999996
3.7332999999999998 -7.2618003 -6.0616994000000002
2.5055999999999998 5.1990004000000001 6.1520995999999997
-1.0275000000000001 4.4047003 6.1759995999999999
6.7221000000000002 -1.7012004999999999 -6.1558000000000002
3.2772000000000001 -2.6786004999999999 -6.1623000000000001
-5.5075000000000003 -0.06480023 -3.0148999999999999
-6.7667999999999999 -1.4243996999999999 3.4497
-5.9069000000000003 -2.6326003 -3.1143996999999999
-5.2308000000000003 -3.7891002 -3.1135997999999998
-3.7364999999999999 -4.0709 -3.0175998000000002
3.0836000000000001 -3.5890995999999999 2.9775002000000002
-2.8506 -8.8856000000000002 -4.4222994
-0.8669 -8.1334999999999997 -3.3593993000000002
0.14899999999999999 -4.5272006999999999 -6.1697993000000002
2.3820999999999999 -7.1739005999999996 -6.1336994000000002
0.50509999999999999 -1.3732005 -6.0720000000000001
4.3745000000000003 -6.2197994999999997 4.4257007000000002
5.2618 -4.8401994999999998 5.9512004999999997
6.2072000000000003 -3.6336997000000002 3.6957002000000001
6.1494999999999997 -2.0179002000000001 -3.1149998000000001
9.2703000000000007 -1.0589004 -4.4249000000000001
9.4057999999999993 1.0587996 -5.1456999999999997
5.8638000000000003 7.3731995000000001 -4.6598005000000002
6.5239000000000003 3.8228996 -6.1336006999999997
4.6135000000000002 -7.2640003999999996 -3.5382996000000002
-2.7732000000000001 1.3896002000000001 1.0625998999999999
3.6922999999999999 6.6487007 4.4294995999999998
2.0297000000000001 6.3456006 3.3193996000000001
0.45329999999999998 5.1230006000000001 6.1792993999999997
-0.69420000000000004 6.4595003000000002 3.2779995999999998
-2.0733999999999999 6.3669003999999996 3.3274995999999999
-3.8557000000000001 6.6942005 4.8901997000000001
-4.7793000000000001 5.3719006 3.6926994
-3.0878000000000001 2.4359001999999998 2.7090998000000002
-2.4026000000000001 1.8104 0.39319986000000001
-7.1612999999999998 1.5336997999999999 -3.2004000000000001
-2.9990000000000001 0.18100002000000001 0.32950000000000002
9.4240999999999993 -0.23620036 -4.6821000000000002
9.0623000000000005 -0.4875003 -4.0138999999999996
-0.85770000000000002 2.8877000000000002 0.42809977999999999
-4.0705999999999998 4.4040002999999999 3.1762997999999998
2.7633999999999999 -7.2287005999999998 -3.2693994000000002
4.609 -3.7780003999999998 -3.0655996999999999
-6.6718999999999999 -1.7757002 -3.1590997999999999
1.4218999999999999 -2.8330001999999999 -1.6204997000000001
-5.7529000000000003 -5.7951006999999999 -6.0615997000000004
3.9855 4.1729006999999996 6.1520995999999997
0.81440000000000001 4.4494004 6.1759995999999999
3.8315000000000001 -5.7618003 -6.1562995999999996
-3.2427999999999999 -2.0639004999999999 -6.1523000000000003
-4.8421000000000003 -0.20870021999999999 -2.9142000000000001
-5.3762999999999996 -5.3625993999999997 5.5658006999999996
-4.8882000000000003 -2.4461002000000001 -3.0091999
-4.4367999999999999 -3.0771003000000001 -2.9985998
-3.2888999999999999 -3.4683003000000001 -2.9036998999999999
-4.5509000000000004 -8.1018000000000008 -4.3426995000000002
-2.9832999999999998 -8.1361000000000008 -3.5900992999999999
-0.77610000000000001 -7.2825002999999997 -3.2003995999999999
0.72760000000000002 -6.0871005 -6.1786994999999996
2.5722 -8.3763000000000005 -5.9304996000000001
1.3454999999999999 -2.3236005 -6.1192000000000002
4.5952999999999999 -6.2285994999999996 5.0924006000000004
4.9513999999999996 -4.1761993999999998 6.0989003000000004
6.6471999999999998 -3.6948998 4.4290003999999996
5.1039000000000003 -1.7617003 -2.9984999000000001
8.6204999999999998 -0.68280030000000003 -3.5718000000000001
9.1866000000000003 0.9116997 -4.2107000000000001
8.9870000000000001 2.9735993999999999 -4.8996000000000004
7.4539 4.3228992999999996 -6.0004004999999996
-8.4952000000000005 4.1575993999999996 -4.9069003999999996
4.1607000000000003 4.9538007000000004 6.1001997000000001
3.7728999999999999 6.7535005000000004 5.1055994
2.218 6.8716005999999998 3.7287995999999999
0.28079999999999999 3.7456005000000001 6.1710997000000001
-0.67859999999999998 7.1645006999999996 3.7023994999999998
-2.1703999999999999 6.9262003999999999 3.7788993999999998
-3.5095999999999998 6.2018003000000004 5.9651994999999998
-5.1670999999999996 5.5596003999999999 4.3881993000000001
-4.4920999999999998 3.1443002 3.1025999
3.0234999999999999 -0.14409995 0.53739999999999999
-6.3170000000000002 1.3538996999999999 -3.1137999999999999
-3.9045000000000001 0.1005002 2.6970000000000001
2.5872999999999999 -9.0635999999999992 -4.6880993999999996
7.1024000000000003 -5.6939006000000001 -4.0507993999999998
-6.6759000000000004 6.6792993999999997 -4.8170004000000004
-7.8879999999999999 3.9756993999999999 -5.8945002999999998
-7.6359000000000004 1.2283998 -3.2686000000000002
-3.2624 -5.0393999999999997 -3.0698995999999998
2.4851000000000001 6.4411993000000001 -3.1591005000000001
-7.0285000000000002 -2.5917997000000002 4.1661999999999999
-7.1961000000000004 -3.6951005000000001 -6.0721993000000003
4.7637 3.2583004999999998 6.1520995999999997
1.0266 -4.4009995000000002 6.1760006000000001
1.173 -6.8052006 -6.1567993000000003
-3.7749999999999999 0.75439953999999998 -6.1524000000000001
-4.1157000000000004 0.12629979999999999 -2.7101999999999999
-7.2808000000000002 -1.5339997000000001 4.0632000000000001
-4.3863000000000003 -1.7602002999999999 -2.8918998
-3.802 -2.8153001999999998 -2.8919997
-2.0830000000000002 -2.2393999999999998 -1.1898998999999999
-4.6031000000000004 -7.3421006000000002 -3.5899994
-2.5415000000000001 -7.7736006 -3.3589994999999999
-0.69999999999999996 -6.4268999999999998 -3.1142995
0.84079999999999999 -7.5025005 -6.1339993000000002
3.0059999999999998 -8.8268000000000004 -5.5178995000000004
1.5396000000000001 -4.2986006999999997 -6.1707996999999999
4.1383999999999999 -5.8021994000000001 5.9647006999999999
3.9424000000000001 -3.4474995000000002 6.1755003999999998
6.7530999999999999 -3.7754995999999998 5.1005006000000002
3.7989000000000002 -1.4685003000000001 -2.6972
8.1219000000000001 -0.79370019999999997 -3.3525
8.8336000000000006 0.87129970000000001 -3.7715000000000001
8.8629999999999995 2.7505999000000001 -4.3163999999999998
7.9588000000000001 4.5698996000000003 -5.6955004000000002
-2.8235999999999999 2.9053996 -6.1576000000000004
3.3511000000000002 3.8684006000000002 6.1790995999999998
3.6044999999999998 6.1687006999999996 5.9549994000000002
2.4117000000000002 7.2049003000000003 4.4035997
0.49740000000000001 0.94680050000000004 6.0644999999999998
-0.83340000000000003 7.5624003000000002 4.4276996000000004
-2.2353000000000001 7.2698007000000002 4.4302998000000002
2.5708000000000002 4.7936997000000003 -6.1757007000000002
-5.1875 5.7513002999999996 5.0249996000000001
-4.9379999999999997 3.5507002000000001 3.1881998
-3.1448 1.8420002 2.4568995999999999
-5.2728000000000002 1.1118996999999999 -2.9963000000000002
-4.4969000000000001 0.33850019999999997 2.9287000000000001
3.1368999999999998 8.8871000000000002 -4.6646004000000003
5.7617000000000003 -7.0288005 -4.0312995999999996
2.2265000000000001 2.0070000000000001 -0.55280019999999996
4.1830999999999996 7.9927998000000002 -5.8063006000000001
-5.4618000000000002 5.4807997000000004 -3.2692006
-3.7924000000000002 -4.6398999999999999 -3.0687997
-2.4689999999999999 -6.3734000000000002 -3.1520996000000001
2.5855000000000001 -7.0380992999999998 4.1780004999999996
-8.0755999999999997 -0.45380044000000003 -6.0724
5.2070999999999996 -2.5123994000000001 6.1516000000000002
-0.81430000000000002 -4.4493995000000002 6.1760006000000001
-1.7056 -6.7158002999999997 -6.1559996999999997
-3.6293000000000002 1.4970995 -6.1543999999999999
-3.0251999999999999 0.32589990000000002 -1.0619000000000001
-7.5434999999999999 -1.6413996 4.8651
3.4337 6.7547006999999999 5.5903996999999999
-3.7172999999999998 -1.9918001999999999 -2.7399998000000001
-2.2121 -2.0485000000000002 0.43790015999999998
-4.1010999999999997 -7.0760006999999998 -3.3589994999999999
-2.2707000000000002 -6.9524007000000001 -3.1993995000000002
-0.6895 -5.3960999999999997 -3.0047996000000001
1.0094000000000001 -8.4908000000000001 -6.0089993000000002
8.7211999999999996 0.10979973 -3.6352000000000002
3.1383999999999999 -5.4174004 -6.1791996999999999
3.9668000000000001 -5.1015997000000004 6.1014004000000002
7.1687000000000003 -4.7607007000000001 -3.5383995000000001
6.1634000000000002 -3.6195995999999999 5.9528002999999998
3.3624000000000001 -1.0499002 -2.3372000000000002
7.2812000000000001 -0.77530025999999996 -3.2002000000000002
8.234 0.82269979999999998 -3.3990999999999998
8.4145000000000003 2.6993996999999998 -3.7350001000000002
-7.7203999999999997 0.19130038999999999 5.1714000000000002
1.0608 -1.6665004000000001 -6.0918999999999999
-6.7413999999999996 -5.3043003000000004 -3.5269995000000001
3.0434999999999999 5.7023004999999998 6.1011996000000002
2.3509000000000002 7.3725003999999998 5.1092997000000002
-0.71230000000000004 7.7053003000000002 5.0949992999999996
-2.4380000000000002 7.3431005000000003 5.1132993999999998
-3.4110999999999998 5.4874004999999997 6.1015997000000004
-4.7317 5.3386006000000004 5.9608993999999997
-5.4447000000000001 3.9502003000000001 3.3382998000000002
-4.2134999999999998 2.1179001 2.9743998
-4.5495999999999999 1.2930998 -2.8929
-6.7031999999999998 0.0037002515000000001 3.3292999999999999
-1.3247 -9.3331999999999997 -4.6948996000000003
2.9813999999999998 -8.4596 -3.8669994000000001
-2.0630000000000002 -4.2465000000000002 -2.8901997000000001
2.9954999999999998 0.16279995 -0.62480000000000002
1.2266999999999999 7.6447997000000001 -3.2701006000000001
-5.9631999999999996 0.29789975000000002 -3.0667
-6.6656000000000004 1.7987998000000001 -3.1591003
5.3667999999999996 -1.8902005 -6.1768000000000001
-0.43070000000000003 8.1186000000000007 -6.0666003000000002
4.1791999999999998 -3.9971994999999998 6.1516004000000004
-4.3091999999999997 1.3738005 6.1760000000000002
-3.0714999999999999 -6.2017007 -6.1561994999999996
-1.6174999999999999 3.4562995000000001 -6.1515006999999997
-2.9872999999999998 -0.095500039999999994 -0.4929
-0.42299999999999999 -5.2655004999999999 -6.1749996999999999
-2.9295 -1.2245998 1.3784000999999999
-2.8631000000000002 -1.1320001 -1.2744998999999999
-2.3269000000000002 -2.2953996999999999 1.7379001000000001
-3.6718999999999999 -6.3313002999999997 -3.1998994000000001
-1.9019999999999999 -6.0401999999999996 -3.1014995999999999
-0.96870000000000001 -4.8078000000000003 -2.9223995
0.37540000000000001 -9.4161000000000001 -5.2813996999999997
-4.282 -3.9670996999999999 3.1532000999999998
3.8193999999999999 -6.5166006000000003 -6.1338996999999997
3.1419000000000001 -4.1882997 6.1755003999999998
-8.2405000000000008 4.5274996999999999 -4.5933003000000001
5.7004000000000001 -3.0487994999999999 6.101
2.9186000000000001 -1.4003000999999999 -1.8460999
6.1181999999999999 -0.76210020000000001 -3.0853999999999999
7.2824 0.75389974999999998 -3.2000999999999999
7.8494999999999999 2.5413996999999999 -3.3884002999999998
3.3847999999999998 -8.7988999999999997 -4.7084994
4.0218999999999996 2.9950994999999998 -6.1738
-6.3600000000000003 -4.1082996999999999 5.5991005999999999
2.5314999999999999 4.4744004999999998 6.1792993999999997
2.2646999999999999 6.7553004999999997 5.9657992999999996
-5.8167999999999997 -4.7061995999999997 4.1519003000000003
-0.67679999999999996 7.0925007000000004 5.9656997
-2.1667999999999998 6.7704005 5.9759994000000001
-2.6400999999999999 4.4136004 6.1792993999999997
-4.4812000000000003 4.6581006 6.1011996000000002
-5.8300999999999998 4.3300004000000003 3.7836997999999999
-4.2037000000000004 3.8315994999999998 -6.1767006000000002
-3.9958999999999998 0.82289979999999996 -2.6979000000000002
-3.9841000000000002 2.8107997999999998 -2.9181004000000001
-4.7122999999999999 1.0685003 2.9992000000000001
1.8697999999999999 4.1196999999999999 2.9310996999999999
-7.1227999999999998 -5.4498005000000003 -3.8655995999999999
0.55020000000000002 9.4453999999999994 -4.9371004000000003
-3.9809000000000001 -7.9241004000000004 -5.8782997000000003
5.4802 5.4616994999999999 -3.2691004000000001
-5.3159000000000001 2.7331998 -3.0673002999999999
-6.4413 2.4860997 -3.1591003
9.3025000000000002 1.7369996000000001 -4.9260999999999999
8.1468000000000007 0.44719955 -6.0625
1.0327 -5.6886996999999999 6.1516004000000004
-0.092700000000000005 4.5227003000000003 6.1759995999999999
-5.7724000000000002 -3.8371005 -6.1558995000000003
2.7509000000000001 2.6754994000000001 -6.1520999999999999
-3.4823 -0.095499829999999994 2.2534000000000001
-6.9873000000000003 -1.4239995000000001 5.9622999999999999
-3.1610999999999998 -1.2476999 2.0642999999999998
-3.1291000000000002 4.1260995999999999 -6.1745004999999997
-2.6945000000000001 -2.7510998 2.6622002
-3.3199999999999998 -5.5800999999999998 -3.1172995999999999
-1.3766 -5.2133000000000003 -2.9977996
-2.0087000000000002 -2.5439994000000001 6.1551
1.0382 -9.2790999999999997 -4.4368996999999997
2.9843999999999999 -8.7752999999999997 -4.2919992999999996
4.3754 -7.3463006000000002 -6.0089993000000002
-4.0050999999999997 -7.5824002999999998 -3.5257995000000002
1.7237 -3.0005004 -6.1424000000000003
4.5697000000000001 -2.5579996 6.1755000000000004
2.7321 -1.1994 -0.40599990000000002
5.3696999999999999 -0.44020024000000002 -2.9967999999999999
6.4486999999999997 0.68499975999999996 -3.1162000000000001
6.9690000000000003 2.2530996999999999 -3.2004003999999999
8.1856000000000009 4.7511996999999999 -5.1574005999999999
4.6155999999999997 4.2552995999999998 -6.1793003000000004
1.0992999999999999 0.61400049999999995 6.0747999999999998
1.7738 3.5341005000000001 6.1729994000000001
1.796 6.2054004999999997 6.1017995000000003
1.431 2.6668994000000001 -6.1314000000000002
-0.88529999999999998 6.3980002000000002 6.1019997999999998
-2.2065999999999999 6.0688003999999998 6.1021995999999996
-1.9651000000000001 3.2031003999999998 6.1711992999999996
-3.4984999999999999 3.7707004999999998 6.1792993999999997
-6.0757000000000003 4.5886006000000004 4.4536996000000002
-5.2282000000000002 2.1643002 3.1276999000000001
-3.1092 0.73809990000000003 -1.7136
-2.5764 -8.6089000000000002 -3.8887991999999998
0.6583 -0.53910047000000005 -6.0429000000000004
-8.4832999999999998 -3.3155003000000001 -4.0577993000000001
-1.0620000000000001 1.4130005000000001 6.0987999999999998
0.45619999999999999 -8.1532999999999998 -6.0615997000000004
-2.5055000000000001 -5.1990995 6.1521005999999998
2.0851999999999999 4.0854005999999998 6.1763997000000002
3.6888000000000001 0.47269951999999998 -6.1490999999999998
-5.6498999999999997 0.30730024 3.1278999999999999
-6.2739000000000003 -1.5475996000000001 6.1014999999999997
-3.1318999999999999 -3.1477997000000002 2.9137002999999999
-2.6831 -4.7164000000000001 -3.0021996
0.65500000000000003 -8.6763999999999992 -3.6205992999999999
2.3755000000000002 -8.3381000000000007 -3.5937994
-2.5705 -1.7316001999999999 -1.3515999000000001
3.4152 -1.5377995 6.1707000000000001
2.8673000000000002 -1.1792997999999999 1.0464001000000001
8.0572999999999997 4.4449997000000003 -4.1775001999999999
-2.3426 2.3919994999999998 -6.1395999999999997
1.4671000000000001 4.9130006000000002 6.1791996999999999
-2.5790000000000002 2.7400004999999998 6.1712999999999996
-0.26700000000000002 0.0053004549999999999 6.0243000000000002
-7.1131000000000002 0.038600452 5.9732000000000003
2.3146068319996642 -2.38620414928761 6.1576840042645715
1.9422336169066075 -2.5442291092198679 6.1543395982527951
1.4891487618939283 3.6719771992742292 -4.6844060680576796
-0.19358046071267382 -0.1927395144965629 2.3961491983343901
-0.26631762239381096 -7.3555546555561708 -4.6713508314888692
0.043530049660163488 -0.46464852808551288 -2.8628660302183402
0.28598678628373375 1.7367726826568608 -2.0395270101489587
-5.2534242251749559 -2.901088425138401 -4.8689255303659991
-3.0253579805878443 -5.9806464921954108 4.7438994703136661
-0.21147697918285155 -0.77687036315415758 -0.63618177380651009
7.008114359903205 -2.5706451327619373 -4.6023871432273813
4.5623584583131382 4.6078167506800085 -4.4249357252184707
4.6028588652809965 -2.6126303366633525 -4.8356624489064668
-5.5647771341194927 3.7202501601668221 4.7188733190173036
-2.5672519789589052 4.3186853062233448 4.6271466536816552
-2.3402772798308948 6.1468801671770219 4.6462235492805375
-2.5439987666619248 1.6436251086321365 4.3996318100526386
-1.206625039757494 1.153367940012171 5.0992320060136755
-0.014224625555994292 4.2518255463534356 4.3506937146760345
-4.3480003590283243 -3.3185655282812236 4.9201206688297798
-0.90569851984348548 6.497062512828478 4.94936346858095
-3.829289513398026 2.1791546228545267 -4.5825304342776798
4.5592335466500273 -5.0710435733327373 4.8347427400114045
-3.6803116360297294 2.3079600100260302 4.4415286213434211
-1.1964803059802787 3.0024266976290033 3.3328678419123832
5.1259988583595391 -1.2963714376758471 4.2555440592932685
1.7368642715641782 -0.74934083052283373 -4.8269515464575843
-2.1799603140119839 -4.323781248843015 -4.8369472263375446
-1.7499278362942379 0.64123921400542228 0.2446112031481936
-6.5206155387920415 -0.33747061372206028 -4.5158127305792899
2.2617349835315181 -1.2149616778832262 1.8855662910155333
3.1447438958813123 -5.8848361377091054 4.6196308303298279
-0.47240212148483784 8.6977851640353929 -4.9372725890319575
0.67510014997969003 1.7152023103615486 4.9062778196962027
-2.2926063424427756 -0.13566949156646418 -2.71313647671932
1.6848975094842706 1.9078435671708756 -4.6921703524834237
-6.2373353945920966 -5.8775673554596901 -4.9135743768476958
2.1591996627542738 -8.0048044563221392 -4.7223802415537017
-6.0997847969254853 6.0371092323962312 -4.8717874638802687
2.9373633581308796 2.440229220534091 -5.0669668677383068
-4.9869971616867792 1.161186776934348 4.1972742466807915
1.0098156878319646 -1.854941833506873 0.45721005479998328
-1.6865836976399926 1.3940636525023014 -1.3102166413187744
3.3469700857716971 -5.1297297141471718 -4.491409991298803
-3.7485472223784839 7.7269024422736736 -4.8193547487690749
1.6348964112847229 4.4602885979293925 4.5266326027546491
6.7164658141668996 1.3710773150393205 -4.6097430030009736
-6.4836343864836783 1.7289947122550207 4.8990649333488872
2.2803740959346492 5.7288129711548743 -4.251354666053464
-1.3600310351841161 7.3476981014509519 -4.3478478536561358
6.4888872847020878 -1.7564746903084862 4.8005891100597866
-0.99505788921291427 3.108320148290431 5.2319884616607339
8.0935090056751946 2.2267056245483001 -4.6799971734140922
6.7548737935206153 -0.14242448826784465 -4.5439394899834689
-0.86033662570600866 2.1178410052804044 1.0329186561041779
4.6264324527207297 -0.86710669746046742 -4.3838308001317721
-4.9313785258785501 4.5734722682004181 -4.8856088920529217
1.9640988879783314 -0.026605095716057368 -1.0291373123461718
-3.2656414503215396 -2.9495666262601428 -4.852612430133675
6.4033409267296815 5.4454780354666976 -4.8110805487761814
0.9020945183429967 3.0193583748584474 -2.9448631137376009
3.364657409172553 -7.2480061874716197 -4.3962177904411739
0.94625244727991653 6.2541869173723672 -5.3007823658565911
1.4627244378258926 -1.3553146168347705 4.208497529085089
-2.1731678741555842 8.3644151885162188 -4.8942281265180565
-3.5682848376932825 -4.6857674039047446 4.2016101178661822
-5.0533475486398292 1.9202413119399533 -4.8158317179609025
0.67635424047576331 5.2717659135106949 5.5803246886872415
6.4453715983382764 1.8645599480398569 4.7925663033041559
-3.8381121343188895 5.4676817298397546 4.8233189652292712
-4.1208719142087906 -1.8972020534779859 -4.2419413896725011
-6.1379799405848061 -2.4983490189728248 4.7650229054644777
2.7647650450222416 4.3136602027813922 -4.1186650449437101
-1.5908480476896776 -5.7166155646354291 -4.4679756788169485
-3.5700027613103837 -0.73885552083503003 4.5128790099263707
3.7794914671185342 3.2902950930843855 5.1007093580923168
-7.8273994820375732 -2.9657066011981148 -4.8314505357958151
7.3871617135003902 3.8299270522756497 -4.7765959990589559
8.4308003443018578 0.61678199993285354 -4.7812316494432068
2.0241055772760177 -2.4937497513872664 5.3819658226764266
-2.7053400970716059 1.042090656555356 -5.3250706398887946
2.7822057217212661 -3.4843370344014253 3.7378002153944583
4.1440645829641856 5.196371869078753 4.6513517235480322
-6.5103173920871686 3.326034000200051 -4.7388744736239072
6.1935515098259124 -5.996349195293007 -4.7783311887102
1.6760837190257218 -6.403034339746327 4.7055419845615543
0.96042010751527462 -6.6081654376046384 -4.4143131011574486
5.0642526051973311 3.2590603650542831 -4.82800451248242
-4.3556161712499231 -4.6160792360593819 -4.8924047205746684
-7.1458507670099056 -4.30641275951493 -4.8004830696209169
1.0672043848383912 -0.2539095407671853 5.1704344848141481
4.4566339609096453 -3.5597897013292412 4.4057408761804604
-2.9682467947472029 -2.5823270957064253 4.8534964037847637
-2.6955208140401403 6.5213236914478641 -4.6771886102445386
-3.4203104992743363 5.1523309657626388 -4.3698143545830632
7.3612126826806854 -1.2363601134088094 -4.0653903034663825
0.001800502928536341 -5.4493063094668681 -4.7886745013004184
3.0311336789191152 0.25218545620795207 -5.1708014460225336
5.0751100458961274 -4.5115312283593951 -4.49319029981796
-4.7698688810296188 -6.4804438209852648 -4.5630520138230883
-3.0821067163166664 -5.493264910239458 -4.2928555153359573
-2.5642573283282739 2.6057530445230341 -5.5008546032586887
5.3784125933380968 0.48828170583646158 -4.8517022279299473
-6.5215263618969335 -0.99539877395618048 4.6938421191544917
5.0940072069038074 6.5192460280274425 -4.6852217334522006
1.0537856070681189 -2.5468947476595267 2.1510628592928289
3.5719267200694369 5.2444053746709614 -3.6229833008380479
1.6250060274614022 -4.9795191920184916 -4.210638365919757
-7.2909328383334717 1.0298957931175787 -4.5430269738081055
-3.2534672972735934 0.61089520399212305 5.0458429266882758
0.9824779862551607 -2.178821370126415 -1.3501563268427299
2.4737468254404074 -3.4474269129465838 -4.6985717078534552
3.3034936973956661 6.7306716983836266 -4.1309496416626761
-1.7696091615584217 5.3501642207739994 -4.2463037618056489
-4.5783330458672378 4.3362057505356697 4.4345513956024769
3.2117732950540732 -2.04979729512065 -4.106335941467286
-1.8465524501267345 3.812345717018748 -4.7771637416016617
0.84452219138737306 -8.5028928552335064 -4.6978446785036461
-2.5655520146552324 -2.1823793147451669 3.2333104342597809
-4.9873149839407853 -0.75617872390965613 -4.4623402098298328
-1.2664244787049048 -0.88225286276555659 5.0725126408877443
-1.8858859232753726 1.4917302891197541 -2.5419092280318325
2.1016514142318248 1.0816573294104368 -2.7549397449321629
-6.4083707698608618 -1.6826755760260574 -4.3193777229421091
-1.9788591620389302 -8.2020077587301703 -4.7795242538449196
6.1497083298007258 4.0195483854631533 -4.1735697781459278
3.996964109885635 -7.8021340386899229 -5.1480010259338407
2.2950392673777933 -6.1987818835137647 -4.3997798381294171
1.1930260557790848 2.1497360234621308 1.340526681599268
-3.1554308934049771 3.8566846609513412 -5.2736987286317341
-0.70259124815579499 -3.0434473140036511 -4.42275309984048
-0.14580807513543356 4.4847124547929651 -4.5027536003502915
2.4535595926701266 2.6307519546058589 5.3339437971057784
-3.8046663179134144 -7.78457707526006 -4.8063827360998213
6.3836006745240148 0.21143787763218813 4.570043888178418
-6.5450096781980704 4.7367051317165378 -4.344890412439363
1.9557632647533518 7.3300627591346776 -4.2957452672156498
3.9735271682854036 1.4646682411549248 4.3222363461427813
4.8645042542657411 -2.3368912388415204 5.2585814499419818
-2.6630352268894408 -6.8488525661485289 -4.3997893048511516
-2.4899560724668013 0.2361367356526923 1.4985281669975976
-1.1178784653099083 -5.3082607291469763 4.831907119873982
5.5605414409785041 3.8352785080345764 4.8756492077274283
3.5135967906825858 -1.6188250235228672 4.2638459244882849
3.1413088294775862 -4.083408784861887 5.2033668836483198
-2.4335958356612144 -4.3509114316136319 5.240292476535827
-0.59382538440950172 6.1086829851762641 -4.6932494860621743
1.6699176414610351 2.0001595704296871 -1.4123982676434585
1.1844795163053057 -2.5480938899857923 -4.4097478043946605
-4.1806231250031454 3.7745649208082619 -3.6987328667565404
-8.5953967404920135 1.0871562830169672 -4.8415934949149459
-0.52587795824909001 -2.7026654215465538 3.0658291624150489
-5.6782078618936129 -4.5339651734921187 -4.1359917552999539
2.5242976761817317 2.0288803553258732 3.3938237739204529
4.427159521319151 -0.13171012363927695 3.8412454138336978
-0.62901313927273494 2.6787353371757643 -2.5200093583118428
-6.766273274135937 0.56275695139927973 4.7093575859891939
-2.2131555369620539 -1.863715679254917 -3.2063612395877716
-1.7251358538471255 2.5582121686989052 -3.45418057536269
2.4845228516622964 8.3348830930373055 -5.0121602797820444
4.7465267349954976 -6.5244979638628022 -4.630128953252604
-8.21124613527045 -0.61977311185025896 -4.7335781913206469
-2.9180532504621581 2.7577096059471282 -3.6309572177430547
1.725734737210447 -4.0814139292826868 -5.5781560946780582
-0.16334540377393722 1.1636033939981294 -4.655031803038054
2.3780389649630074 3.483265270299885 3.5409212120175084
-5.5269996307090041 0.71142444408208805 -4.6709044409466891
0.12061690102762039 -6.6773639754475145 4.6328040714972216
2.2303952049834592 0.94426039698725739 2.5294566275789592
2.3632722423414423 6.0423951342901088 4.6159088204072019
-2.9474023065973558 -0.85448531489689072 -5.2537559432097085
-8.1111215672061299 2.5890230025662406 -4.7856656197144662
-4.5226861870937913 6.280506593045609 -4.3330279957020617
-1.7716682746200689 -3.2317057312336037 5.1520173343338289
3.6989337643694431 -3.7729002822170776 -5.5512475787469251
-0.032583336637593704 -1.1292997263089455 -5.1646933526903398
-1.4686268459562515 0.13598540507198045 -4.967866585819336
-3.6799575398657982 3.4401379072230536 5.287474351141336
-6.4037057183982551 2.8072398224307529 4.8565022521619881
-5.0608518221739462 -0.31915923499227872 5.0331378509061935
1.9244051079609583 0.39108376194782646 0.45841117803165005
0.313524547598098 -4.6216095283677108 4.3573176802770321
3.3155656328157983 -0.58479715789810227 -3.0633086370637126
0.25624396496938157 -2.5075349442944286 5.4403394620617407
-1.0151819686792263 -6.5879394765050892 -4.0993306489210521
-1.8669300244103508 -3.0922693482905386 -5.1165561781963609
-0.91088527069558345 -4.4421735239639508 -3.9867401817589756
-6.453435487761725 2.0889244677835794 -4.1510890600213139
-4.9471928334082635 2.5396212939299332 5.1081561142814502
7.007141478242402 -4.6095446125113995 -4.7084998628450592
0.71508499370720191 -3.9573551456726532 -3.5044428981640121
-2.1149811890649381 -0.91568358488857893 0.65149290961532069
-2.2320002390701199 -0.64863219821262141 -0.99385499961948143
3.5970443901584073 3.4199361145456075 -5.2052816421906494
-3.0208890238856871 1.2803998212372942 -3.4055511343325819
-8.4665713068028925 -1.9017816048334986 -4.9242374937319395
0.35998627198620259 6.0609458783031158 3.8962041911300971
-1.8114267900327801 -1.7692965485689012 1.9862335899496226
-7.664892388581551 4.0200396192461891 -4.9217427877792455
8.0486260286057529 -3.1509319594706549 -4.8561713323762934
-2.5411714265783987 3.0744007439039547 3.7495450044974894
2.8176109017155202 0.095691704634165986 5.1713855008011071
1.0576057833223032 -3.461086469877543 3.664712972303827
-4.0455669088039006 0.46577926565512268 -4.8618998738512493
1.176429968631187 0.39243806917612506 -5.2904009869055546
2.6623760319389778 0.2598462382663595 -1.9250428451384252
-2.7785266492716021 -0.15553940758031506 2.9039666407853328
-0.05635510467085704 2.4864136767880276 2.5604755722039561
-6.3722704955973093 -3.0292728330217287 -3.9119621676641425
1.5417307188088822 1.9259180812467576 -0.094634039245892823
5.7975352343447115 -1.5009885784972099 -5.4735224587366877
4.8500164215002179 -0.50865532695395799 5.5931309493969357
-0.20287477411216578 2.1030011872998768 -0.46217683669267284
-5.6165842790488041 -4.1120878875325877 4.690945074325974
0.8836683952996055 3.3074371509571519 3.7205219647225523
2.8645539729306235 4.402673803817688 5.2478757316073104
0.38005974210704957 7.8478594985938921 -4.5631765718640631
0.54234350384752361 -5.4273712211564655 5.6727191097198668
8.2666960810721815 3.3457043249337399 -5.009834070378071
-3.6412875562512559 1.0225037660923977 -5.7091248551787013
2.3118747445977155 -2.4237916544145892 3.0180788591202128
1.4082806222899436 6.7972762938830407 5.0111464756945718
-1.3631361654792111 -2.0582643853271589 -1.5699147914735812
-0.17915187148016506 2.8024160608608377 -5.1090994827803762
-0.18098940369958383 -2.6013291829555452 1.4507510317335033
3.9882553556463205 7.7021194943124547 -5.0225741212355901
5.8035976960402582 -3.1090460869976111 -4.0830262340286883
0.24006389890686258 6.8397605959931447 5.2622953354070523
3.6190131500409417 -3.693563955778115 -3.5494098165883088
5.8364948176604408 -3.6119625833094857 4.783840241035886
0.23368185543400929 -3.8721652302899745 -5.4767210880697093
-1.6436309056265501 -1.6102717943065017 -5.4391782877275388
0.081686845238901185 -2.6937197923918506 -2.6870152863758876
-4.4231047187006975 -3.4166193867502281 -3.5107694349263716
0.55474432331347012 5.6336483411991134 -3.6641945876003579
-2.131156837460527 1.674637856369793 2.4922978008246912
4.9840812233866458 2.1230101481120811 -5.6131439160990837
8.5095923897665795 -1.2918933181332737 -5.0130619192263941
-4.6409713758104338 -4.8878013040303108 5.1777852707805003
5.7383828716585921 -1.3931282685288797 -3.6690905160711798
-5.1618751829751917 7.1253647582945669 -5.1713380963015254
-1.6341704420286054 -6.6801211232174351 4.8667384673960612
-5.304495004881093 3.2009343491217277 -4.0998408121856293
1.8092357653539108 -4.5681356906043504 4.7536092834486752
-0.099363520267123528 0.3420153287245658 5.4601800778288734
4.4165530256317274 1.8644016510725852 -3.9506614428805165
1.3518627624292832 5.0759384714286764 -5.4275389935848501
3.525283914222114 5.4081794328197281 -5.4671293059797845
-1.7030028896884533 1.8780122481597048 -5.3821382743206758
1.4951038361977622 2.7055913628027564 2.628978132551437
5.1208632356493649 2.3437286671104016 4.903748066338121
-4.5819979930047117 -1.8857093340131863 4.4805689867520817
-0.97226996174136104 -3.9090668124819885 3.8649137387460701
3.1788294407765267 -3.669405856394567e-05 3.1091602066822346
2.1980814036025356 -1.4446257927276405 -2.3734840213914015
2.0976894805430981 1.2052300018078823 5.3840090183329412
4.3078940127436383 0.36456468086533078 -3.7917604346441163
-3.5444212040741352 -0.3611643031370399 -3.3685343472660101
4.9566527815422914 0.82210883400598256 5.45477379027085
-0.93376818090426095 -2.1262275857204087 0.18520161911052935
3.2825990829820921 1.5464631394897699 -3.1803154993443776
-0.7156535175158677 3.6190315355329394 -3.1207216519229166
-0.60408603052789966 -8.6290038032281622 -4.8252984945033912
1.4108067296673099 4.8292932923512666 -3.5554071220269678
4.4587141110289021 3.2636696447938265 3.6171007132413671
3.0855976829634399 -2.6214034025525921 5.6496029992899821
2.3026003879706805 -5.1044935804293798 5.7407429385981725
3.381406840505806 2.7475166597429479 3.4735021863836333
-3.4962716386774808 -4.2841147657836469 -3.6328198547234511
6.1137085333638073 2.4253008112085137 -4.1356366187182934
0.73768909079348333 6.760443458393925 -3.5499828051442868
3.3524324543708528 -5.2226452750170518 5.7504689054260814
2.1132353572435245 -1.814647891684577 -5.6183780286248366
-1.0260776689368365 4.9385266061884439 5.0458329416133676
-2.5641269313493074 2.3126421509063033 -2.7126733857077445

CELLS 8711 43555
4  2142 2707 1735 2689
4   908 2920 2776 2728
4  2707 2498 2786  548
4  1376   34 2572 2866
4  1473 1802 1714 2659
4  2746 2432 2729 1195
4  2390 1197 2277 2728
4  1794 2677  138 2526
4  1127 1700 1229 2790
4  2857 1430 2791  111
4   340  434 2727 2846
4  1643  997  953 2921
4  1382 2577  342 2665
4  2445 1120  515 2674
4  1032 2265 2355 2886
4  2848 1404  128 1138
4   210 2743 1844 2824
4  2409 2663 2749 2879
4  1110 1440 2710 2776
4  1571  195 2823 2891
4  2894 2202 2917  650
4   947  903  594 2327
4  2774 1621  390 2727
4  1505  317 2788 2805
4  1499 2811 2735  356
4    35  461 1825 2734
4   718  291 2050 2288
4  1322 2825  268  906
4  2660 2654 2842 2910
4  1197 2209 2010 2728
4  1130  159  367 2810
4  1534 1490  981  747
4  1153 2738 2887 2920
4  1965 2921  456  953
4   985 2262 2085 2675
4  2171 2657  809  898
4  1115 2215  531 2847
4    10  749 2781 2881
4     1 2786 2849 1262
4  1827 1205 1161 2666
4   780 1287 2232 2755
4  2417 2770 2854 2908
4  2654 2684 2819 2858
4   956  979 2726 2413
4  2347 2733  935  979
4  2495 2003  488 2735
4  1574 2781 2799 2826
4  2875 2802 2654 2848
4  1110   15 1222 2710
4  2685 2507  917 2843
4  2832  132 1539 1760
4   848  659 2075 2793
4  2530 1915 1159  213
4  1819 1906  676 2711
4  1527 2452 1869 2849
4   172  128 2073 2769
4   457 1732 2297 2715
4  2779  893 1274 2860
4   359 1325  403 2701
4  2808 2656 2827 2685
4  1711  691 1881 2771
4  1854   80 1677 2663
4  2581 1816 2854 2908
4  2489  103 2533 2720
4  1374  465   55 2728
4   990 2178 2135 2801
4   877 1008 1299  921
4   316  404 1724 2785
4  1071 2396 1027 2847
4   179 2778  514 2694
4  1383  119 1470 2668
4   861 1389  112 2846
4  2584 2865  763 2259
4   241  480  524 2864
4  2853 2048 2756 2871
4  2275 1952  633 2700
4  1481 2116  666 2877
4   661 2834 1013 2853
4  2358 1210 2685 2908
4  2590 2132    4 2838
4  2245 2859 1171 2740
4  2267  946 2117 2801
4  2680  727 2759 2817
4  1850 1629 1673 2832
4   419  254 1739 2830
4  1619 2280 2738 2776
4   693 2482 1376 2866
4   163 2109  449 2785
4  1909 2744 2715 2700
4   772  275  142 2773
4    99   55 1114 2728
4  1627  220 1583 2892
4   581 1967 2719 2785
4   252 2426 2054 2688
4  1473 2291 2302 2659
4  1241 2728 2869 1038
4  1478 1773  800 2876
4  1481 2840  578 2072
4  1972 2904 2794  448
4  2049 1694 2698 2829
4   452  667   36 2748
4   749 1697 2799 2881
4   806 1991 1867 2816
4    81 1136 2537 2754
4    36  476 1813 2706
4  2318 2774  742 2859
4  2171 2657  898 2806
4  1455  506 2569 2777
4  1997   29 2040 2764
4  2658 2740 1795  611
4  2503 2564  385 2789
4   493 2785 2719  449
4  2839 1307 2691 1870
4  2333 2784  422 2050
4  1965  118 2700 2797
4  2894  661 1013 2832
4  2003 2811  532 2735
4   269  824  511 2840
4   507 1561 2097 2760
4  2751 2242 2790 2750
4  2705 2660 2831 2679
4  1280 1042 1236 2880
4   597 2746 1018 2888
4  2250  883 2071 2732
4  2901 2909 1549 2719
4  1717 1673 2361 2736
4  2699 2885 2897 2914
4  2358  873 2462 2908
4  2586 2867  324 2683
4   923  879  291  244
4   323 1334  123 2713
4  2633 1934  526 2659
4   600 2751 1184 2556
4  2667 1308 2668 2702
4  1865 2700 1909 2715
4  1322 2825 2694  268
4  2819  628 1859 1815
4   557 2454 2639 2751
4  1818  674 2723 2914
4  1452 2910  174 2875
4    37 2537 1092 2754
4   291 1873  718  244
4   824 2749 1500 2735
4  1365 1410 2569 2471
4  2150 1299  643 1609
4  2746 2296 1018 1062
4  2002 2680 2759 2812
4  1374 1419 2710 2776
4    36  476 2706 2748
4  2372  829 1216 2770
4   828  874 2721 2908
4  2611   52  886 2708
4   643  877  833 1299
4   312 2749 1310 2811
4  1415 2446   96 2831
4   186 1884  230 2856
4  2245  919 1828 2740
4  1570 2086  592 2800
4   990 1427 1034 2801
4   573 2593 2736 2868
4    19 1836 1336 2924
4  1013 2832 2853 2894
4   440 2818 2067  226
4  2291 1757 2659 2716
4  2718 1026 2350 1396
4  2654 2714 2819 2741
4   948 2759 1427 2801
4  1719 2391  512 2811
4  2222 2822 2177  858
4    38 2902 2830  694
4  1556 1601  657 2782
4  2032 1516 2484 2872
4   679 2130 2745 2800
4  1590  795 1805  839
4   340 1923 1665 2846
4   432 2690 2748 2896
4  2580 2707 2780   58
4  1895 1939 2766 2799
4  1350  225  824 2840
4  1770 2901  538 2719
4  2184 1040 2694 2879
4  2885 2699 2921  631
4  1371 2612 1125 2706
4   471 2156  559 2834
4  2585 2803 2527 2687
4    73  677 1995 2797
4  2331 1228 2739 2919
4  2762  796  752 2879
4  2272  228  184 2676
4  1056  150 2422 2784
4   766   74 2744 2745
4   298  197 2674 2828
4  2252 2729 1107 1082
4  2258  806 2092 2900
4  1964 1731 1789 2885
4  1297 2685 2845 2772
4   581  537 1900 2785
4  1476   81 1386 2807
4  1440 2390 2277 2728
4  1965  500 1995 2797
4  2853 1629 1850 2832
4  1555  463   69 2867
4  1079 1867 1991 2816
4  1549  855 1593 2785
4  2792 2099  572 1660
4  1381 2924 1087   19
4  2007 1524 1232 2688
4   879  291  244 2775
4  2920 2753 2887 2697
4  1143 1389  610 2846
4  1746 1910 2745 2823
4   147 1091  672 2918
4   725 2734  204 1259
4  2221 1260 2589 2893
4  1213 1023 2346 2726
4   636 1999 2274 2800
4   262 2728   63 2710
4   198  154 1296 2829
4  2684  251 1486 1466
4   394 1888  438 2659
4   517 1933  869 2716
4   761 1772 2690 2723
4   163 1724 1768 2785
4  1630 2694 2778 1084
4  2371 1708 2663 2825
4  1346 2727 1611 2149
4  2570 1532 2738 2887
4    82 2279 2324 2725
4  1685 1412  256 2762
4  1122 1745 2543 2817
4  2769  378 1449 2743
4  2570 2300  977 2887
4  1248  638 1204 2671
4  2581 2536 2845 2854
4  2707 2042   30 2823
4   487 1894 2732 2894
4   887 2848 2599 2553
4   631  997  162 2921
4  1601  686 2337 2767
4  1128 2331 2739 2919
4   431 2817 2759  727
4   945  814  858 1608
4   622 1380  578 2850
4   687  521 1709 2846
4  1544  824 2322 2735
4  2016  918 2685 2808
4  2571 1448 1491 2864
4  2603 1877 2231 2724
4   129 1713 1669 2716
4  2238   70 2725 2902
4   312 2735 2749 2811
4  1404  128  172 2769
4   391  222 1364 2758
4  2788 2915  495 1091
4   192  280  236 2683
4   985 2858 2262 2675
4   896 2045 1737 2717
4  2794 2862 2852  579
4  2041 2705 2858 2886
4  2661 1380  622 2850
4  1704 1660 1803 2792
4  2771 2654 2848 2857
4   230 2541  274 2708
4  2395 1291 1880 2718
4   440  528 2818 2892
4  2544 1165 2447 2838
4  1272 2499 2376 2919
4  2657  898 2693 2863
4  2741 2819 2852 2904
4   179  512 2712 2811
4  1382  342 2624 2828
4   400  356 1343 2735
4   770 1919  814 2822
4  1714  351  307 2659
4  2465 1359 2709 2721
4  2673 1358   20 1147
4  2497   27 2192 2876
4  2047 1988 1096 2750
4  1015 2159 2742 2673
4  2183 2703 1418 2568
4   459 2823  289  503
4   814 1919 1608 2822
4  1518 2674 2535 1164
4   608  145  446 2753
4  2653  761 2690 2723
4  1068 2303 2227 2733
4    26 2479 2434 2703
4   758 1989 2719 2901
4  2359 2179 2237 2855
4  1265  379 1309 2827
4  1691 2745   58  151
4  2178 2759 1034 2223
4  1601  564 2764 2797
4  1459  341  491 2701
4  1428 2785  493 2109
4   770 1086  428 2822
4  2146 2686 2690 2653
4  1036 2763 2810 2876
4  1921 1260 1209 2717
4  1791 2546 1688 2683
4   475 1134 1735 2707
4  2164  933 2697 2887
4  1645  355 2121 2764
4  2753  933 2208  744
4  1844 1667 1925 2743
4   669 2144 2788 2852
4   970  650 2795 2894
4  2537 1386   81 2807
4  2181 2812  947 2134
4  1961 2649 1435 2895
4  2029  247 1985 2850
4   541 1478  497 2755
4  1903 2900 2804 1947
4  2673 1358 1199 2384
4  1212 2775 2784 2790
4  2398 2666 2204 2720
4  2267  156  201 2822
4  2591 1108   26 2703
4  2867   79 1644  104
4  2865 2584 2092 2259
4  1544  511  824 2735
4  1881 2743 2771 2824
4  2659 1802 2302 1473
4  2746 1195 2704 1437
4   254 2548 1914 2760
4  1017 1972   95 2794
4  2063  868 2687 2750
4  2202  650  970 2917
4  2180 1662 2689 2786
4  2769 2725 2771 2857
4  1287   15 2232 2710
4  2750 1299  877 1008
4  2744 1646 2101 2823
4  2830 1048 1960 2238
4  2474 1458  781 2742
4  1117 2397 1161 2666
4   550 2097 1610 2668
4  1328  733  249 2753
4  1059 1377 1103 2673
4  2171  632  676 2806
4  2671 1915 1871 2486
4   641 2840  578 2850
4   361 1680  405 2785
4  2626 1518 1164 2691
4  2763 1642  864  542
4   609  861  112 2846
4   733 2896 1328   54
4  1584 1362   87 2873
4  1009  207 2388 2729
4   362  363  318 2831
4   742 2410 2230 2774
4   768 2679 2137 2705
4  1808  401 2735 2840
4   868  833 1395 2750
4  2027  928  443 2756
4  1024 2227 2696 2866
4  2408 1524   90 2688
4  2232   15  955 2710
4  1400  727 1652 2817
4   618 1585 1629 2853
4  1712  568 2889 2864
4  1624 1668  305 2889
4  2485 2741 2684 2617
4  2541  274 2708 2831
4  1538 2638 1581 2743
4   433 2502 2046 2812
4  2716 2796 1626 1582
4   598 1931 1930 2721
4  2770 1137 2854 1753
4  1936  308 1979 2818
4   854 2015 2084 2767
4   973 1016   95 2681
4  1528 2676 2785 2701
4  1077 2077 2088  160
4  1500  312 2322 2735
4  2654 2842 2848 2791
4  2697 2009 2613 2704
4   973   95   51 2681
4  1952 2096  722 2744
4  2809 2767 2874 2899
4  2871 1060   95 2794
4  1446 1508 1465 2755
4   771 2002  387 2759
4  1075  670 1469 1902
4  2307 2924 1029 1301
4   911 2210 1249 2531
4  2026  885  884 2692
4  2668 2675 2684 2858
4  1077 2312  732 2357
4  2119  845 1750 2748
4   547  503 1546 2823
4  1956 1854 1677 2663
4  2786  460  504 2689
4  2801 2812 2327  731
4   678 1335 1909 2363
4   438  482  748 1722
4  2201 2714 2741  471
4  1182  378 1269 2902
4  1471 2191  801 2836
4  2663 2431 2706  798
4  2187 2744  370 2695
4  2361 2832 1804 2818
4  2734  726 1825 1883
4   948 2267 2822 2801
4   582 1814 1770 2719
4  1747 2790 2242 2784
4   945  814 1608 2822
4  1448  264 2571 1491
4   767 2806  898 2693
4  2792 2796 2824 2903
4   177  221  391 2841
4  2765 2489 1163 1758
4   107 1386  199 2807
4  1531 1602  326 2744
4  2528 2368 2820 2866
4  1193  315  271 2701
4  2624  298 1295 2828
4    52  886 2708 2905
4  1396 2395 1880 2718
4   264  215 1491 2722
4  1369 1776  939 2669
4  1405 1406 2873 2910
4   448 1548 1504 2904
4  1034 2759 1427 2453
4   671 2166 2122 2793
4  2511   84 1450 2842
4  1570 1261  548 2707
4  2706 2663 2861 2890
4  2226 2306 1776 2675
4  1869 1919  428 2822
4  2209 2920 2697 2703
4  1591  271  315 2701
4  2533  103 1294 2720
4  1671 1627  888 2892
4  1648 2734 1262  461
4   942 2173 1073 2665
4  2237 2179 2269 2815
4  1822 2823 1866 1546
4  1718  310 1698 2799
4  1575 2145 2797  237
4   260 1492 1449 2670
4  2622 1087 1337 2666
4   197 2667 1264 1220
4  1820 2297 2683 2715
4  1512  977 1135 2887
4   646 2556 1483 2751
4   817 2585 2195 2740
4  2373 2328 1092 2754
4  2576 1292 2622 2666
4  1572 2862  535 1811
4  1858 2901 1814 2719
4   700 1846 2659 2892
4   400 1588 1170 2735
4  1400  200 2089 2817
4  1935 1793 2064 2834
4   178  222  311 2758
4   578 2661 1481  622
4  1574 1978  749 2781
4   257 2698 1782 1738
4  1553 2235  190 2898
4  1134 2101 2745  151
4  1173 1129 2424 2835
4  2823  547 1998 1744
4  2730 1013 2853 2894
4  2809 2813 2845 2925
4   433  477  687 2812
4  1620 2229 2420 2884
4  1800  826  481 2670
4    74 1910  722 2744
4  2903 1538 1582 2824
4  2051 2680 2812  741
4  1451 1407 1405 2910
4  2035 1685 2762 2814
4  2787  377 2810  499
4  1615 1641  278 2876
4  2327  859  903 2801
4    55 2776 1374 2728
4  2659  748 1845 1888
4   983 2669  939 2847
4  2904 1972   95 1460
4  2764 2084 2767 2782
4   368  463  412 2867
4  2699  161 2723 2757
4   182 2677 2766  667
4  1237 2466 2642 2873
4  1917  146 2653 2723
4   613  867  126 2771
4   442   13 1497 2692
4  1028 2924 1479 2671
4  2039 2764 2782  721
4  1574  749 1838 2799
4  1549 1593 2719 2785
4  2517 1707 2415 2694
4  1231 2655 1275 2768
4  1637 2785 1593  361
4   537  581 2719 2785
4  2802 1537  218 2769
4   639 2461 1778 2870
4  1130 2787 1467 2810
4  1312 1268 1432 2754
4  2285 2527 2240 2740
4  2300 2570 1653 2844
4  2889 1889  349   17
4  1646 1571  195 2823
4  2258  762 1904 2900
4  2011  668 1943 2862
4  1795 2017 2740 2859
4   806 1947 1991 2804
4   410  322 1433 2876
4   205 2896  996 2920
4  1848 2832  132 2818
4  1779 1655 1823 2689
4  2747  469 2758  177
4  2710  554  262  302
4  2685 2656 2693 2843
4   835  648 2655 2775
4   463 1555 1599 2867
4  1127 1083 2468 2790
4   835 2790 2505 2243
4  2635  432  845 2748
4  2230  786 2374 2859
4  1222 2280 1110 2776
4  2703 1463 2728 2183
4   326 2745  355 2744
4  1658 1439 1852 2749
4  2662 1728 2723 2844
4  2812 2801 2327  947
4   837 2425 2460 2737
4  2693 2657 2772 2806
4  1900 1856  624 2785
4  1440 2390 2728 2776
4  1449 2670 2743 2902
4  2113 2736  882  926
4  2119  667  452 2748
4  2577 1381  386 2665
4   635 1304 2095 2745
4  1160 2441 2486 2671
4   966 2775  244 1010
4   996 2896  231 2738
4  2595 2018 1399 2803
4  1100 2449 1012 2688
4   600 2751 2556 2750
4   834 2197 2549 2751
4   213 2671 2878 2575
4  1868 2094  204 2786
4  2708 1102 1326 2856
4   133  558 2053 2737
4  2912 2083 1315 2127
4    72 1142 1083 2775
4   545 2700  589 2715
4  2048  971 2756 2871
4  2924 1087 2665 1381
4  1616  927 2157 2922
4  2209 1197 2920 2728
4   457  369 1732 2715
4  1532 2570 2738 2844
4  2654 2705 2791 2886
4  2397 1072 2442 2666
4  2836   42 1316 2709
4  2300 1653 2690 2844
4  1931  832 2416 2709
4  1850 1894  487 2894
4   515 2124 2828 2851
4   339  713  383 2906
4   959 2875 2910 1452
4  1882  702  880 2882
4   352 2818 2023 1979
4    32  771  384 2801
4  2533 1338 2578 2720
4  1357 1402   39 2722
4  1358 2673 1199 2294
4  2701 1459 2789 2880
4  2688 1751 2737 2778
4  1265 1882 2827 2882
4  1029 2669 2226 1301
4  1674 2898 2844 2662
4    34 2726  782 2783
4  2328 2283 1048 2754
4  1804  132 2832 1760
4   818  619  575 2682
4  2843   40 1405 2910
4    36  667  476 2748
4  1990 2918  672 2915
4   962 2859  644 2740
4   670 1075 1469 2719
4  2818 2736 2832 2868
4   991 2695 2715  466
4  1948  161 2699 2757
4  2185 1630  514 2778
4  2597  111 2448 2857
4  2225 1872 1911 2689
4  1247 2671 2575 2878
4  2679 2137 2705 2863
4   982 2619 1026 2872
4     3 1999  857 2893
4  2843 1049 2842 2679
4  1801 1757  261 2716
4  2704  334 2753 2890
4  1026 2718 2878 2872
4   907 2586 1167 2683
4  2411  354  399 2761
4  2654 2681 2692 2831
4  1540 1362 2873 2883
4  2640 1039 1275   45
4   224 1412 1685 2825
4  1335 2744 1909 2363
4   525  320 1788 1419
4  2431  754  798 2663
4  2022 1004 2552 2747
4  1909 1335 1865 2715
4   285 1005 2554 2843
4  1262 1648  736 2786
4  2334 2655 2913 2775
4  2430 1281 2385 2880
4  1206 1162 2353 2720
4  2263 2666 1117 1161
4  2655 2737 2747 2835
4   481  210 1976 2796
4   672  716 1079 2918
4   304 1536 2560 2670
4  2867 2586  324 1511
4  2792 2504 2832 2903
4   714 2719 1945 1075
4  2663 1255 2749 2825
4  2454 2602 1228 2751
4  1307 1826  121 2698
4  2227 2733 2820 2866
4  2380  214  344 2881
4   263 1716  219 2792
4  2409 2877  381  533
4  1639 1799 1682 2911
4  1966 2744 2715 2695
4  1557 2791 2553 2842
4  1886  301  212 2821
4  2521  842 2565 2905
4  2532  209 1338 2720
4    37 2830 2807 2754
4  2696 2718 2820 2847
4  2344 2434 2299 1035
4  1337 1351 2532 2720
4  2316 1482  327 2768
4  2914 1862 2653 1818
4  1362 1361  130 2873
4   638  924 1248 1204
4  2685 2656 2843 2873
4   983 2669  940  939
4  1393  674 1345 2914
4   194 2383 2428 2673
4   157 1891 1231 2913
4   342 2577  386 2665
4  1990  539 2034 2915
4   950 1468   64 2810
4  1027  983 2038 2847
4  2539 1426 1498 2712
4  2731 2821 2827 2908
4  1246  300  388 2782
4  2765 2674 2828 2839
4  2498 2786  548 2094
4  1447 2754 1402 2373
4  2079 2866 1024  980
4     9 2802 1495 2875
4   167 2325 2208 2697
4  2479 2434 2703 2869
4  2619 2820 2573 1157
4  1031 2579 2534 2765
4   773 2750 2467 2784
4   502 2815 2237 2269
4  2721 2821 1420 2770
4   112 1389 1143 2846
4  2263 2666 2218 1117
4  2653 2844 1917 2723
4   901 2087 2311 2925
4  2797 2713 2867 2921
4  2743 1538 2769 2824
4  2753 2861  652 1754
4   259 1219 1748 2722
4  1983 2066 2552 2747
4   150 2332 2287 2784
4    18 1336 2323 2924
4   698 1612 2727 2846
4  2492 2536 1816 2817
4   601 2721 2419 2658
4  2657  371 1949 2798
4  2087  901 2813 2925
4   453 1465 2389 1375
4    58 2580 1003 2780
4  1156 1112 2167 2733
4  2181 2134  609 2812
4  2071 2362 2115 2742
4   611 2658 2740 2595
4  1094 2016 1541 2808
4  1351  209 2532 2720
4  1972 2805 1971  448
4   803 2901 2793 1989
4  1371 2612 2706 2907
4  2318 2284 2727 2859
4  2043 2582 2800 2813
4  1085 2704 2566 1041
4  2238 2283 1269 2902
4    39  202 1357 2722
4  1852  620 1658 2749
4   772 2856  142  186
4  2218 1118 1074 2720
4  1055 1099  599 2768
4  2894 2730 2795 2732
4   124 1672  442 2875
4  2443 2666 1337 2720
4    33 2716  869 2889
4  2369 2702   61   62
4   797 2905 2761  886
4   313  511 2735 2840
4  2569 2712 1455 2777
4   265  221 1453 2841
4  2659 1757 1801 2716
4  1011  296 2632 2655
4  1754  975  902 2753
4  1347  456  776 2867
4    50  427 2714 2730
4  2767  854 2809 2912
4  1266 1488  225 2749
4  2152 1202 1786 2678
4  2786  504 1868 2094
4   302 1391 1286  262
4  1131 1989  758 2901
4   232  276 1959 2710
4  2678 2709 2739 2919
4   680 2809  723  640
4  1004 2678 2724 2837
4  2795  575 2248 2682
4  2138 1596 1987  585
4   561 2188 1312 2754
4   830  828 2721 2770
4  1446  994 2710 2755
4   306 2291 2659 2716
4  1678 2067  529 2818
4   840  753 1939 2905
4   537 2719 1857  889
4   433 1923 2502 2812
4  2078  760 2034 2915
4  1208 2534 1252 2664
4  1086 2759  384 2133
4  1311  598 1089 2658
4  2609 2035 2762 2814
4  2873 1540 2761 1584
4   879 2154  648 2775
4  2744 1966 2715 1689
4  2901 1858  707 1902
4  1033 2077 1077 2822
4   265 2883 2841 1496
4  1566 1476 1519 2807
4  1551 2139  231 2738
4  2443 2398 2204 2720
4  2684  119 2702 2668
4  2863 1993 1863 2037
4  2040  689  721 2764
4  1646 2744 2101 1531
4  1661 2714   50 2794
4  2483 2820 2733 2528
4  2816 2092 2900 2865
4   427 1634  757 2741
4  1547 2676  227 2701
4  2008 2386 1525 2890
4   906 1752 2694 2825
4  1255 2104  916 2663
4  1190 2781 2826 2882
4   312  999 2735 2811
4   311 1022  178 2758
4  1414 2520 2564 2880
4   157 2289 1168 2913
4  1647 2752 2780 2481
4  2300 2887  145 1135
4  1146  520 2416 2821
4  1301  940  984 2924
4  1572 1528 1767 2701
4  2758 2747 2841 2881
4  2742 2789 2794 2916
4  1326 2905 2833 2521
4  2485 1961 1435 2895
4  1122 2543 2313 2680
4  2837 2540 1317    8
4  1112 2303 1068 2733
4  1683  275 2773 2911
4  2770 2721 1355 1798
4   661 2234 1749 2834
4  2628 1212 2423 2775
4   243  107 2049 2698
4  1700 2512  600 2750
4   726 2734 2838 1883
4  2064 1837 1881 2824
4  1851 2184 2694 2879
4  2656 2781 2826 2883
4    76  325 1787 2715
4    45 2007 1855 2768
4  2076 1975  745 2739
4  1102  230 1884 2856
4  2408   90 1586 2778
4  2774 2721 2658 2770
4  2716   33 2670 2889
4  1030 2124 2665 2765
4  1772 1595 2690 2844
4   443 1806  486 2756
4   930 2681 2831 2692
4  2676  228  272 2272
4   290  800 1773 2876
4   889 2785  493  537
4  2691 1606   22 2626
4  1045 2065 2030 2874
4   784  896 1737 2717
4  2697  951 2704 2729
4  1212 2423 2775 2790
4  2547 2474  781 2742
4  1970 1898  270 2861
4   544 2039 1348 2885
4  2847 2718 2872 2878
4   846 2906 2788 2144
4  2164 1663  695 2697
4  1056 2332  150 2784
4  2897  388 2653 1246
4  1412 2371 2762 2825
4  2696 2865 2783 1442
4  2629  138 2677 2826
4  2240  962  644 2740
4   248 1866  292 2823
4  1286 2728  262 1391
4   523  714 1075  670
4  1516 2032  895 2872
4  1895 1718 1698 2799
4  1194 2706 2612 2890
4  2290 1679 2308  403
4  2415 2694 1310 1322
4  2329 1171 2318 2859
4  2532 1338 1294 2720
4  2538 1054 1168 2775
4  1322  906 1752 2694
4    20 2428 2473 2673
4  1348 2039 2797 2885
4    56 2710 1154 1699
4  2911 1799 1638 2896
4   285 2554  961 2843
4  2158 2203 2377 2732
4  1164  258 2626 2839
4   148 2867  120  907
4  2073   70  378 2725
4  1507 2139  408 2662
4   168 2416  832 2709
4   373 1737 2672 2717
4   657 2058  300 2782
4  1664 2747 2758 2881
4   944   57 2693 2772
4  2587  922 1747 2784
4   768 2309  899 2705
4   277 1597  607 2898
4  2753 2748 2635  446
4   194 1147   20 2428
4   428  726 2734 2822
4  2802 1145 2853 2903
4   588 2083 1775 2782
4   486 2875  442 2163
4   921  150 2287 2784
4  1272 2639 2454 2919
4   544 2782 2083 2039
4   606 1323 2730 1014
4   145 2896 2748 2907
4  1149 2676 2789 2701
4   648  835 1218 2775
4  2866 1068 2227 2733
4   502 2108  836 2826
4  2632 2913 1055 2768
4  2055 2736 2894 2917
4  1057 1414  447 2701
4  1078 2453 2402 2759
4  1385 2403   23 2679
4  1551 1728 2662 2844
4  1775 2083  544 2885
4  1467 2190 1927 2787
4  2475 1842  295 2880
4  2414 2647 2696 2718
4   132 2832 1539 2792
4   309 2756 2802 2853
4  2351 1600  564 2797
4   726 2759 1086 2133
4  2057 2089  682 2838
4  2169 2858 1950 2779
4  1519  243 2698 2807
4  1816 2417 2854 2908
4  2367 2054 1321 2777
4  2696  253 2647 1201
4  2403 2791 2842 2679
4   691  779 2021 2771
4  2368  253 2820 2866
4  1188 1344 1144 2688
4  1436  283  239 2891
4  2177 2222  775 2801
4  2409 1564 2663 2879
4  1097 1056 2422 2784
4  1993  371  849 2798
4  1731 2914 1775 2885
4  2501 2025 1981 2682
4  2264  985 1843 2675
4  2795 2248 2362 2673
4   947 2812 2801 2134
4  1551 2723 1772 1728
4  1696 1822  289 2695
4  2378 1212 2628 2775
4  1539 2792 2832 2903
4    98 2896 2907 2911
4   913 2578 2720 2765
4  2401 2220 2137 2679
4  1484 2062 1043 2740
4  2477 1437 1195 2746
4   736  196 2142 2689
4  1461 1674  872 2844
4  2798  319 1771 2708
4  1750 1986 2677 2855
4  1400 1652 1137 2817
4  1849  794 1761 2736
4   930 2681  929 2644
4   631 2885 2699 1964
4  1573  712 2189 2852
4  1451 1405 2511 2910
4   428 2734 2849 2822
4  1089 1973  567 2658
4  1584 1540 1362 2873
4  2476 2521 1282 2833
4   464 1587 1499 1456
4  2324 1666 1401 2725
4  1196 2697 2703 1963
4  2590 1121 2132 2838
4  2896  733  205   54
4  2769 2771 2848 2857
4   929  885  928 2692
4  1433 2004  410 2876
4  2736 1937  529  193
4   148 2867 2683  120
4   362  407 1815 2819
4   171  981  215 2722
4  1690 1571 2187 2695
4    92   47 1410 2777
4  1387 2691 2636  595
4  2787  455 2810  992
4  2703  207 2729 2591
4   121  418 1870 2839
4  2663 1854 2059 1956
4  1689 1575 2700 2744
4  1366 2561 1703 2811
4  1817 1478 2755 2876
4  1703 2367 2607 2777
4   997  631 1687 2921
4  1403 1314 2722 2864
4  2885 2699 2897 2713
4   441  397 2736 1849
4  1950  852  808 2858
4  2085 2129 1843 2851
4  2153 1471 2678 2837
4   719 2914 2782 1775
4  1792 1739  169 2830
4  1387 2691 2807 2636
4   247 1174 2850 2888
4  2656 2772 2693 2657
4  2612  334 2706 2753
4   468 2877  489 2116
4  1865 2270 1256 2715
4   522 1065 1373 2869
4  2659 2889 1933 2716
4     6 2687 1051 1289
4   592 2893 1261 2800
4  2164 1153 2887 2920
4   685 2712 1503 2391
4   643 2150 2063 1302
4   955 1440 1154 2710
4  2312 1077  732 2822
4   128 2848 2857 2769
4  1524 2737 1276 2778
4  1537 1538  218 2769
4  2724 2678  834 2751
4  1507 1438 2139 2738
4  2311  944 1297 2772
4  1700 1127 1185 2790
4  1174  560  799 2888
4   680 2141 2175 2772
4  1994 1776  852 2865
4  1855 1232 1188 2688
4  2107 2687 2150 1302
4   968 1012 2426 2688
4    99 1114  908 2728
4   799 2118 2746 2888
4  2743  378 2902 2769
4  2848  128 2599 1138
4  2688 2449 2569 2606
4  2563  245 2000 2849
4  2688 1012 2471 2449
4  1859 1726 1903 2819
4  2703 2183 2728 2920
4  1141 2790 1185 2423
4  2370 1970 2661 2861
4   981  171 2001 2722
4  1299 2750  877  833
4     3 2274 2800 2893
4  1567 2471 2569 2688
4  2680 2268 2759 2812
4  1501 1661 2643 2916
4  2706 2748 2766 2833
4   917  961 2685 2843
4   868  643 2063  833
4  2688  968  596  925
4  1690 1571 2695 2891
4  2427 1838 1697 2799
4  1687 1789 2885 2921
4  2691 2807  199  595
4  1607 2650  282 2807
4  1137 2770 2854 2817
4  1084 2758 2778  425
4  1950  764 2858  808
4  2731 2854  301 2821
4  1579 2670  568 2864
4  1404 2848  128 2769
4  2867 2810 2787  472
4  1903 1904 1859 2819
4  1426 2641   46 2688
4   455  964  377 2810
4  2462 1816 2581 2908
4  2254 2010 2703 2869
4  2908 1094 2510 2808
4  2896  145 2748  432
4  2617  757 1961 2741
4   684 1741 1346 2149
4  1524 2778 1276   90
4   935 2301  979 2793
4  2527 1876 2285 1183
4  1609 2687    6 2151
4   804  760 2078 2793
4  2659  700 1722 1846
4  1052  106 1008 2750
4  2434 2479  569 2869
4  2842   40 2843 2910
4  2755 2588 2662 2710
4  2736  353 2361 1717
4  1346 2740  699  655
4  2760   82 2725 2771
4   881 1879  252 2688
4  2651 2730 1705 2916
4   743 2740  860 2062
4  2694 1040 2749 2879
4  2732 2742 2794 2916
4   929  972  973 2681
4  2672  857 2800 2893
4  1359 2709 2721 2808
4   743  860 2106 2062
4  2106 2687 1051 1007
4  2142 2707 2689  196
4  2885  631 1789 1964
4    59 1442 1397 2865
4  2232 1287 2710 2755
4  1020 1831 2254 2703
4  2789  781 2742  385
4  2714 2654 2819 2681
4  2496  584 2168 2860
4  2071 2250 2732 2742
4  1188 1232 2641 2688
4    45 2737 2768 1039
4  1184 2751 1526 1483
4  2010 2728 1241 2277
4   560 2162  208 2888
4  2018 2595 2740 2803
4  2139 1438  231 2738
4   557 2724 2500 2751
4  1306 1615 1597 2876
4  2759 1086  384 2801
4  2870 1737 2717 2672
4  2234 1935 1749 2834
4  2807 2691  199 2698
4  2816 2804 2865 2900
4  2733 2820 2438 2393
4   841 2761  797  884
4  1144 1344 2449 2688
4  1459  341 2701 2789
4  2404 2405 2729 2888
4  1734  863   41 2695
4  1228 2454 2751 2919
4    98 1638 2186 2896
4  1708 1255 2663 2825
4  1939 2766 2799 2905
4  1443  149 2815 2874
4  1263  375 2698 2807
4  2791  111 1430 1254
4  1475 2667 2857 2886
4  2449 1344 2606 2688
4  2537   81 2754 2807
4  2575 2621 1248 2671
4  2673 2547 2742 2795
4   476 1854 1813 2706
4  1317  557 2724 2231
4  2476 2706 2766 2833
4  1130 1510  159 2810
4  2661  799 2746 2888
4  2018  611 1484 2740
4  1188 2641 1344 2688
4  2013  279 1290 2713
4  2861 2753  652 2706
4  2690 2653 2723 2844
4  2698  374 2839 2829
4  1721  181 1266 2877
4  1140 2273 1988 2241
4   159 1510 1554 2810
4  2381 2778 1751 2688
4  2313 1922  866 2680
4   813 1955    3 2893
4   329 1548  448 2805
4  2426 2471 1567 2688
4  2539 2641 1426 2688
4  1066 2280 1222 2738
4  2637 2143 2722 2754
4  2245  962  919 2740
4  1626  219  810 2792
4   968 2426  925 2688
4  1953  766  909 2745
4    60 1290  563 2713
4  2792 1670 2659 1626
4   883 1654 1267 2871
4  2859  644 2803 1006
4   102 2686 2815 2855
4   252 1879  925 2688
4  1344 2641 2539 2688
4  2449 1100 1144 2688
4  1766 2853 1585 1145
4  2867 2810   64  992
4   979 2726 2733 2793
4  1734 1690  863 2695
4   396 1058  288 2891
4  1567 2569 1365 2777
4  2378 2784 1212 2775
4  2678 2724  834  774
4  1008 2750 1609 1052
4  2739  958 2751 2750
4  1419 1788 2710 2776
4  2407  943 1030 2765
4   235   49 1246 2897
4  2679 2507 2693 2843
4   189 2653 1917 2146
4  2370 1898 1970 2861
4   704 1710 2752 2767
4   890 1738  647 2698
4  1403  392 1314 2864
4  1430 2392 1032 2791
4  2608 1185 1700 2512
4   680 2806 2141 2772
4   199 1386 1387 2807
4  2699 2885 2921 2713
4  1523 1214  420 2777
4  2016 1094  918 2808
4  1379 2802 2903  131
4   602 1186 2513 2790
4  1701 2420 2229 2884
4   745 2076 2739 2751
4  1754 2074 2704 2861
4  2081 2779 1907 2860
4  1096 1140 2467 2750
4  1791  335  325 2715
4   240 1779  819 2689
4   253 2866 2696 2820
4  2549 2014  834 2790
4   174 1494 1452 2875
4   485  193 2736 2818
4  1523 2607 1214 2777
4  2613 2753 2704  249
4  2658 2739 1399 1974
4  1006 1878 2330 2803
4  2595  611 2018 2740
4  2751 2750 1526 2739
4   460 2292  504 2689
4  1863 2657 2863  809
4   364 2662 2710 2776
4  1365 1214 1321 2777
4   250 1507 2662 2776
4   516 2787 1467  234
4  1464 1790  250 2776
4  1321 1214 2367 2777
4  1405 2660 2843 2910
4  2686 2690  496 2911
4  1636  361  855 2785
4  1768  404  492 2785
4   822 1050 1878 2859
4  2011 2909  737 2785
4  2712 1455 1784 1498
4  2449 2688 2569 2471
4  2819  628 1815 2779
4  2051 2680 2774 2812
4  2901 1924  758 1131
4    72 2334 2379 1142
4   767 2217 2693 2863
4  1462  406  229 2904
4  2390 1110 2280 2776
4   477  687 2812 2846
4  2374 1172 1050 2859
4   908   99 2728 2776
4  2802 1537 2848  218
4    86 2837 2781   43
4   364  250 2662 2776
4  1329 2079  716 2915
4  1099 2913 2199 1543
4  1006  822 1878 2859
4  1778 2821  212  301
4  1100 1012  596  968
4   193  529  485 1678
4  2503 2610 1502 2789
4   495  539 1091 2915
4    57  944 2131 2772
4   703  352  440  226
4  2662 1507 2738 2776
4   860 2195 2687 2740
4   700 2659 1722 1890
4   878 2243 2014 2790
4  2780 1445 2580 1370
4  2827 2808 2821 2882
4   465 2710 2728 2776
4  2654 2831 2819 2681
4   618 1850  487 2853
4   299  791 2505 2835
4  2888  552  931 1126
4  2857  128 2073 2599
4  2196  116 2687 1183
4   838  882 1116 2736
4  2064 1881 2771 2824
4  2717 2089 2817 2838
4  1878 2658 2803 2859
4  2003 1720  488 2735
4   997  587  162 2921
4  1318   43 1598 2781
4  2352 2924  984 2666
4  2733  760 2793 2915
4  2662 2723 2364 2757
4   195 1571  912 2891
4  1357  202 2902 2722
4  2776 1419   99 1374
4  2281 1829 2646 2752
4  1507  187 2738 2776
4  2166  671  715 2793
4   107  243 1476 2807
4  2882 2709  788 2836
4  1316   42 2421 2709
4   598 2709 1311 1931
4  2740 2061  655 1346
4  2402 2544  910 2838
4  1828 2194 2727 2740
4  1932 1786 1202 2709
4   923 2154  966 2199
4    55 2776   99 1374
4  1822 2823 2695 1866
4   592 1261 2707 2800
4   764 1950 2858 2779
4  1138 2553 2599 2848
4  2373 1136 2463 2754
4  2692 2761  884 1762
4  2785 1812 1428 1856
4  1502 2610  957 2789
4  1406 1407 2873 2910
4  1458 2610  385 2789
4  2007 1276 2688 2737
4   422 2775 1873  718
4  2848 1494  174 2875
4  1222 1110 2710 2776
4  1374  465 2728 2776
4   454 2494  410 2810
4  2332  921  150 2287
4  1592 2805  317  273
4  2169 1950 2125 2779
4   506 1410 2569 2777
4  2280 1222 2738 2776
4   718  422 2050 2333
4   422 1053  823 2333
4   250  364 1464 2776
4   454 1773  421 2876
4  2125  762 2169 2779
4  2745 1531 1602 2101
4  2662 1222 2710 2776
4  2740 1346  699  684
4  1317 2678 2724 2751
4   127   83 2456 2722
4  2328 2902 2754 1357
4    46 1524 2408 2688
4  2557 2835  602 2724
4  2463 1136 1180 2754
4  1725 2785  449 2719
4  2920 2183  908 1506
4   889 2785  537 2719
4  2785 1725 1637 2719
4   316  272 2701 2785
4  2785 1278 1856  624
4  2739  958  745 2751
4   143 1790 1464 2776
4   420   92  158 2777
4  1506  143  908 2776
4  1788  364 2710 2776
4  2740 2658 1795 2859
4   361 1593  855 2785
4   274 1771 2708 2831
4  1788 1419  380 2776
4    91 2811  685 1631
4  1903 1946 1947 2804
4  2685 1297 2627 2772
4  2240  817  919 2740
4  2486 2441 1871 2671
4  2390 1619 2728 2776
4  2710 1440 2728 2776
4   465 1374 2710 2776
4   646 2500 1229 2790
4  2503 1502  341 2789
4  2374 2658 2859  601
4  1907 2037 2860 2863
4  1450 2511 2842 2910
4   182 2677 2923 2766
4  2602 2454  557 2751
4  1244  101 1200 2733
4  1142  347 2468 1083
4  2423 1185 2468 1127
4  2640 1039 2768 1275
4   482 2659 1889 1933
4   143  380  908 2776
4  2000 1785 2436 2849
4   773 2750 2784 1565
4  1784 2712 1498 1503
4   272 1680 1636 2785
4  2658  346 1046 2774
4  1140 2750 2512 2467
4  2754 2598 1534 2637
4   272  316 1680 2785
4  2902 2754 2143 2830
4  2896  205  996 1594
4   893 2779  628 2213
4   317 2909 1549 2788
4  2785  492 2701  404
4   600 2751 2750 1184
4   404  316 2701 2785
4   151 2780   58  949
4  2717 2734 2838 2893
4  1229 2556  646 2790
4  2860 2660 2708 2831
4  1153 1619 2738 2920
4  2373 2463 1447 2754
4  1751  881 2381 2688
4   693 1376  297 2866
4   891 2726 2788 2783
4    24 2382 2629 2826
4  1479 2924  984  940
4  1222 2662 2738 2776
4   886  797 2708 2761
4   245 1234 2000 2849
4   935 2733  892 2793
4  2670 2796 2743  481
4  1253  901 2311 2845
4  1636  228  272 2785
4  2862 2794 2852 2805
4   844  145 2753 2887
4  2719 1924 2901 2909
4  2061 2457 2727 2740
4    99  908  380 2776
4  2770  821 2774  830
4  1871 2671 2847 2878
4  1039 2737 2655   89
4   345 2770 1577  740
4  1695 1792 1432 2807
4   323 1334 2713 2867
4  1991 1079 2816 2918
4  2457 2017 2727 2740
4  2598 1312 2637 2754
4  2824 2802 2834 2903
4   247  843 1174 2888
4  2381  881  252 2688
4   611 2658 2595 1795
4  2106 2740  860 2687
4  2637 2188 2143 2754
4  1742   98 2907 2911
4   745  958 2197 2751
4   679 2745 2780 2800
4  2281 2481 1390 2752
4  1043 2803 2740 2687
4  1771 2708 2831 2860
4  1680 1724  405 2785
4  1139 2803 1183 2687
4  1284 2920  733   14
4  2076 1151 2678 2751
4  2602  646 1483 2751
4  2281 2646 2481 2752
4  2768  555  599 2515
4  2076 2197 1151 2751
4   646  557 2500 2751
4   557  646 2602 2751
4   405 1724  163 2785
4  1228 2602 1483 2751
4   745 2197 2076 2751
4  2765 2839 2490 2445
4  1838 1574 2799 2826
4  1151  834 2678 2751
4  2753  933 2697 2208
4   833 2750 2287 1395
4   187  996 2738 2920
4  1636 1680  361 2785
4   815  731   32 2801
4   724  811 2220 2693
4  2435 1391 1440 2728
4   635 1746 1953 2745
4  2457  655 1484 2740
4  2887 2738 2896 2920
4  1741 1346 2727 2740
4  1417  362  185 2819
4  2282  727 2680 2817
4  2017  611 1795 2740
4  1043 2018 1484 2740
4  1393 1730  630 2699
4   960   67 1254 2791
4  1763 2694 2811 1834
4   674 2699 2723 2914
4  1327 1328 2753 2907
4  2522 2704 1041 1239
4  1359 1316 2709 2808
4  2703  207  509 2729
4  2773  540  371 2798
4  2721 1420 1798 2770
4  2686  413 2874 2653
4   513 2514 1408 2747
4  2750  921 2287 2784
4  2716  173 1536  129
4    88   44  175 2903
4  1045 2030  246 2874
4  1547 2676 2701  272
4  2247 1920  589 2700
4  1613  513 1408 2747
4  2510 2908 2808 2721
4  2604 2020 1844 2824
4  1288 1109 2347 2733
4  2117 1796 2267 2801
4   149 2269 2179 2815
4  2184 1569 1851 2694
4  1531  370 1646 2744
4  1457  268  827 2749
4  1835 2592 2298 2729
4   783 2118 2704 2746
4   782 1067   34 2783
4  2769  218 2802 2903
4  2708 2773 2656 2657
4  2702 2667 2648 2851
4  2764   73 2039 2797
4  1813 1854 2059 2706
4  2096 2764  766 2744
4   721 1315 2764 2782
4   892 2733  848 2793
4  1586  556 2408 2712
4  1445 2717  784  373
4   535 2862   78 1811
4   561 1312 1432 2754
4   140  229 2819 2904
4  2672 2731 2845 2854
4  2324 2279 1666 2725
4  1151  834  774 2678
4   799 2118  783 2746
4  1423 2690 1653 2844
4  1567 2712 2688 2777
4  2121  237 2764 2797
4   764 2858  808 2705
4  1321 2054 1567 2777
4  1737 2870 2717 2045
4  2421 2465 2709 2884
4  2352 2924 2307  984
4  1706 1736 2786 2849
4   362  185 2819 2831
4  2044 2734 1259 2088
4   778  143 1506 2776
4   764 1907 2125 2779
4   765 2127  632 2912
4  2609  792 2035 2814
4  1086  726  428 2822
4  2692 2761  398 2660
4   339 2617  251 2906
4   978 1509 1296 2664
4  1001 2743 2670 2902
4  1311 1932 1931 2709
4  2779 2081 1907 2125
4  2328 2902 2283 2754
4  2005 2620 1969 2686
4  1440  955 1110 2710
4  1026 2718 2872 1441
4  1615  278  516 2876
4   563  104   79 2867
4   267 1851 1569 2694
4  2048  530  618 2853
4  1898  755 1651 2861
4  2773 2911 1830 1683
4   189 2653 2146 2844
4   917  285  961 2843
4   338 1085 1106 2746
4   584  893 2168 2860
4  2796 1582 2824 2903
4  2689 1058 2225 2891
4   107  675 2049 2698
4   852 2306  808 2858
4  2255  376  845 2748
4  1660 1704 1847 2792
4  1210 2358 2462 2908
4  1036  421  498 2876
4  2821 2685 2827 2908
4   597 2746 2661 1018
4  2690 1423  189 2844
4  1814  626  551 2719
4  1373 2728 1740 2645
4  1348 2039   73 2797
4   529 2736  193 2818
4  1642 2763  864 2787
4  1087 2665 1351 2666
4   507 2668 2097 2771
4  2278  605 1251 2765
4   288 1655  283 2891
4  2710 1391 2728 1440
4  1780 2180 1434 2786
4  2223 1245 2178 2812
4  2545 2663 2104 2861
4  2781 2799 2841 2881
4  1813  652  446 2706
4  2249 2294 1280 2673
4  2642 2873 1541 2016
4  2679   67 2392 1385
4  2795 2917  429  970
4  1597 1306 2755  277
4  2374 2774 2859  786
4  1934 1890  526 2659
4  2146 2653 2690 2844
4  2673 1000 2795 2922
4   855 2909 1549  317
4   323  472 1334 2867
4  2539 2606 2688 2712
4  1912 2707 2893 2786
4  1092 1048   37 2754
4  2303 2227 2733 2820
4   916 1956 1677 2663
4  1050 2884 1701 2375
4  1772 2690 2723 2844
4   132 1539 1716 2792
4  1443  413 1045 2874
4  1217 2734 2786 2893
4   815  859  731 2801
4  2820 2733 2438 2483
4  2839 2765 2490 2664
4   913 2665 2828 2720
4  2403 1049 2551 2679
4  2610 2503  385 2789
4  1670  307  263 2659
4   861 2244 1389 2846
4  2551   23 2679 2843
4   913 2665 2720  209
4   796 2762 2766 2879
4  1315 2084 2764 2782
4    75  101 2393 2733
4  2876 1729 2192  290
4  1667 2339 1001 2743
4  1395 1747 2242 2784
4  2574  436 1559 2864
4   319 2773 1727 2856
4  2163    9 1495 2875
4  2574 1559 1624 2864
4   158 2811 1523 2777
4  1329 2733 2123 2079
4  1056 1097  823 2784
4  2889 2659 1801 2716
4  2058  657 2767 2782
4  1015 1059 2159 2673
4  2900 1903 2819 1904
4  1628 2660 2761 1584
4   827 1488 1457 2749
4  2454 2499 1272 2919
4  2520 1413 2564 2880
4   149 1514 2269 2815
4   725  681 2112 2786
4  2771 2279   82 2725
4  2314 2840 1897 1941
4   376 1487 2120 2855
4  2826 1838 2526 2799
4  2106  860  409 2687
4  1279 1000 2562 2795
4   543 1642  820 2787
4  2069 2736 2682  191
4   813 2176    4 2893
4  1377 2338 2383 2673
4  1126 2207 2162 2888
4  1997 2745 2764 2767
4  1848  353 2361 2818
4   637 2786  681 2849
4  2846  653 2812  861
4   423  321  780 2755
4  1491 1579  524 2864
4  1641 1615 1306 2876
4  2518 1000 2673 2922
4  2018  920 1399 2803
4  2662  364 1640 1614
4   988 2401 1385 2679
4  2744 1303 1909 2363
4  1235 2547 2429 2673
4  1754 1061  652 2753
4  2106 2740 1743 2062
4  2378 2784  422  823
4  2753 2861 1754 2704
4   120  104 1334 2867
4  1512 2164 1153 2887
4  1385 2401 2392 2679
4   563 2797   79   60
4  1745 1166 2543 2817
4  1050 2884 2375 2658
4  2734 1527 2849  461
4  2130 2813  679 2174
4   410 2004  454 2876
4  2348 2393 1025 2820
4   744  933 1512 2887
4   565  521  477 2846
4   661 2834  616 2234
4  1158 1352 2056 2702
4  1317 2639 2678 2751
4  2142 2707  196 1735
4  2473 1191   20 2673
4  1277 2367 2561 2712
4  1762 1982  399 2761
4  2333 2050  965 2784
4  1850  487 2853 2894
4   401  445 2519 2840
4  2527 1139 2585 2687
4  2169 2214  730 2900
4  2291 1757 2302 2659
4  2823 2695 1571 2891
4  2853  487 1267 2732
4   418 1474  870 2839
4  2783 2866 2618   34
4   394 2302 1888 2659
4  1254  111 2597 2857
4   901 2582  904 2813
4   253 2647 1441 2718
4  1888 2302 1801 2659
4  1842 1042 1280 2880
4  1123 2336 2758 2778
4   563 2797 2713 2867
4  1385   23  988 2679
4  2082 1027 2038 2847
4  1706 2563  593 2849
4   289 1353 2695 2891
4   473  571 1704 2792
4  1664 2881 2814  214
4   533 1394 2749 2877
4    82 2771  507  867
4  1160 2487 2666 2671
4  1863 2037  720 2863
4  2301 2256  803 2793
4  2106 1007 1743 2687
4  2619 1441 1026 2872
4  2917  429  970 1616
4  2665 2675 2702 2851
4  1491 1448 2722 2864
4  1315 2039 2083 2782
4  2857 1430 2886 2791
4  2773 1742 2833 2911
4  1406  130 2466 2873
4  2587 1747 2287 2784
4   150  921  106 2784
4  2811 2777 2561 1703
4  2422  106 1565 2784
4  2332 2587 2287 2784
4  2200  807 2696 2847
4  2374 2658  601 1172
4  2670 1579 2722 2864
4  2145 2797  237 1600
4   429 1000 2518 2922
4  2682 2473 2922 1590
4  1725 1769 2105 2719
4  2411 1982  840 2761
4  2441 2847 2396 1071
4   438  482 1722 2659
4  1771  711 2496 2860
4  2858  985 2262 2041
4  2322  356 1170 2735
4  2648 2674 2828 2851
4  1434 1824 2112 2786
4  1113 2528 1157 2820
4  1122  866  910 2759
4    80 2923  182 2103
4  2551   23 2403 2679
4   813 1217 1955 2893
4  2092 2214 2258 2900
4  1809   71 1477 2840
4   934 1486 1529 2906
4  2695  991 2715 1480
4    95 2714 2794 2904
4  2315  276  232 2710
4   270  211 1970 2661
4  2114 2129  986 2851
4  1233 2336  871 2778
4  2054 1277 2381 2712
4  2724  557 2500 2557
4    63 2710 2728  465
4  2783 2684 2804 2906
4   480 2571  524 2864
4  2412 2019  920 2687
4   652 2861 2706 2059
4  1765  225 1350 2840
4  2147 1545  357 2840
4  1941  114 1984 2840
4  2665  386 2702 2924
4  1090 2707 2734 2893
4    84 1450 2842 2848
4  2590    4 2176 2838
4   948 1427  990 2801
4  2718 2671 2878 2847
4   701  788 2836 2882
4  1342 1562  595 2691
4  2787  234 1927 1467
4   468 2749 2877 2840
4  1835 2697 2729 2703
4   130 1360 1431 2873
4  1143 2727  610 2276
4  2450 1545 2735 2840
4   314 1765 1659 2661
4   109 2839 1429 2664
4  1739 1792 1263 2830
4  1949 1863 2657 2798
4  2340 1192 2385 2880
4   699 2062  655 2740
4  2522 1085 1041 2746
4  2588 1552  320 2710
4  2099 2792  572 2868
4  1473 1714  306 2659
4  2369 2594   61 2924
4   713 2144 2852 2906
4   853 2406 2216 2863
4  2313 2543 1216 2680
4  2367 1277 2054 2712
4  2317  306 2659 2716
4  1946 1991 2804 2918
4  2424 1568   72 2655
4  1521  357 2450 2840
4  2694 2758 1084  267
4  2770 1216  645  829
4   117 1348  500 2885
4  2450  401 1521 2840
4  2360 2728 1418 1740
4   200 1400 2717 2817
4  2242 2790 2750 2784
4  1697 1838  749 2799
4   503 2225 2823 1954
4  1921 2817 2838 2717
4  1448  264 1491 2722
4   472  120 1334 2867
4    37 1387 2537 2807
4   696 2552  360 2747
4  2124 2665 2828 2851
4  1986 2359 2629 2855
4   669  712 1573 2852
4    80 2923 2103 2766
4   363 1815 1274 2831
4  2847 2441 2396 2671
4  2826 2108 1190 2882
4  2692  124 2875 2910
4   869 2796 1976  517
4   465   63 2645 2728
4  2704 2253  167 2697
4  2710 1330   63  262
4   616 2834 2832 2903
4  1486  934  251 2906
4  1552 2588 1596 2710
4  2498 2823 1998 1744
4  1096 1565 1052 2750
4    57 2356  944 2693
4    55 2776 2728   99
4  2659  438 1846 1722
4  2844 2738 2616 2662
4   988 2220 2401 2679
4  1274  893  584 2860
4   506 1784   91 2777
4  1664 2380  696 2747
4  2774  390 1046 2727
4   111 2791 2857 1254
4  1153 2164  695 2920
4  2697 1835 2253  976
4   955   15 1110 2710
4   364 2588 1788 2710
4  2006 1985  604 2850
4  2253 1019 2704  167
4    83  127 1403 2722
4  1551 1595 2844 2896
4   394 1846 1802 2659
4  1521  401 2519 2840
4   510 2847 2215 2126
4  1615  516  234 2876
4  1656  656 1861 2763
4  1481 2072  468 2840
4  2755 1446 1959 2710
4  2773 2677 2833 2905
4  2344 1065 1285 2869
4   748 2659  482  438
4  1559  480 1668  241
4  2591  467 2703 1064
4  1943  518  474 2862
4  1578  259  215 2722
4  2157  839 2682 2922
4   957 2610 1458 2789
4   556  179  512 2712
4   775  859  815 2801
4  1714 1802  351 2659
4   903 2801 1796 2117
4  1934 2633  473 2659
4  1765 2877 2840 2661
4   309 1495 1145 2802
4  2710  302 1391 1154
4   564 1556  862 2782
4  1788  525 1419 2710
4   893 2779 1274  628
4  2924  983  940 1479
4  1479  983 1027 2847
4  2374 2774  601 2859
4   807 2038  939 2847
4   575 2894 2795 2732
4  2196 2750 2687 2241
4  1789 1731  117 2885
4   419 1739 1263 2691
4  2082 2126 1071 2847
4  1400 2854 2045 2817
4   591   30 2042 2823
4  1362  130   87 2873
4   982 1026 2305 2872
4    83 1447 2456 2722
4   224  906  816 2825
4  2381 2778 1277  871
4  1384 2060 1340 2829
4   541  585 1817 2755
4   155 2583 1298 2691
4   454  421 1036 2876
4   720 2037 1907 2863
4  2853 2756 2714 2871
4  1281 1325 2701 2880
4  2106 2740 2062  860
4   120  907 1378  148
4  1858 1469 1902 2719
4  2256  759  803 2793
4  2256  935  105 2793
4   365 1729   27 2755
4  1649 2815 2899 2827
4  2792  810 2796 2903
4  1478  541 1817 2755
4  1490 2754 2508  747
4  1375  994 1465 2755
4  2058  238 2030 2874
4  2374 2774  786  601
4   102 1969 1443 2686
4  1700 2790 2750 2556
4  1113  660 1069 2820
4  1494  218  131 2802
4  2862 2852 2909 2805
4   270  211 2661 2877
4   352  440  226 2818
4  2750 2047 2196 2687
4  1489 1558 2767 2780
4  2663 2762 2766 2825
4  1328 2186 2896 2907
4  1561 1220 2667 2760
4   988 2356 2220 2693
4  2693 2507   23 1341
4   986 1030 2124 2665
4   767 2806 2693 2141
4    68  502 2269 2827
4  2413 1023 2482 2726
4  1850 1673  662 2894
4    60 2351 2713 2797
4  1759 2170  483 2892
4   233 1178  607 2898
4  1527  505 2452 2849
4  1800  612 2339 2670
4  1192 2742 2340 1148
4   891 1213 2726 2783
4  1362 1361 2873 2883
4  1176 1517 1220 2760
4   857 2717 2672 2221
4  2656 2799 2883 2826
4  2045 2717 2854 2870
4   566 2727 2149 1611
4  2739  958 1354  745
4   784 1737  373 2717
4  1687  500  953 2921
4   471  427 2714 2741
4    12 1742 2833 2856
4   353 2736 2361 2818
4  1665 1923  433  687
4  2797 1575 2744 2700
4   973  972 1016 2681
4  2237 2629 2359 2855
4  1295  298  153 2828
4   484 2713  279 2013
4  1228 1526 2331 2739
4  2779 2863 2831 2705
4  2277 1038 2435 2728
4   854 2084 2128 2912
4  2390 1440 1110 2776
4  2058 2030  300 2874
4  1669 1713  306 2716
4  1752 1685  479 2814
4  2371 2103  256 2762
4  1517 1176 1914 2760
4  2804 2852 2819 2904
4  1858 1814  551 2719
4  2684 2617 2741 2906
4    51  140 1415 2681
4  2906  891 2783 2100
4  2129 2675 1029 2851
4  1807 1834  223 2694
4  1420 2721 1798 1930
4     0 2419 2721 2884
4  2877  211 1765 1266
4  2083 2912  588 2127
4  1808 2749 2735   28
4  1752  906  224 2825
4  1727  275  772 2773
4    73 1995 1348 2797
4   949 1489 2745 2780
4  1209 2266 2536 2717
4  2163 2802 2875 1495
4  2364 2319  673 2757
4    34 2618 2634 2866
4  2745 1489 2764 2780
4  2915 2788 2918 1091
4  2245 1171 2284  962
4  1357 2902 1313 2283
4  2661 1659 2840 1765
4  2431 2663 2706 2890
4   800  497 1478 2755
4   480 2571  241  524
4  1540 1584 1454 2761
4  2227  850 2696 2820
4  1410 1365 2569 2777
4   606  562 2795 2916
4  1913 1785 1608 2822
4  2435 1038 2480 2728
4  2586 2867 2683  907
4  1093 1049 2403 2842
4  1776 2669 2675 2865
4  2899  704 2767  238
4  2138 2588 1640 2755
4  2772 2809 2815 2827
4  2696 2414 2669   59
4  2450 1720 1764 2735
4  2289 1187 1543 2913
4  1040 2409 2749 2879
4  1639  496 1595 2911
4   336  585 2138 2755
4  2436 1388  593 2849
4   420 1214   47 2777
4  2317  306 1670 2659
4  2755 1729  453  365
4  1737 2506 2672 2870
4  1714  307 1670 2659
4  2633  526  517 2659
4   592 2893 2800 1955
4   962 2240  644 2285
4  2821 1420  212  520
4  2606 1344 2539 2688
4   371 2657 2773 2798
4  1499  356 1456 2811
4  2166  659 2122 2793
4  2728 2703 2010 2869
4  1987 2138  585 2755
4   206 2699 2455 2763
4   731  859 2327 2801
4  2017 1795 1046 2859
4   886 2565  753 2905
4   181 2663 2749 2877
4  2508 2722 1490 1657
4   484 2713 1422  279
4  1209 2536 2492 2717
4    75 2393 2348 2733
4    32 2812  731 2046
4  1310  268 1322 2694
4  1052 1609 2151 2750
4   778  187 2776 2920
4  1611  478 2149  566
4   146 2653 2723 2897
4   586  864 1656 2763
4  2321 2754 1224 1589
4  2672 2731 2854 2870
4  2045 2461 2506 2870
4   456 2700 1965 1951
4  1100 1012  968 2688
4  1772  717 1728 2723
4   112  216  521 2846
4  2505 2014 2243 2790
4  2393  101 2438 2733
4  2176 1260 2838 2893
4  2924 2307 2665 2666
4   706 2682 1938  818
4  2672 1829 2731 2870
4   743  699  684  831
4  2607 2811 2777 1523
4   800 1729 2755 2876
4  1515 2686 2005 1155
4  1418 1463 1114 2728
4  1974 1311 2658 2739
4  2506 1829 2672 2870
4  2505  791 2724 2835
4  2788 2906 2804 2852
4  2124 2665 2765 2828
4  1829  330 2731 2870
4   815   32  384 2801
4   482 1933  526 2659
4  1643 2867 2542 2921
4   639 2854 2731 2870
4  2714   95 2794 2871
4  1670  306 1714 2659
4  2137 1833 2705 2863
4  1741 2727 2149 2136
4  2668 2675 2858 2886
4  1052 2047 1096 2750
4  1452 1494    9 2875
4  1410   47 1365 2777
4   687  433 2812 2846
4  2301  935 2256 2793
4  1180 1136  125 2754
4  2183 2920  908 2728
4    30  591 2745 2823
4  1702 1271 2331 2739
4  2792 1670 1626  263
4  2811   91  158 1631
4  1565  106 1052 2750
4   888  395 1424 2892
4  2641 1524 1232   46
4  1643 2867 1347 2542
4  2564  385 2789 2880
4   330 2461  639 2870
4  2314  402 1897 2850
4   420  158 1523 2777
4  2736 2832 2868 2894
4  2061 2740  655 2457
4  2656 2808 2827 2826
4  2151 2047 1052 2750
4  2785  536 1278  624
4  2614 2183 2703 2920
4   465 2645   55 2728
4   500 1348 2797 2885
4  1384 2664 1340 1755
4  2731  639  330 2366
4  2492 1166 1745 2817
4  1060  883 2794 2871
4  2728  522   63 2645
4  2690 2300 2887 2896
4  1201 2634 2696 2866
4  1563 1566 1519 2807
4  2078  583  627 2793
4  2728 2615 1285 2480
4   149  102 1443 2815
4  2669 2924  983  940
4   639 2731  330 2870
4  1092 1136 2373 2754
4  1267  971 2048 2871
4   162  587 2787 2921
4  1635 1101 2290 2701
4  1740 1418 1114 2728
4   979  956 2726 2793
4  1276 1524 2007 2688
4  1604 1445 2707 2893
4   435  379 1265 2827
4  1458 2916  957 2789
4    55 2645 1740 2728
4  2201 2165 1634 2741
4   629 2662 1349 2757
4   925 2426  252 2688
4   825  573 2111 2868
4  2367 2561 2712 2777
4  2426 1567 2054 2688
4  2291 1473  306 2659
4   708  752 1940 2879
4   811 2679 2137 2220
4  1231 2655 2768 2913
4   688 2680 2268  741
4   563  123 1334 2713
4  2778 2381 1277 2712
4  2739 2658 1399 2803
4  2022 2380 1957 2881
4  2159 1192 2115 2742
4  2641 1524   46 2688
4  2712 1503 2391  135
4   221  177 2747 2841
4  1921 1209 2492 2717
4  2176  813 2589 2893
4  2811 1587  158  464
4  2837 2540   86 2678
4   487 2732 2853 2894
4  2744  678 1335 2695
4  1720 2450 1545 2735
4  1814 2901  627 1770
4  1604  417 1445 2893
4   384 1086 2177 2801
4  1524 2737 2778 2688
4  1604 1090 2893 2707
4  2663  577 2766 2879
4   784  200  896 2717
4   632  676 2711 1819
4   526 1933  517 2659
4   769 2893 2734 1217
4  1260 2717 2838 2893
4   672 1091 2915 2918
4   388 2874  300 2065
4  1746  591 1910 2823
4  1244 1109 1288 2733
4  1388 1913 2452 2849
4     4 2838 2893 2176
4  2232  994 2710   56
4   594 2134  947 2801
4   892  848 2075 2793
4  1890  482  526 2659
4  1241 1285 1038 2869
4   823 1097 1212 2784
4  2349 2696 2304  850
4   122 2792  572 2504
4  2785 1637 1593 2719
4  1670 1626 2317 2659
4  2607 2367 1214 2777
4  1579 1748 2670 2722
4    32 2759  771 2801
4  2650 2321 2525 2807
4     4 1217  813 2893
4  2393 2348 2733 2820
4  2079 1068 2866 2733
4   767 2217  811 2693
4  1892  353 1848 2818
4  1895 1698 1939 2799
4   857 2717 2893 2672
4   395 1802 1846 2659
4   482 1890 1722 2659
4  2507 2551  285 2843
4   539  583 2034 2915
4    95 1460   51 2681
4  1068 2079 2866 1024
4  2716 1580 2889 1536
4   841  886  797 2708
4  1731 1775  544 2885
4  2414 2669   59 2440
4   451 1462 1505 2788
4  1432 2830  561 2754
4   493  889 1769 2719
4  2676 1149  227 2701
4   479 2035 2472 2814
4   629 1349 1305 2757
4   855 2909 2785 1549
4  2865 2702 1397 2669
4   870 2548  418 2839
4   274 1771  319 2708
4   206 2757 2763 1305
4   929 2027  972 2681
4  1522 1752  479 2694
4  1114 1463  908 2728
4  1968 1783 2012 2760
4  2219 2087  904 2813
4  1936  397 1892 2818
4  2756 2654 2692 2875
4   451 1462 2788 2904
4   616 2824 2903  615
4  1169  141 2708 2831
4  2569 2712 2777 2688
4   714  523 1857 2719
4  2648  342 2665 2828
4  2514 2835 2747  513
4   685 2712 1784 1503
4  2111 2067  528 2818
4   528 2099 2111 2818
4  1400 2854  683 2045
4  2655  835 2835  299
4  2327  115  947  728
4   730 2858 2169 2900
4  2767 2752 2809 2813
4   330 2506 2461 2870
4   228 2676  272 2785
4  2593  617 2068 2868
4   702 1886 1146 2821
4  2183  908 1463 2728
4  1305 1349  673 2757
4  2496 1860 1771 2798
4  2542 2867 2787 2921
4  1223  479 2472 2814
4  2681  930 2831 2644
4  1709 2846  478 1875
4   752 2762 1022  311
4  2101 1134 2745 2823
4  2741  383 2852 2906
4   187 2738 2776 2920
4  1440 2277 2435 2728
4  2728 1286  262   63
4  1286 2728 2480 2615
4  2200 2696 2820 2847
4  2788 1462 2805 2904
4  2871  883 1016 1060
4  2777 2811 2561 2712
4  2582  901 2672 2813
4   904 2043 2219 2813
4  1115 2126 2215 2847
4  2921 1965  456 2867
4  1172 2884 2419 1701
4  2813 2767  679 2174
4  2849 1919 2822 1913
4  1962 2876 2810  278
4  2672 2780 2800 2813
4   728 2812  947 2181
4   728 2812  565  477
4  1923 1621 2812 2846
4  2472 1664 1223 2814
4   609  565 2812 2846
4  1583 2792  176 1716
4   478  566 2727 2846
4  1923  433  687 2846
4  1143 2727 2846  610
4  2219 2043 2174 2813
4   723 2219 2174 2813
4  2806 2772 2809 2815
4   292 1866 2695 2823
4   807 2200 2696 2304
4   868  643  833 2750
4  1314   83 1403 2722
4  2424 1129 2655 2835
4  2659  351  395 1802
4  1517 2667 1220 2760
4  1914 1783  254 2760
4  2163 2802 1495  309
4  2741 2714 2819 2904
4   471  559 2201 2834
4  2789 1874 1149 2880
4  1914 2012 1783 2760
4   859 2801 2222  903
4   681  245  637 2849
4  2759 2268 2223 2812
4  2327 2812  947  115
4  2786    1 1736 1692
4   929  973 2644 2681
4  2792  527 2892 1704
4  2924 2669  983 2847
4   155 1298 2667 2760
4  2206 1124 2251 2850
4  2246 1268 1224 2321
4    40  993    7 2843
4  2861  783 2704 2746
4  2682 2473 2673 2922
4  2493 2691 2725 2760
4  2073 2148 2725 2857
4   811 2679 2863 2137
4  2293 2338 1059 2673
4  1963 1392 2697 1240
4  1471  801 2678 2836
4  2656 2781 2808 2826
4  2200 2038  807 2847
4  2251 2661 2296 1018
4  1588 1544 1170 2735
4   356 1499 1343 2735
4  1659  358  604 2850
4   532 2031 2003 2735
4   593 2849 1736 1706
4  1735 2689 2707 2823
4  1735  912 2689 2823
4  1982  797  840 2761
4  2056 2684 2702 1397
4   576   28 2031 2735
4  2178 1245  905 2812
4   547  248 1744 2823
4  1083 2835 2790 1186
4  1388 1913 1785 1608
4  2695 1646 2744 2823
4   358 2840 1853 2850
4   314 1659  604 2850
4  2327 2812  115  731
4  2659  483  700 2892
4  2029 1985 2006 2850
4   814 2177  858 2222
4   292 2695 2744 2823
4  2020  614  210 2824
4   547 1546  248 2823
4  1910 2744 2745 2823
4  1618  488 1343 2735
4  2686  376 2748 2855
4  1709 1665  687 2846
4   473 1934 2659 2892
4   483 1934  527 2892
4   164 2209  976 2703
4  2707   30 2745 2823
4  2762 2371 2766 2825
4  2699  206 2757 2763
4  1910  292 2744 2823
4  1182 1226 1449 2902
4  1515 2686 2690 2005
4  1666 2725 2743 2902
4  1397 2684 1442 1466
4   852 2306 2858 2865
4   338 2341 2661 2746
4   580 1577  346 2774
4  2669 2594 2414 2718
4   246 2815 1514  149
4     7 1005 1049 2843
4   268  816  906 2825
4  1005  285 2551 2843
4  2697  976 2209 2703
4  2673 2248 2682 2795
4  1546 1866  248 2823
4   578 1124  641 2850
4   534  641 1124 2850
4   600 2556 1700 2750
4   958 2739 1354 2750
4   887 2848 2553 2791
4  2498 2823 1744 2042
4  1134 2707 2745 2823
4  2792  528 1803 2892
4   880  788  701 2882
4  2804 2684 2865 2900
4   591 1746 2745 2823
4   527 1704 1803 2892
4  1134 1735 2707 2823
4  1954 1998 2689 2823
4  2406  853 2705 2863
4   313 1676 1545 2735
4  2173 1030  986 2665
4  2533 2489 2720 2765
4  1875  340 1665 2846
4  1764 2031 1808 2735
4   824 1500 2322 2735
4  2300 1653 2326 2690
4   989  945 1785 2822
4   307  263 2659 2892
4   868 1395  789 2750
4  1808 2749 2228 2735
4   576 2031  532 2735
4  2337 2550 2058 2767
4  1735  195  912 2823
4   797  753  840 2761
4  2334 2655 2379 2913
4  2414 2696 1273   59
4  2655 1363 2737 2835
4   789  958 1354 2750
4  2792  527 1704  473
4  2576 2671 1248 1292
4  2674 2548 2691 2760
4  2524 2568 1418 2703
4  1957 2781 2881 2182
4   310  266 1409 2841
4   606  562 1279 2795
4   208 1063 2729 2888
4  2493 1298 2691 2760
4  2886  985 2041  812
4   131 1495 1494 2802
4  1208 2839 2664   22
4   979 2726 2413 2733
4   126  613 2771 2895
4  2116  426  666 2877
4  2677 2748 2773 2833
4     1 2786 1262 1692
4  1982  884  797 2761
4   308  352 2818 2892
4  1326 2521 2565 2905
4  1220 1561 1176 2760
4   423  453  365 2755
4  1996  689   29 2764
4   528 2792 2818 2892
4  1134 2101  195 2823
4   816 1457 1255 2825
4  2654 2714 2771 2802
4  1264 1472 1220 2667
4   155 2667 2674 2760
4  2148 2448 2725 2857
4  1236 1192 2742 2880
4   602 1230 1173 2835
4  1462 1504 1548 2904
4  2920 2753 2697  733
4  2154  923  966 2913
4  1914 1176 2012 2760
4  2668 1561 2760 2097
4  1298  155 2691 2760
4  1783 1968 2725 2760
4  2070 1708 1412 2825
4  2469 1129 1173 2835
4  2201  559  603 2834
4  2714 2654 2756 2802
4   155 2674 2691 2760
4  2181  609  565 2812
4  2787  234 2763 1927
4  2705 2654 2858 2886
4  1021 2765 2720 2444
4  2849  593 1736    1
4   928 2027  929 2681
4  1034 1427 2357 2453
4  2051  688  741 2812
4  2294 2880 2673 1199
4  1517 2548 2674 2760
4  1298 2725 2493 2448
4  2714 2730 2853 2871
4    60   79 1600 2797
4   161  674 2699 2723
4   636 2582 1999 2800
4   141 2541 2708 2831
4  1402 1447   83 2722
4  1914 2548 1517 2760
4  1298 2725 2448 2760
4  1325 1605 1414 2880
4   507 2668 2771 2760
4  2144 2906 2788 2852
4  1541 1431 1257 2808
4   680 2806 2772 2809
4  2857  887 2848 2599
4   342 1382 2665 2828
4  2432 2746 2729 2888
4   501  545 1256 2715
4  2658 1399 2803 2595
4  1526 2751 2739 1228
4  1046 2658 1795 1973
4  1957 2781 2182 1471
4  2339  826 2670 2743
4  2464  830  828 2721
4  1326   12 2833 2856
4  2750 1008 1609 1299
4   400 1343  787 2735
4  1591  316 1547 2701
4  2751 2242 2750  958
4  1000 2547 1235 2673
4   995 1106 1062 2746
4  2679 2654 2705 2791
4  1949  371 1993 2798
4  2591   26 1064 2703
4  2739 2687 2750 2803
4  2760   82 2771  507
4    22 2698 2839 2829
4   576   28 2735 2811
4  2178 2759 2801 1034
4   241 2889 1668 2864
4  1071 1027 2082 2847
4   725 2044 1259 2088
4  1275 2640 1231 2768
4  2699 1686 2787  162
4   724 2220 2356 2693
4  2531 2576  911 2666
4  1149 1193 2701 2880
4   960 2791 2403   67
4   961 2554 2016 2843
4  2611  841 2692 2708
4   841 2761 2708  797
4  2760 2857 2668 2771
4  2813  901 2845 2925
4   821  601  786 2774
4  1869  428 1527 2849
4  2686 2773 2815 2855
4   454 1036 2810 2876
4  2880  295 1605 2520
4   160 2088 1259 2734
4  1425 1308 1088 2702
4  1170 1544 2322 2735
4  1217 2893 1261 1955
4    96 2708 2831 1169
4  1085 2704 1041 2746
4  1990 2918 2915  716
4  2840  641  578 2028
4   249  733 2697 2753
4  2200  851 2082 2847
4  2448 1298 2760 2857
4  2064 2771  603 2834
4  2684 2819 2900 2804
4   201  156  989 2822
4  2623 2648 2665 2851
4  2749  824  225 2840
4  2801  903 1796 2222
4   886  841 2611 2708
4  2669 2675 1029 2226
4  1776 1994 2669 2865
4   529  193  485 2818
4   652  446 2706 2753
4  1147 2294 1103 2673
4  2646 1603  704 2752
4  1794 2677 2526 2923
4  2833 1742 2907 2911
4  2434 2299 1035 2869
4  1137  293  740 2770
4   119 1470 2668 2684
4  2721 2774  601  830
4  2774 2721 2770  830
4  2723 2699 2757 2898
4  2249 1059 1103 2673
4   122 2792 2504 2832
4  1635  404 1591 2701
4  2762 1718 2799 2841
4  2527 2585 2240 2740
4  2409 2877 2663  381
4   840 1939 1698 2905
4   346  580 2658 1355
4  2747  513 1363 1613
4  1128 1620 2376 2884
4   593  549 1736    1
4  2403 2791 2679   67
4  1184 2286 1526 2750
4  2887  933 2753  744
4  1237  993   40 2843
4  2031 1764 2003 2735
4   851 2200 2820 2847
4  2268 2759 2223 1215
4  2696 2669 2847  807
4  1400 2854 2817  683
4   270 2545 2104 2861
4  1653 2596 2326 2690
4  1021 2765 2399 2720
4   901 2311 2845 2925
4  1820  756   25 2683
4  2108 1177 1190 2882
4   435 2826 2827 2108
4  1070 1396 1441 2718
4  2712  685 1784 2777
4  1443  102 2686 2815
4  1725 2105  626 2719
4  1449  378 1182 2902
4  1102 2541  230 2708
4  2120 1487 1111 2855
4  1459 2503  341 2789
4   673 1684 2364 2757
4  2647 2414 2696 1273
4  1817 2763 2755 1861
4   313 2840 1545 2147
4   543  444 1642 2787
4  2644   51 1415 2681
4  2789  957 2794 2916
4  1341 2356  988 2693
4  1778 2821  301 2854
4  1315  721 2039 2782
4  1732  335 1688 2683
4  2364 1684 2662 2757
4    57 2175  724 2693
4  2644  973   51 2681
4  1595 2690 2896 2911
4   185 1415  140 2681
4   271 1547  227 2701
4  1125 2833 2706 1282
4  1603  704 2752 2899
4  2711 1830 2773 2686
4   637 2786 1706 1780
4  2414 2594 2395 2718
4   502 2815 2269 2827
4  1710 2752 2767 2780
4  2507 2627 1341 2693
4  2743 2725 2769 2902
4   895  170 2260 2872
4  2344  569 1065 2869
4  2656 2708 2761 2905
4  2003 2811 2495  532
4  1448 1403 2722 2864
4   261 1757  173 2716
4   554 1330  232 2710
4   208 2704 2729 1019
4   368 2867   69  463
4  2697  951 2567 2704
4  2006  402 2029 2850
4  2165 2021  613 2771
4  1766  490 1629 2832
4  1748 2902 2670 2722
4  2778 2688 2408   90
4   785  734 2680 2774
4  1966 2744 2695  370
4  1358 2294 1147 2673
4   857 2221 2589 2893
4  1298 2667 2760 2857
4   501 2683 1820  333
4  2710   56 1154  955
4  1283 2753  334  249
4  2450  357 1545 2840
4    76 1733 1966 2715
4  1151 2197  834 2751
4  1898 2545  270 2861
4  2623 2665 2702 2851
4  2678 2739 2076 2751
4   401 2228 1808  445
4  1320  469  777 2737
4  2846 2774 1797 1612
4   663 2293  619 2682
4  2768 2515  925  555
4  1108 1300 2479 2703
4  1462 1505 2788 2805
4  1917 1576 2723 2844
4   606 1279 2562 2795
4  2335 1979 2023 2818
4  2428 1590 2473 2673
4  2475 1605 1325 2880
4    65 1755   21 2664
4   567 1973 1795 2658
4  1211 1887  964 2810
4  2113 2069 1116 2682
4  2151 1289 2091 2687
4  1414 1605 2520 2880
4  2635  446  145 2753
4  1232 2007 2688 2768
4   734 1885 2410 2774
4  1302 2063 2412 2687
4  1542 1426 2408 2712
4  1496 1540 1409 2883
4   631  162 2787 2921
4   366 1962  322 2810
4  2847  510 2215 2872
4   801 2191 2236 2836
4  1516 2820 2439 2484
4   898  809 1225 2863
4  1990  672 1091 2915
4  1225  809  720 2863
4  2408   46 2688 2712
4   469 2747 2758 2737
4  1840 1932 1311 2709
4  2384 2429 1199 2673
4   344  749   10 2881
4  1393 1964 2699 2914
4  2636 2691 2807 2830
4  2117  594  903 2801
4   664 1896 1658 2749
4  2186   98 2896 2907
4  2008 2431 1194 2890
4   593  549    1 2849
4  2135 2134 2801 2812
4  2512 2790 2750 1700
4  1589 2525 2321 2807
4   180 2609 2762 2923
4  2741 2906 2819 2684
4   162  587 1686 2787
4  1681 1529 1486 2783
4  1643 2867 2921 1347
4  1672 1452    9 2875
4    71  269 1037 2840
4  1415 2644 2681 2831
4   116 1876 1227 2803
4   975 1754 2704 2753
4  1207 2578 1251 2765
4  1551 2723 1728 2844
4  1086 2759 2822 2801
4  1886  702 1265 2821
4  1246  862 2782 2897
4   989 1033  201 2822
4  1101  359 2290 2701
4  1015 2742 2362 2673
4  1000 1235 2518 2673
4  2182   10 2781 2881
4  2408 1426   46 2712
4   932 2765 2664 1163
4  1414 1459  447 2701
4   512  135 2712 2811
4  1512 1135  844 2887
4  2801  859 2222  775
4  2423 1212 2784 2790
4   145  608  844 2753
4  2319 1948  673 2757
4   811 2679 2693 2863
4  1363 2747 1613 2737
4  2118  783 2704  739
4  2341  995 2661 2746
4  2422  773 1097 2784
4   552 2207 1126 2888
4    24 2629 2237 2826
4  1372 1328 1327 2907
4   378 2769 2725 2902
4  2201 2714  471 2834
4  2888 2704 2118 2746
4  2266 2845 2672  901
4  1518 2674 1164 2691
4   799 2370 2661 2746
4  1508  497 2389 2755
4  1977 2633  570 2796
4  1346 2061 2727 2740
4   148 2546  120 2683
4  2860 2660 2831 2863
4  2704 1437 2522 2746
4  1163 1119 2444 2765
4  2306 2262  897 2858
4   185  362  318 2831
4  1004 2724 2747 2837
4  2077 1234 2044 2849
4  1063  208 1082 2888
4  2770 2721 2821 2908
4   887  960 1254 2791
4   924  213 2575 2530
4  2656 2799 2905 2883
4  1652 2282  293 2817
4  2730 2651 1705   11
4  1633 1309  379 2827
4  1409 1540  354 2883
4   247 2029 2161 2850
4   145 2748 2753 2907
4  2462 2417 1816 2908
4   514  223 1834 2694
4  1281 1193 2385 2880
4  1922 2268  866 2680
4  2618 1442   59 2696
4  1203 1247 2575 2878
4   538 1593  582 2719
4  2522 1437    2 2746
4   390 2098 2017 2727
4  2672 2731 2752 2813
4  1549 2901  538  494
4  1924 1901 1967 2719
4  1506  778 2776 2920
4  1515 2255 2326 2690
4  1777 2715  991 1480
4  2484 1025 1069 2820
4  2170  439  483 2892
4   479 1685 2035 2814
4   958  789 2242 2750
4  2099 2111 2818 2868
4  2658 2709 2739 1311
4   222 1718  311 2841
4  2522 2704 2746 1041
4  2462 2581 1210 2908
4  1953 1304  635 2745
4  1797  653  697 2812
4  2584  850  763 2696
4   563 2797 2867   79
4  1897  358 1853 2850
4  2889 2659 1933 1889
4   806 1947 2804 2900
4  1119 2399 2444 2765
4  1390 1829 2281 2752
4  2424 1186 1173 2835
4  2647 1201 1273 2696
4   405  163  449 2785
4  1102 1169 2541 2708
4  2694 1834  470 1807
4   895  938  170 2872
4  1688  335 1791 2683
4    20  194 2428 2673
4   491 1723  447 2701
4   607 2235 1553 2898
4  1997  679 1304 2745
4  2914  719 2782 2653
4  1549 2788  494  450
4   802 1924 1944 2909
4  1039 2737 2768 2655
4    30 1746  635 2745
4  2489 2444 2720 2765
4   760 2078 2793 2915
4  1658  620  470 2749
4   166 2824 2796  210
4   763  807 1994 2696
4  2863 2779 1907 2705
4  2554 1005  993 2843
4   374 1782  286 2829
4   692  878 2784 2790
4  2464    0 2419 2721
4  1780 1662 2180 2786
4   184  139  183 2676
4  1143 2727  566 2846
4   507 2012 1176 2760
4  2228 1808 2735 2840
4  1612 2774 2318 2727
4   809  898 2657 2863
4  1196 2697 1963 1392
4  1148 1104 2071 2742
4   168  701  788 2836
4  2214 2092 2865 2900
4  2747 2837 2841 2881
4   395  439 1424 2892
4   491 1572 1767 2701
4  1325  359 1281 2701
4   604 2661 1942  314
4   428 1527 2734 1825
4  1997 1304  909 2745
4   251 2485  998 2684
4  2542  587 1643 2921
4  1441  253 2718 2820
4  2853 1629 1766 1585
4    30 2086 2707 2745
4    46 1426 2688 2712
4   577  381 1564 2663
4  1001 1666 2743 2902
4  1525 2663 2890 2877
4  2704 2888 2118  208
4  2526  138 2382 2826
4   507 2771 2097  867
4  2579 1119 2664 2765
4   657 1601 2337 2767
4   639 2854 1778  301
4   876 1002 1975 2739
4  1577 1839  346 2774
4    11  427   50 2730
4  2472  214 1664 2814
4  1147 1103  194 2673
4  2702 2648 2623 2851
4  1580 1536 2864 2889
4  1598 1540 1496 2883
4  1591  315 1101 2701
4    10 1957  344 2881
4   270 2663 2877 2861
4  1144  729 1188 2768
4  1669 2317 1625 2716
4  2604 1881 1837 2824
4   403 1325 1057 2701
4  2556 2750 2751 2790
4  1528  624 1767 2701
4   536 2785  492 2701
4  1492 1449 2670 2743
4  2360 2703 2479 2524
4  1591 1101 1635 2701
4   204 2112 1868 2786
4  1274  628 2831 1815
4   904 2582 2043 2813
4  2542  820  587 2787
4  1976  210  570 2796
4  1933  437  869 2889
4  1878 1050 2658 2859
4  1158  998  119 2684
4  2595 2658 2740 2803
4  2052 1647 1710 2780
4  1528  624 2701 2785
4  2534 2579 2664 2765
4  2754 1447 1657 2463
4  2431 2706  798 1238
4   298 2624  342 2828
4  2594 2669 2414 2440
4  2700 2867 1864 1908
4  1659 2661 2840 2850
4  2340 2385 1193 2880
4   350 2689  328  284
4  2504  615  616 2903
4  2749 2694  470  664
4  2665 2720 2765 2828
4  1732 2683  236  790
4   228 2676 2785 2805
4  2748 2706 2753 2907
4  2600 1489  949 2780
4  1763  470  620 2811
4  2750  921 1008  877
4  2608 2790 1185 2784
4  2751 2549 2242  958
4  1480 1787 1777 2715
4   144  188 1446 2710
4   765 2128 2127 2912
4  1370 2672 2752 2780
4   643 2063 2687 2750
4  2478  509 2433 2729
4  2329  822 1006 2859
4   391  222 2758 2841
4   545  589 1865 2715
4   251  998 1466 2684
4    16 2297  501 2715
4  1886  520 1146 2821
4   184  329 1971 2805
4  2137 1833 2309 2705
4  1737 1390  373 2672
4  2614 1392 2697 2703
4  2655 2775   72 2835
4   381  754  337 2877
4  2677 1530  182 2923
4  1141  773 2608 2784
4   257 2829 2060  286
4  1281  359  315 2701
4  2706 2704 2753 2890
4  2560   85 1492 2716
4  1284  249  733 2697
4  2700  589 1909 1303
4  2659  482 1889  748
4  2574  392  436 2864
4  2867 2700 1864 2683
4   998 2485 1470 2684
4   315  359 1101 2701
4   447 1723 2308 2701
4  1492 1581 2743 2716
4    32 2759 2002  771
4   588  632 2127 2912
4  1839 1577    5 2774
4  2785 1856  537 1900
4  1522 1223 2758 2814
4   785  645 1885 2774
4  2430 1042 1842 2880
4  2774  741 1841  734
4   922  692 1747 2784
4    85 1669 1625 2716
4  1747 2790 2784  878
4  1814 2901 1770 2719
4   821  830  601 2774
4   317 2909 2805 2785
4   145 2753 2896 2907
4  2000 2436 2563 2849
4   457 2715 1242 1777
4  1885  645  821 2774
4   177  391 2758 2841
4   969 2068 2894 2917
4   580  346 2658 2774
4  1839    5 1621 2774
4  2608 1185 1141 2784
4  2820 2619 2573 2872
4  1908 2247 1920  589
4  1376 2482   34 2866
4  1414 1459 2701 2880
4  1024 2696 2816 2866
4  2314 2840  641 2850
4  2676 2272  227  183
4  1679 2290 2308 2701
4  1057 1325 1414 2701
4  2052 2767 1710 1558
4   646 2556 2751 2790
4   810 1582 2796 2903
4   972 2756 2681 2027
4  2593  825  617 2868
4   998 1470  119 2684
4  2175 2693 2141  767
4  2264 2400 2355 2886
4  2372 1166 2770 2817
4   899 2265  768 2705
4  1149 1193  271 2701
4   989 1785 2000 2822
4  2700  677 2764 2797
4    72 2334 1142 2775
4   246 2815  149 2874
4  2572 2368  297 2866
4   624 2011 1900 2785
4   698 1612 2318 2727
4   742 1841 2410 2774
4   911 2210 2531 2666
4  2502 2002   32 2812
4  2888 2704 2746 2729
4   989  156  945 2822
4   857 2582 2672 2800
4  2427 2526 2799 2923
4  2424   72 1186 2835
4  2713 1927 1422 2190
4  1000 1279 2547 2795
4   589 2700 1909 1865
4  1957 1471 2022 2881
4    10 2182 1957 2881
4  2676 1547  227 2272
4  2711 2782 2874 2912
4  2785  492 1812 1278
4  2665 2675 2851 1029
4  2447 2817 2759 2838
4  2398  658 2443 2204
4   678 1866 1822  292
4  2799 2781 2841 2883
4  1141 1097  773 2784
4  1204 2666  638 2487
4  2146 2686 2005 2690
4   850 2304  763 2696
4  2654 2660 2842 2679
4   512  179 1763 2811
4   496  761 1772 2690
4  1033 1234 2077 2822
4   597 2661 2888 2850
4  2172 2806 2809 2912
4  2897  388  235 2653
4  2560 1492 2670 2716
4  1692  328  284 1736
4  2727 1346 1611 2061
4     9 2802 2875 1494
4   921 2750 1008  106
4   763 2865 2696 1994
4  2739 2709 2884 2919
4   374 2839 1429 2233
4  2824 2834 2771 2064
4  2824 1081  166 2796
4  1236 1192 2159 2742
4  1934  473  527 2892
4  2239 2318  698 2284
4  2725 2743 2769 2771
4  2495 1618 1631 2811
4   901  904 2087 2813
4  1525 2663  754 2890
4    85 2560  129 2716
4  1075 1945 1902 2719
4   413 2065 1045 2874
4  2678 2781   86 2837
4  1270 2902 2722 2670
4  2229 1620 1128 2884
4  1024 2227  850 2696
4  2098 2061 2457 2727
4   637 2563 1706 2849
4  2674 1518  155 2691
4   463 1599 1347 2867
4   468 2749 2840  489
4   945  156  858 2822
4  1752 2762 2825 1685
4   232  188  554 2710
4  1633  379 1649 2827
4  1782  257  286 2829
4  2010 2254 1241 2869
4   783 2861 2074  755
4  1259  769 2132 2734
4  1734  863  458   41
4  2450 1764  401 2735
4   492  404 1635 2701
4  1078 2268 1215 2759
4  1534 2754 2722  747
4  2050  422 2775 2784
4   228 1636 1592 2785
4  2304  807  763 2696
4  2811 1456  464 1411
4  1332 2483 1288 2733
4  2098  434 1611 2727
4  2680 2372 2770 2817
4   415 1734 1436  283
4  1913 1608 1919 2822
4   725  204 2112 1868
4  2016 1541 2808 2873
4    22 1650 2698 2829
4   352  703  440 2892
4  2650 2754 2321 2807
4   247 1513  931 2888
4   146  235 2653 2897
4   582 1593 1637 2719
4  2787 2763  516 2810
4  1925 2824 1881 2604
4   452   36 2635 2748
4  2505 2724 2790 2835
4  1424 1671  888 2892
4  1938 1981 2682 2736
4  1238  798 2476 2766
4  1354 2019 2739 1002
4  1297 1210 2581 2845
4  2016 2685 2843 2873
4  1553  190 2488 2898
4  2255 1155 2686 2690
4  2659  263 2792 2892
4  1692 2689  240  284
4  1155 2686 2005 1969
4  2661  578 2840 2850
4   504 2786 1868 1824
4   716 2079 2726 2915
4   854 2128 2172 2912
4  1623  612   77 2670
4  1815  362 2819 2831
4  1930  520 1420 2721
4   806 2804 2816 2900
4   502  836   24 2826
4   189 2653 2844 1917
4  2718 2671 2847 2924
4    49  484 2013 2897
4   284 2689  819  350
4   774 1004 2678 2724
4   688 2680 2812 2268
4  1081 2792 2796 2824
4   235 1047   49 2897
4  2441 2847 1871 2671
4   213 1203 2575 2878
4   267 1022 1851 2694
4  2533 2765 1207 1758
4  1273 1201 2634 2696
4  1515 2596 2005 2690
4  2215  531 2847 2878
4  1601 2764 2767 2782
4  2487 2531 2210 2666
4  1528 1572 1811 2862
4  1990 1329  716 2915
4  2653  761 2686 2690
4  1817 2763 2876 2755
4  2726 1329 2079 2733
4  1756 2670  568 1044
4  1422 2699 2713 2897
4   376 1750 2748 2855
4  2686 2146 2005 2620
4  1290  123  563 2713
4  2322  312  999 2735
4  1515 1155 2255 2690
4  2564 1413  385 2880
4   987 2407 2354 2765
4  2757 2699 2763 2898
4   901 2672 2813 2845
4  2184 1040  664 2694
4  2767 2809 2874 2912
4  2570 2738 2844 2887
4  1943  625  737 2909
4  2743  210 1844  826
4   854  640  723 2809
4   212 1753 2770 2854
4  1620 2376 2884 2919
4  1080 2746 1018  462
4    28 1808 2031 2735
4  2696 2227 2820 2866
4   277  780 1306 2755
4   496 1772 1595 2690
4  1482 2316  555 2768
4  1930 1798  598 2721
4  2834 2224 1132 2730
4  2331 1271 1128 2739
4  1546 1866  547  248
4   867 2097  126 2668
4  1830 2711  761 2686
4  2920 2896  996 2738
4  2808 2656 2873 2883
4  2292 1998  504 2498
4  2745  355 2744 2764
4   928 2027 2681 2756
4  2371 2103 2762 2766
4   623  371  540 2798
4  2678 1202 2709 2836
4   547 2823 1998 1954
4  2360  569 2479 2869
4  1706 2786 1662 1780
4  2287 1747 1395 2784
4  2852 2909 2805 2788
4  2059 1956 2545 2861
4  2045 2717 2817 2854
4  2596 1515 2326 2690
4   238  246 2874 2899
4   385 2742 2789 2880
4   391  221  265 2841
4   572 2832  122 2868
4  1140 2273  600 2750
4  2121  237 1645 2764
4  1429  374  286 2829
4   451 2819 2904 2804
4  1557 2791 2842  960
4  2360 2703 1418 2869
4   861  609 2812 2846
4   514 1834  179 2694
4   448 1504 1460 2904
4  2750 2751 1526 1184
4  1905 1656 1861 2763
4  1430   67 2392 2791
4   653  861  905 2812
4  2223  688 1245 2812
4  2146 2596  189 2690
4  2351 1290   60 2713
4  2005 2596 2146 2690
4  1974  876 1311 2739
4   452  845 2119 2748
4  1285 2728 1038 2869
4  1255  181 2663 2749
4  1572 2676 2701 2789
4  2835 2514 2724 1877
4  1477   71  114 2840
4  1207 1251 2664 2765
4  2665 2218 1074 2720
4  2699 2455 2763 2787
4  1560 2731 2752 1829
4   505 1527 1262 2849
4  2679 2660 2693 2863
4   664  470 1807 2694
4  1006 1878 2803 2859
4   630 1730 2455 2699
4  2048  443 1810 2756
4  2557 2835 1230  602
4  2709 2678 2739 1786
4  2188 2143 2830   38
4   865  636 2274 2800
4  1073 2129 1029 2665
4   257 2698 2829 1782
4  2622 1292 1836 2666
4  2713 1927 2190 2787
4  1927 2699 2763 2787
4   284 2786 1692 2689
4  1904 1947 2258 2900
4  2157 2682 2917 2922
4  2817 1921 2447 1745
4  1599 2787 1555 2542
4  1706 2786  328 1662
4  2326  432 2300 2690
4  2772 2809 2827 2845
4  2490 2839 2664  258
4  2811 1499 2735 1618
4   600 2273 1184 2750
4  1632 2206 1513 2850
4    15 2662 1222 2710
4  2763 1686  864 2787
4  2346  847 1213 2726
4  2326 2255  432 2690
4  2749  312 1310  827
4  2190  323 2713 2787
4  2147  357  114 2840
4  1273 2634 2618 2696
4  2846 1709  478  216
4  2852 2862  712  579
4   626  582 1637 2719
4  2781 2799 2826 2883
4  1912  769  204 2786
4  1040 2184  708 2879
4  1994  807 2669 2696
4   850 2816 2584 1867
4    59 1273 2618 2696
4  1080 2405 2387 2888
4  2260 2215  895 2872
4  2733 1333 1244  101
4   182  476  667 2766
4  1031  987 2354 2765
4   536 2785 2701  624
4  2701 1723  536 1767
4   151 1134 2707 2745
4  2701 1679  492 1958
4  2423 1185 1127 2790
4   987  943 2407 2765
4  2179  102  149 2815
4   635 2086   30 2745
4  1930 2709 1931 2416
4   843 2162  560 2888
4  2683 2297 1732 2715
4  2352  984 1028 2666
4  2578 2278 1251 2765
4   403 1057  447 2701
4  1528 1572 2676 2701
4  2770 2680 1577 2774
4   974 2271  642 2888
4  1765 1350 1659 2840
4   141  318  274 2831
4  2700 1864 2247 1908
4   825 2155  617 2868
4  1102 1884   97 2856
4  2407 1030 1074 2765
4    33 1756 1044 2889
4  2804 2788 2852 2904
4   437 1933 1889 2889
4  1852   28  620 2749
4   649 2323 2924   18
4  1538  218 2769 2903
4  1216 2770  645 2680
4  2588 2662 2710  364
4   437   33  869 2889
4  2498 2707 2786 2689
4   324   25  756 2683
4   650 1014  606 2795
4  2371 2663   80 2766
4  1088   62 1352 2702
4  1820 2297  790 2683
4  1901  714 1857 2719
4  1490 1534  981 2722
4  1103 1377  194 2673
4  2762 2609 2799 2923
4  2750 2412  868 2687
4   146 2488 1047 2897
4  1844 2339 1667 2743
4  1037 2147  114 2840
4  2216 2406 1833 2863
4   625 1943  474 2909
4  1233 1707 2517 2694
4  1373 1065  569 2869
4   927  429 2518 2922
4  1059 2249 2159 2673
4  2880 2294 1324 1199
4  1147  194   20 2673
4  2187 2744 1646  370
4   744  844 2753 2887
4  1612 1841  742 2774
4  2835 2514 2747 2724
4  1169   52 2611 2708
4  2748 2833 2907 2911
4   365  321  423 2755
4   110 2529 2573 2872
4   232 1959 1446 2710
4  2656 2660 2843 2873
4  1651  755 2074 2861
4  2799 2677 2526 2826
4  2548  870 2674 2839
4  1527  461 1262 2849
4  2255 1155  376 2686
4  2475 2430 1842 2880
4  1029 2675 2085 2226
4  2099  825 2111 2868
4   711 1274  584 2860
4   824 2749 2735 2840
4  2823  289 1546 2695
4   842 2521 2833 2905
4  2636 1342  595 2691
4  2077 2044 2088 2849
4  2340 1193 1149 2880
4  1274 2831  711  363
4   197 2648 2674 2828
4  2820 2483 1113 2528
4  1591 1547  271 2701
4  2222 2822  858 1796
4  1844  826 2339 2743
4  2372 1166 2417 2770
4  2473 2518 1191 2673
4   347 2468 1083 2775
4  1377 1059 2338 2673
4   324  756  280 2683
4  2217 2216 1833 2863
4   401 2228  445 2840
4  2786  637  681 1434
4  1754 1651 2074 2861
4  2765 2533 1207 2578
4   713 2100 2144 2906
4  2345 1153 1619 2738
4  1251  605 2664 2765
4  2371 1412 1708 2825
4   376 1750  845 2748
4   366 2876 2810  322
4  2028  641 1984 2840
4  2766  667 2677 2748
4  2655 2737 2470  255
4  2342 2271 2387 2888
4  2208  744  902 2753
4  2216 2217 1225 2863
4  1100 2768 1144 2688
4   597 1513 2850 2888
4   902 1061 1754 2753
4  2831 2679 2660 2654
4    37 2830 1048 2636
4  1471 2781 2182 2836
4   913 2278 2578 2765
4  1188 1855 2688 2768
4   420   47   92 2777
4   198  242 1694 2829
4  1650  675 2698 2829
4  2768 1100  596 2688
4  1879 2470 2632 2768
4  2490 2534 2664 2765
4  1296 1252 2664 2829
4  2632 1055  599 2768
4  2489 2533 1758 2765
4  1118 2765 2399 2354
4  1389  654  610 2846
4   314 1942 1970 2661
4   186  319  772 2856
4   604 2661 1174 1942
4  2037 1993 2168 2860
4  1965 2921 2797 2867
4  2428 2682 2673 2383
4   704 1603  238 2899
4   788 2416  168 2709
4  1263 1307 2691 2698
4  2685 2507 2693 2627
4  2546 2867 2683 1644
4    39 1314 1270 2722
4   367  950  472 2810
4  2293 1015 2248 2673
4  2823  289 2695 2891
4  2081 1907 2037 2860
4   338 2341  382 2661
4   713 1573 1899 2852
4  1458 2916  562  957
4  2379 1891 2334 2913
4   628 1904 2213 2779
4  2681  140 2819 2904
4   809 1863  720 2863
4  2016 2554 2642 2843
4   628 2831 1815 2779
4  1191 1235 2384 2673
4   389 2774 2680 2812
4  2174 2809 2813 2767
4   934  713  339 2906
4   580 2658 2770 2774
4  2068 2055 2894 2917
4   283 1655  239 2891
4  2750 1140 2512  600
4   413 2686 2874 1443
4    94 2553   84 2842
4   521  565  112 2846
4   442 1672 2163 2875
4  1765 1266  225 2840
4  2131 2087 2219 2925
4  2924 2675 2665 1029
4  1102   97 1326 2856
4   301  639 2731 1309
4  2072  578 2028 2840
4   255 1011 2470 2655
4  1247  649 2671 2878
4  1516  895 2215 2872
4   587  820 1686 2787
4  2713 2013  862 2351
4  2238 2725 2830 2902
4     1 2786 1736 2849
4   972 1016 2681 2871
4  2862   78 2794 2676
4  2828  943 2124  515
4  2116 2877  489 1394
4  2129 2675 2085 1029
4  1817  421 1478 2876
4   124  442 2692 2875
4  2860  849 1993 2168
4  2897 2488 2723  146
4  1350 1809 1659 2840
4  1076 1452  959 2910
4  2171 2657  676  809
4   725 2044  681 2849
4  2249 1103 2294 2673
4   368   25  324 2683
4  1607 2698  375 2807
4  2866 2783 2618 2696
4   656 2763 1817 1861
4   421 2763 1817  656
4  1789  117 1687 2885
4  1039 1319   89 2655
4  1752  224 1685 2825
4  2846  653 1797 2812
4  2660 2693 2656 2843
4   980 1024 1867 2816
4  2137  811 1833 2863
4  2059 2663 2861 2706
4  2666 2443 1293 2204
4  1380 2661 2251 2850
4  2763  421 1817 2876
4  1511  992   69 2867
4   186  142 1742 2856
4  1664  696 1123 2747
4  1829 2506  330 2870
4  2248 1015 2362 2673
4  2696 2865 1442   59
4  2600 2052 1489 2780
4   680 2219  723 2925
4  2518 1235 1191 2673
4  1191 2384 1358 2673
4  1793 2824 2834 2903
4  2770  821  645 2774
4  2273 1140 1988 2750
4  1122 2680 2759 2817
4   992 1555   69 2867
4  2763 2787 1036 2810
4   472 1378  120 2867
4  2293 1059 1015 2673
4  2670 2796  481 2716
4  1885  821  786 2774
4  1692  736 2689 2786
4  2092  806 1867 2816
4  1753 1420  212 2770
4  1924 2901  758 2719
4  2364 2723 1728  717
4  1449 1492 2638 2743
4  2677 2119  667 1530
4  2384 1235 2429 2673
4  2809  854 2174  723
4   606  970  650 2795
4   967  915  255 2655
4  1377 2383  194 2673
4   141 2541 1169 2708
4   582  626 1814 2719
4  2095 2086 2745 2800
4  1036 2494  454 2810
4   401 1808 2735 1764
4   166 2824  210  614
4   337 2160  381 2877
4  2536 1253 2581 2845
4   866 1078  910 2759
4  2152 2836 1202 2678
4  2742 2340 1148 1874
4  1984  114  357 2840
4  2658 2375 2803 2884
4  1479 1027 2396 2847
4   923 2154 2775 2913
4  1481 2877  468 2116
4  2296  424  995 2661
4  2813 2130  679 2800
4   824 2749  225 1500
4  1811   78  518 2862
4  2142  912 1779 2689
4  1865 1256  545 2715
4  2536 2672 2845 2854
4  1700 2556 1229 2790
4  2427 1697 2609 2799
4  2248 2795 2362 2203
4  2101 1646  195 2823
4  2331 2499 1228 2919
4   263  307 1583 2892
4  2311 1297 1253 2845
4  1774 1731 1964 2914
4   435 1882 2108 2882
4  1770  538  582 2719
4  1270 2902  202 2722
4  2594 1291 2395 2718
4  2004 1773  454 2876
4  2694 1522 2758 2814
4  1063  203 2592 2729
4  2767 2813  679 2780
4   716 2079  980 2726
4   715  707  759 2793
4  1578 1534 2637 2722
4  2103  180  256 2923
4  2625 2765 1163 2664
4    77 1748 1623 2670
4  1145 2832 2853 2903
4  1500  312 2735 2749
4   647  331  137  287
4    70 2238 1269 2902
4  1255 1457 2749 2825
4  1451 1450  174 2910
4  2472  792  214 2814
4   459 2823 2891  289
4   862   49 2013 2897
4  1813 2059  652 2706
4  2914 1862 1818  108
4   616 2824 1793 2903
4  2538 1543 2199 2913
4   694 1001  303 2902
4   942 2665 2307 2666
4   926 2682 2736 2917
4  2172  765 2806 2912
4   146 1047  235 2897
4  1747 2790  878 2242
4   424  622 1481 2661
4   185  140 1417 2819
4  1173 1230 2469 2835
4   429 2795  970 2562
4  2697 2164 2887 2920
4  2144 1573  713 2852
4  2558 2603    8 2837
4  1011 2110  296 2655
4  2282  727  387 2680
4  2369 2702   62 2924
4   352 1715  703 2892
4  1319 1129 2053 2655
4  1945 2901 1989 2793
4  1710 2550 1558 2767
4   307  351 1627 2892
4   299 2110  915 2655
4  1249 2666  911 1293
4   443  928 1806 2756
4   959  124 1497 2910
4  2252 2729 2888 2404
4  1315 2128 2084 2912
4  1429 1384  109 2664
4   933 2887 2753 2697
4   182   93 2103 2923
4  1380 2661  622  424
4  1912 2707 1261 2893
4  2300 2570 2844 2887
4  2369   19 1336 2924
4  1831   26 1035 2703
4  2797   79 2145 2700
4  1561 2668 2760 2667
4  1044  612 1800 2670
4  2902 1219 2143 2722
4   605 2278 1295 2828
4  2158 1267  487 2732
4  1925 1711 1881 2743
4   649 1291   18 2924
4  1638   54 2186 2896
4   157 2334 1891 2913
4  2395 1070 2414 2718
4  1475  508  155 2667
4   638 2531 2576  911
4   984 2924 2307 1301
4  1250 2720 2398  658
4  1729   27 2755 2876
4  1994  939 1776 2669
4  1293 2622 1337 2666
4  1105  139 2295 2676
4  1750 2677 2748 2855
4   675 2049 2698 2829
4  1534  215  981 2722
4  1665 1923  687 2846
4  2056 2684 1158 2702
4   296 2154 1258 2913
4  2483 1332 2528 2733
4  1470 2668 2684 2895
4  1149 1874 2340 2880
4   873 2417 2462 2908
4   835 2835  299 2505
4   810 1626 2792 2796
4    64 1211  455 2810
4  2761 1698 2883 2905
4   127 1448 1403 2722
4  1033 1077 2312 2822
4  1125 1416 1371 2907
4   197  298 2648 2828
4   127 2456 2001 2722
4  1369 1301 2226 2669
4  1023 2413  956 2726
4  1249 2666 2398 1205
4   162 2699 2455 1730
4  2653 2686 2711 2874
4  2818  352 2023  226
4  2665  942 2307 1073
4  2924 2307 1029 2665
4  2352 1117  942 2666
4   680 2131 2772 2175
4  2312  732 2357 2822
4  1931  598 2709 2721
4  2478 1152  509 2729
4   516 2763  234 2876
4  1962  516  278 2810
4   680 2131 2219 2925
4  2060 1384 1340 1755
4    65 2664 1207 1251
4  1334  563 2713 2867
4  1226  304  260 2670
4  2817 1921 2492 2717
4  1806  928 2026 2692
4  1901  581 1967 2719
4  2489 2765 1163 2444
4  2901 2458  803 2793
4  2397 2352 1028 2666
4  1207 1758 1163  932
4  2204 2666 1249 1293
4   559 1935  603 2834
4  2647 2414 1070 2718
4  2576 2666 1293  911
4   187 1507 1790 2776
4   645  785 2680 2774
4  1195 2704  951 2729
4  2709 2721 2808 2821
4  1817  585 1861 2755
4   638 2531 1204 2487
4  2530 2671 1204 2486
4  1488  181 1457 2749
4  1697 2609 2799 2814
4  2781 1471 2881 2837
4  2511   40   94 2842
4  1827 2442 2487 2666
4  2345 1153 2738 2887
4  2858  730 2865 2900
4   135 2391 2712 2811
4  1307 2839 2691 2698
4  2687  116 2750 2803
4  2670 1579  568   77
4  2679  811 2693 2220
4  1183  116 2687 2803
4  1737 2506 1390 2672
4  1579  259 1748 2722
4  2105 1469  551 2719
4  2821 1420 2770  212
4  2402 2453  732 2759
4  2226 1776 1369 2669
4  2234 1793 1935 2834
4  1549 1593  538 2719
4   413 2686 2620 2653
4  1469 1075 1902 2719
4  2666 1249  911 2210
4    88 1760 2832 2903
4    39 1402   83 2722
4   613  779  867 2771
4  2180 1824 1434 2786
4  1220 1472 1561 2667
4  2465    0 2510 2721
4  1807 1569 2184 2694
4   803 2901 1989 1485
4  1598 1361 1362 2883
4  1060 2871   95 1016
4  2924 2675 2669 2702
4  1087 2665 1381 1351
4  1300 1339 2524 2703
4  2517 2415 1322 2694
4  1325 1414 2701 2880
4   223 1569 1807 2694
4   259 1579 1491 2722
4  1119 2579 1031 2765
4  2726  891 2788  914
4  1425 2631 1472 2668
4   567 1974 1089 2658
4   553 2404 2405 2729
4  2677 1794 1530 2923
4  1655 1823 2689 2891
4  2828  943  515 2765
4  2557 1877 1230 2724
4  1539  219 2792 2903
4   845  432 2255 2748
4   950  411 1468 2810
4  1532 1535 2738 2887
4  2753  975 2208 2704
4  1875 2727  478  434
4    64  455  992 2810
4   682 2089  200 2717
4  2158  575 2203 2732
4  1581 1492 2743 2638
4  2812  115  731 2046
4  2694 2758 2762 2814
4    79 2797 2145 1600
4  2661  597 2251 2850
4  1535 2345 2738 2887
4   360 2552 2066 2747
4  1527  428 2734 2849
4  2209  164 2010 2703
4   233 1576 1243 2898
4  2250  883 2732 2794
4  2666 2263 2218 2720
4  2658 2740 2803 2859
4  2703 1463 1418 2728
4  2857  128 2769 2073
4  2748 2773 2833 2911
4  1925 1667 2279 2743
4  2440   61 2594 2669
4   396  288  415 2891
4  2120 1111 2359 2855
4  2171 2141 2172 2806
4  1249 2204 1293  911
4   693 1332 2866  297
4  2307 2352  942 2666
4   508 1475 2491 2667
4  1959 1552 1916 2755
4  2724  602 2790 2835
4   714 1901  758 2719
4  1567 2712 2777 2054
4  1926 1398 1649 2899
4   430 2788 2901 2909
4  2684 2675 2865 2858
4  2021  603  691 2771
4  2489  136 1250  103
4  1397 2056 2669 2702
4  2893 1912 2786 1217
4  1287  277 1178 2755
4  2894 2682  706  818
4   116 2241 2687 2750
4  1468 1211   64 2810
4  1447 2754 1657 2722
4  1308 1472 2667 2668
4   638 2531 2487 2666
4  1275 1231 1891 2913
4  1827 2487 2210 2666
4  2289  157 1187 2913
4   393 1823  288 2891
4  2591 2388  207 2729
4  2531  638 2576 2666
4   994 1375 1331 2755
4  2886 2851 2400 2667
4  2056 2684 1397 1158
4  2666 2576 1293 2622
4  2201 2021 2165 2771
4  2172 2141  640 2806
4   837 2460 1751 2737
4   598 2658 2709 2721
4  1930 2416  520 2721
4   255 2425  967 2737
4   103 2489 2533 1758
4  2837 2603 1317 2724
4  2443 2666 1293 1337
4   215  259 1491 2722
4   934  339  251 2906
4   184  183 2272 2676
4   650 1014 2795 2894
4  2158 1894  575 2732
4  2708  886 2761 2905
4   147 1726  451 2804
4   774  834 2198 2724
4  1087 2924 1836   19
4  1782 1738  647  257
4   867  779   82 2771
4  2314 1632  402 2850
4  2064 1881  691 2771
4  2808 1361 2873 1360
4   874 2510 2464 2721
4   964  455 1211 2810
4   355  686 2121 2764
4  1800 2339  826 2670
4   155 1298 1475 2667
4  2400  508 2491 2667
4  2674 2765  515 2445
4  2714 2201 2771 2834
4  1939  753  709 2905
4  1561 2668 1472 1610
4   691 1711  779 2771
4   603 1935 2064 2834
4  2609 1697  792 2814
4  2526 2677  138 2826
4  1547 2676  272 2272
4  1359 2465 2510 2721
4  1036  444  377 2810
4  1250  103 1294  658
4  2721 1355  598 2658
4  1916 1508 1959 2755
4   336 2138  629 2755
4   674 1393 2699 2914
4  2797 2713  862 2351
4  2510    0 2464 2721
4  2442 1160 2487 2666
4    95 2681 2714 2904
4  1752 2762 1685 2814
4  1649 1514 1926 2899
4  2001 2456 1657 2722
4   550 2631 1383 2668
4  2734 2707 2786 2893
4  1211  411 1887 2810
4  2754 1447 1402 2722
4  1390 2506 1829 2672
4   296 2110  648 2913
4    82  779 1711 2771
4  2609  180 2427 2923
4  1944 1924 1967 2909
4  1072 2397 1028 2666
4  2779 2081  893 2860
4  2488  190 2699 2898
4  1451 2511 1450 2910
4   367  411  950 2810
4  2051 2774  741 1841
4   310  354 2761 2883
4  1901 1857  581 2719
4   539 2901 2915  495
4  2730 1323 2651 2652
4  2783 2726 2788 2918
4  1797 2774 2812 2051
4  2413 2482  693 2866
4  2289 1543 2538 2913
4  1962 2876  322 2810
4    94    7 1049 2842
4  1117 2218  942 2666
4  2739 1228 2751 2919
4  2600 1647 2052 2780
4   528 2792 1803 1660
4  2697 2253  167 2325
4   126 2097  550 2668
4  1487  376 2686 2855
4  1226 1270 2902  202
4  1776 2306  852 2865
4  1971  139 2676 2794
4  1249 1205 2210 2666
4  2021  779  613 2771
4  1149 2676  227 1105
4  2732 2730 2853 2894
4  2725  694 2830 2902
4   970  650 2894 2917
4   736 1648  196 2786
4  2339  612 1623 2670
4  2173  986 1073 2665
4  2565  842  709 2905
4  1087 1351 1337 2666
4  1698 1939 2799 2905
4   986 2129 1073 2665
4  2748 2686 2773 2911
4   342  386 2623 2665
4  2221 2672 2266 2717
4  2901  671  627 2793
4  1584 2660 2761 2873
4  2733  760 1329 2123
4  2568 1339 1392 2703
4  1016   95 2681 2871
4   373 1390 1370 2672
4   249 1327 1328 2753
4  2852 2909  669  712
4   430  474  669 2909
4  1511  324 2867   69
4  1394 1439  533 2749
4   597 2746 2888 2661
4  2668 2654 2684 2895
4  1072 1160 2442 2666
4  1020 1064 1831 2703
4  2613  249 1284 2697
4   204  725 2112 2786
4   119 2631 1425 2668
4  2797 1575  237 2744
4  1120 2535  508 2674
4  1136   81  125 2754
4  2279 2771 2743 2725
4   803  759 1989 2793
4  2721 2770 1355 2658
4  1134  195 1735 2823
4  1468  411 1211 2810
4  2622 1836 1087 2666
4  2255  432 2690 2748
4  2179 1111  102 2855
4  1562 1606  595 2691
4   159  411  367 2810
4  1246 1556  300 2782
4  2311 2772 2845 2925
4   367  472 1130 2810
4  1949 1993 1863 2798
4   432 2300 2690 2896
4  2727 1046 2774 2859
4  2686 2748 2773 2855
4  2885 2782 2897 2914
4  2442 1827 1161 2666
4  1161 2397 2442 2666
4  1827 2210 1205 2666
4   874 2464  828 2721
4   474 1943 2862 2909
4  2259 2214 2092 2865
4  1429 2839 2829 2664
4  2664 2765 2828 2839
4  1790  778  187 2776
4  2301  803 2458 2793
4  2646 1560 1603 2899
4   175 1379  810 2903
4  2219 2809  723 2925
4  2650 1607 1695 2807
4  1574 1190 1978 2781
4  1039 1275 2655 2768
4  1977  166 1081 2796
4  2867  950 2810  472
4  2818  440 2067  528
4  1633 1649 1398 2899
4  2709 2658 2739 2884
4  2066  299 2655 2835
4   825 2593  573 2868
4   433 1923 2812 2846
4  2352 2397 1117 2666
4  1383 2631  119 2668
4   453 2389  800 2755
4  1936 1979  735 2818
4    94   40    7 2842
4  1666 1001  694 2902
4   185  318 2446 2831
4  1094 2908 2510  874
4   857 2582 2266 2672
4   550 1610 2631 2668
4   264  171  215 2722
4  2792 1583  220 2892
4  1643  456 1347 2921
4   530 1585  618 2853
4    88 1539 1760 2903
4  2821 2731 2854 2908
4   145 2300  432 2896
4  2738 2844 2887 2896
4  1539  175  219 2903
4  1413  385 2742  781
4  1471 2837 2022 2881
4   440 1759 1803 2892
4    50 2741  427  954
4   352 1671 1715 2892
4   274 2541  141 2831
4   640 2172 2806 2809
4  2421 1359 1316 2709
4  1732  335 2683 2715
4  2132  769    4 2734
4  1838 2826 2526 2382
4   828  873  874 2908
4  2639   42 2678 2919
4  1231 2655 2913 1275
4  2138 2662  629 2755
4  1172 2884 2658 2419
4  2745 2764 2767 2780
4  1303 2744 1909 2700
4  2819  628 2779 1859
4    24  836 2382 2826
4  1109 1244 2257 2733
4    49  862 1246 2897
4  2036 1772  761 2723
4  1398 1693 2731 2899
4  2226 1776 2669 2675
4  2246 2754  747 2508
4  1287 2662 2755 1178
4  1895 1939  796 2766
4  1049 2551 2679 2843
4  2783 2804 2865 2816
4  2623 2648  342 2665
4   519  326 1645 2744
4   410 2494  366 2810
4    50 2741 2852 2714
4   397  353 2736 1761
4   782 2482 2726 2866
4   126  867 2668 2771
4  1022 2694 2758 2762
4   183  139 1105 2676
4  1063 2592  208 2729
4  2250 2732 2742 2794
4  2311 2131  944 2772
4  2572   34 2634 2866
4  1610 1472 2631 2668
4  1529 2100  934 2906
4  2657 2660 2708 2863
4  1615 2763  234 1597
4  2045 1400 2717  896
4  1876 2527 2285 2803
4  2389  453 1375 2755
4  2903 2824 2504  615
4  1306  321   27 2755
4  1283 2753 2704  334
4  1806 2875  442 2756
4     2 1437 2477 2746
4  1575  519 1645 2744
4  2066 2655 2747 2835
4   780  277 1287 2755
4  2797  500 2885 2921
4  1331 2232 2710 2755
4   972 2756  971 2681
4    33 2670 2889 1044
4  1316 1360   86 2808
4  2251 1124 1380 2850
4   639 2731 1309 2366
4  2656 2761 2873 2883
4  2677 2766 2833 2905
4  2809 2827 2845 2899
4  2307 1073 1029 2665
4  1581 2796 2716 1582
4  1284 2920 2697  733
4  1534 1578  215 2722
4  2747 2022 2837 2881
4  2134  905  609 2812
4  1163 2664   21 2625
4   648 2655 2775 2913
4   433  115  477 2812
4   814  945  858 2822
4  2827 2685 2845 2908
4  2725  738 1783 2830
4  2740  743  860  705
4  1519 1563  137  287
4   733 2896 2920 2753
4  2264 2355  812 2886
4  1986 2629 2677 2855
4  2275 1952 2700 2744
4  1557 1093  960 2842
4  1925 2604 1844 2743
4  2773 2833 2856 2905
4  2748  145 2753 2635
4  1208 2829   66   22
4   948  946 2267 2801
4  1339 1196 1392 2703
4   115  728  477 2812
4   844  608  744 2753
4   708 1940 1040 2879
4   846  891  914 2788
4   753 2565  709 2905
4   441  397  735 2818
4  1351 1381 2577 2665
4   328 2786 2689 1662
4  2834  616 1793 2903
4  1263 2691 2807 2698
4  2772 2815 2657 2656
4  1381  386 2924   19
4  1264 1308 1472 2667
4   282 1563  137 1607
4  2681 2714 2756 2871
4  2812   32  731 2801
4  1137 2854  683 2817
4  2772 2809 2845 2925
4  1200 2257 1244 2733
4  2456 1447 1657 2722
4   147 1903 1726 2804
4  1963 2697  951 2567
4  2488 2897  190 1047
4   529 2067 2111 2818
4   580 1798  740 2770
4  1877 1230 2724 2835
4   930 2681 2692  929
4  1848 2832 1804  132
4  2431 2706 1194 2890
4   132  176 1848 2818
4  1394 2160  426 2877
4  1537 1404 2769 2848
4  2741 2654 2771 2895
4  1601  564 2121 2764
4  1762 2026  884 2692
4  2660 2842 2843 2910
4   630  161 1393 2699
4  2026  928  885 2692
4  2419  830 2464 2721
4  1479 2396 2671 2847
4  2782 2713 2797 2885
4  2828  943 2765 2124
4   623 1860  849 2798
4   828 2721 2770 2908
4   865 2130  636 2800
4  1785 2000 2822 2849
4   775  815  384 2801
4  2887 2300  145 2896
4  1748 2902 1219  303
4  1685 1412 2762 2825
4    37 2830 2754 1048
4  2549  878 2014 2790
4   222  178 1364 2758
4  1863 2657 2798 2863
4   720  853 2216 2863
4   661 2832 2834 2853
4  1647 2752 2481 1710
4   451 2788 2804 2904
4   453  423 1375 2755
4   277 1178 2755 2898
4  1596 1552 2710 2755
4  2375 1878 2658 2803
4   146 1917 2488 2723
4  1100 2768  596 2316
4   382 2386 2661 2877
4   171  981 2001 1490
4  1596 2138 1987 2755
4  1028 2396 1072 2671
4   161 1992  674 2723
4  2775 2379 2655   72
4  1684 1349 2662 2757
4   161 1992 2723 2757
4   929  928 2681 2692
4  2316 2605 1144 2768
4  2886 2392 2265 2791
4  2084 2015 2040 2764
4   629 2662 2757 2755
4  1393 1964 1730 2699
4  1080 2746 2888 1018
4  2731 2813 2845 2899
4  2805 1592  317 2785
4  2598 2754 1534  747
4  2659 2889 1801 1845
4  2711  676 2657 1949
4    47 1214 1365 2777
4  2762  752 1895  311
4  1639 1683  496 2911
4   890 1738  287  647
4   113 1187 1231 2768
4  2663 2762 2825 2879
4  1997  909   29 2764
4  1799 2911 1638 1682
4  1144 1188 2688 2768
4  2711  588 2782 2912
4  2618 1442 2696 2783
4  1927 1422  190 2699
4  1036 2787  498  444
4  2809 2815 2827 2899
4  2714 2771 2802 2834
4   282 2650 2321 2525
4  1375  423 1331 2755
4  2815 2809 2874 2899
4  1640  629 2662 1349
4  2788 2915 2726 2901
4  2845 2536 2266 2672
4  2171  898 2141 2806
4  2603 2837 2514 2724
4   117 1687 2885 2921
4  2835 2514 1877  513
4  2713  862 2782 2797
4   989 1234 1033 2822
4  2662 2710 1287 2755
4  2389 1465 1508 2755
4  2160 1394  533 2877
4  1983 2198  791 2724
4  1760 1539 2832 2903
4  2787  377  444 2810
4   268 2694 2749 2825
4   676  632 2711 2806
4  2193 2448 2493 2725
4  2699 2235 2763 2898
4  1917 1576 2488 2723
4  1455 2712 2606 2539
4    45 1855 2640 2768
4  2488 2897 2723 2699
4  1111 1487  102 2855
4  2656 2657 2773 2815
4  2294 2880 1280 2673
4  1619 1197 2390 2728
4  2713 1927 2699 1422
4  1274 2779 2860 2831
4  2708 2773 2657 2798
4  2231 1877 2557 2724
4  2036 1818  674 2723
4  2447 1165 1921 2838
4  1851 2762 2694 1022
4   791 2066 1983 2724
4  2654 2842 2791 2679
4  2094 1912  204 2786
4  1287 2662 1178  651
4  1329 2034  760 2915
4  1552 1959 2710 2755
4   497  800 2389 2755
4   267 1022 2694 2758
4  1861  585  336 2755
4  1599 2787 2867 1555
4   804  659  848 2793
4   935 2733 2793  979
4  2122  627  671 2793
4  2650 2754 2807 1432
4  1733 1480 2695 2715
4   303 1622  694 2902
4   426  382  666 2877
4   764 2858 2705 2779
4  1380 2661  424 2296
4  1465 2389 1375 2755
4  1987  585  541 2755
4   746 2781 2882 2836
4   808  897 2705 2858
4  1287   15 2662  651
4   147  451 2090 2788
4   310 1698 2799 2883
4  2730 2714 2794 2871
4   780 1331  423 2755
4  2831 2654 2819 2779
4  2120 2359 1986 2855
4  2603 2837 1317    8
4  1297 2581 1253 2845
4  2237 2815 2826 2855
4  1123 1664 2747 2758
4   724 2356   57 2693
4  1878  690 2330 2803
4  1705 1323 2651 2916
4   796  621  752 2879
4  1983  774 2198 2724
4  2225 2823 1954 2689
4   516  278 2810 2876
4  2704 2706 2861 2890
4  2634 1201 2572 2866
4   430  802 1944 2909
4  2743  378 1449 2902
4   171 2722 1448  127
4   981  264  171  215
4  1818 2080 2653 2723
4   549  593 1388 2849
4  1889 1845   17 2889
4    17 2889 2418  349
4  2058  300 2782 2874
4   717 2036 1992 2723
4   883 2377 2071 2732
4  2219 2087 2813 2925
4  2621  649 2323 2671
4  1001 2670 1623 2902
4  2259  852  730 2865
4  2819 2684 2900 2858
4  1292 2621 2323 2671
4  2306 2675 2858 2865
4   671 2901  627 1814
4  2734 1527  461 1825
4   926 2157 2682 2917
4   748 2659 1845 1889
4   487 2853 1267 2048
4  2555 1404 1537 2848
4  2815 2656 2826 2855
4  2671 2576 1248  638
4  2555   84 1138 2848
4  2835 2790  835 2775
4  1083 2835 2775 2790
4    91 2811 2777  685
4  2800 1445 2672 2893
4   924 2575 1248 2671
4  2377 2203 2071 2732
4   487 1894 2158 2732
4  1204 2487 1160 2671
4  2742 2340 1874 2880
4  2819 2779 2858 2900
4  1028 1072 2666 2671
4  2528 1332  297 2866
4  1072 2396 2441 2671
4  2681 1460  140 2904
4  1297 2685 1210 2845
4   355 2745 1602 1489
4   241 2889 2418 1668
4  2514 1877 2603 2724
4  2813 2809 2845 2899
4   717 1772 2036 2723
4  2672 2731 2813 2845
4  1247  649 2621 2671
4  2924 1028 1479  984
4  2512 2790 2784 2750
4   206 1905 1305 2763
4  2576 2671 2666  638
4  1050 2884 2658 1701
4  2684 1397 1442 2865
4  1204 1160 2486 2671
4  2154  648 2775 2913
4  1907  764 2705 2779
4  2723 2662 2898 2757
4  2737 1123 2747 2758
4  1633 2731 2827 2899
4  1762  398   13 2692
4  1992 2036  674 2723
4  2166 2211 2075 2793
4  1397 2684 2702 2865
4   116 2286 2750 2803
4  1497  124  442 2692
4  1445 2800 2672 2780
4  1545 1676  787 2735
4  2323  649 2924 2671
4  1940 2409 1040 2879
4  1478  800 2755 2876
4   365   27  321 2755
4   611 2457 1484 2740
4  2154  966 2199 2913
4  1845 2659 1888 1801
4  2195  409  860 2687
4   785  734 1922 2680
4  1626 2659 2792 2796
4   909  766   29 2764
4  2561 2367 1703 2777
4   220 1627  308 2892
4  1450 2842 2848 2910
4  2784 2378  422 2775
4  2643 1661 2794 2916
4  1099 2559 2768 2913
4  1916 1987  541 2755
4   439  395 1846 2892
4  1846  700  439 2892
4  2559   31 2768 2913
4  2237 2179 2815 2855
4  2545 2663 2861 1956
4   483 2659 1934 2892
4   380  143 1464 2776
4  2483 2820 2509 2438
4  2896 1551 2738 2844
4  1186 1083 2513 2790
4   847 2346 2458 2726
4   919  817  875 2740
4  2035  256 2609 2762
4  1627 1583  307 2892
4  1794 2427  180 2923
4  2295 1105 2676 2789
4  2715 1777  991 1242
4  2667 2702 2648 1308
4  1501 1705 1661 2916
4  1453 1221 1318 2837
4  2485 2741 2617 2895
4  2069 2736  191 1116
4  1794 2526 2427 2923
4  1793 1837 2064 2824
4  2767  238 2874 2899
4   386   62 2702 2924
4  1666 1001 2743 1667
4  2805 2794 2852 2904
4  2694 2749 2825 2879
4  1265 1309 2821 2827
4  2132  160 1259 2734
4  1085  338 1150 2746
4  1741  831  684 2740
4    74  722 2096 2744
4  1268 1312 2598 2754
4  2609  256  180 2762
4  2584 2092 1867 2816
4  1398 1693 2366 2731
4  2320 2140 2614 2920
4  1501  957  562 2916
4  2488 1576 1553 2898
4  2703 1831 2299 1035
4  1081 2504  571 2792
4  1536 2670 2864 2889
4  1778 2461  683 2854
4  1481  666 2661 2877
4  1688 2546  148 2683
4   948  990  946 2801
4  2589  813    3 2893
4  2432 2746  462 2477
4   499  455  377 2810
4    44 1495  131 2802
4   875  817  705 2740
4  1034 2178  990 2801
4  2228 2735 2749 2840
4   912 1655 2689 2891
4   182 1530   93 2923
4    93 1530 1794 2923
4  1137  293 2770 2817
4    44 1145 2802 2903
4  1574  836 1190 2826
4  2730  606 1014 2795
4  1462 1548 2805 2904
4   659 2166 2075 2793
4   133 1320  558 2737
4  1125 2833 2907 2706
4  1362 1540 1598 2883
4   671 2901 1858 2793
4  1363 2469  513 2835
4  2110  296 2655 2913
4  2337 1558 2550 2767
4  2679 2507 2843   23
4   574 2867  907 1378
4  2669 1994 2696 2865
4  2245 2239 2284 2727
4   186 1742   97 2856
4  1430 1475  111 2886
4  1242  466  991 2715
4    42   86 2540 2678
4  2682 2673 2795 2922
4  2696  253 2718 2647
4  2135 2134  594 2801
4   187  996 1438 2738
4   981 2001 1490 2722
4  1479 2396 1028 2671
4  1993 2863 2860 2037
4    61 2594 2669 2924
4  1355 1089  598 2658
4  2706 2431 1194 1238
4   172 2073  378 2769
4   565  477 2812 2846
4   532 1832 2811 1719
4  1275 1568 1039 2655
4  1405   40 2511 2910
4  2724 2514 2747 2837
4  2278  605 2765 2828
4   671 2901 1814 1858
4   189 1423   48 2844
4  2226 2262 2306 2675
4  1355 1973 1089 2658
4   974  642 1513 2888
4    70 1269  378 2902
4   351 2659  395 2892
4   141 2446  318 2831
4  1486 2684 2783 2906
4  1627 1671  308 2892
4  2683 1791 2700 2715
4  1241 2254 2299 2869
4  1055 1258 1099 2913
4  2382  836 1574 2826
4  2601 1404  172 2769
4  2733  848  804 2212
4  2499 2331 1128 2919
4   439 2170  483  700
4   472 2787 1130 2810
4  2654 2705 2779 2831
4  2170 2892  703 1715
4  1215 2453 1078 2759
4  1748 2902  303 2670
4  2256 1367  759 2793
4  1836 1292 2323 2671
4   225 1266 2749 2840
4   870  153  298 2828
4  2890 1085 2704 2566
4  1816 2770 1166 2817
4  2787  455  992  499
4  1236 2385 1192 2880
4   919  962 2240 2740
4  2746 2704 2861 2890
4  1714 2291 1473  306
4  1889 2889  349  437
4   438 2659 1846  394
4  2761 1628 1584 1454
4  1802 2659 2302  394
4  1179   81 1476 2807
4  2746 2432  462 2888
4   345 2282  343 2680
4   760  804 2733 2793
4  1516 2820 2484 2872
4  1859 1904  628 2779
4   748 2659  438 1888
4   303 1623 2670 2902
4   120 2867 2546  104
4  2865 2696 2783 2816
4  1017  139 1972 2794
4   539 1918  583 2915
4   407 1417  406 2819
4  2726  956 2458 2793
4   707  715 1858 2793
4   362 1417  407 2819
4   140  185 2681 2819
4  2714 2730 2834 2853
4  1023 1213  782 2726
4   439 2892 1715 1424
4   832 1202  168 2709
4  1216  785 2313 2680
4  2274 1955 2800 2893
4  2916 1458 2742 2789
4   769 2893 1217    4
4  1106    2 1062 2746
4   528  440 1803 2892
4  2635  845  452 2748
4   838  882 1533 1116
4  1206 2353 2398 2720
4  2717  417 1445  784
4  2589 1260 2176 2893
4  1999 2582  857 2800
4   275  142 2773 2911
4  2809  680  723 2925
4  1233 2517 1522 2694
4   858  156 1796 2822
4  2769 2771 2802 2848
4  1443 1969 2620 2686
4  2454 2639 2751 2919
4    94 1093 1557 2842
4   961 2016 2685 2843
4  1341 2627  944 2693
4  2330  644 1006 2803
4   767  811  724 2693
4   398  399 1454 2761
4  2669 2696 2847 2718
4  2913 1099 2199 1258
4    24 2237  502 2826
4  2662 2723 2898 2844
4  1578 2637 2143 2722
4  2709  598 1311 2658
4  1885  786 2410 2774
4  1423  872   48 2844
4  1297 2685 2627 1210
4   469 1320  133 2737
4   417 2734 2717 2893
4  1176 1561  507 2760
4  2065  300 2030 2874
4  1323 2730 2651 2916
4  1707 1277 2561 2712
4  1248 2621 1292 2671
4  2201 2165 2741 2771
4  1578 2143 1219 2722
4   946 2135  594 2801
4  2156 1935  559 2834
4  1806 2875 2756 2692
4   502 2815 2826 2237
4  2083 1775 2782 2885
4  2221 2672  857 2266
4  1194 2706 1238 1125
4   652 1061  446 2753
4  2822 1796 2267  156
4   804 2078 2122 2793
4  1182 1313  202 2902
4  1859 1904 2779 2819
4   908 2920 1506 2776
4  2802 2875 2654 2756
4  2909 2852  669 2788
4  1402 2754 1357 2328
4    48 1576 1917 2844
4   704 2550 1710 2767
4  1529  891 2100 2783
4   253 1441 2619 2820
4    22 2664 2829 2839
4  2301 2458  956 2793
4  1791  281 2700 2715
4   241 2889 2864 1712
4   159 1554  411 2810
4  1892  397  353 2818
4   956 2726 2458 2346
4  2693   23  988 1341
4   170 2260 2872 2878
4  1260 2221 2717 2893
4  1213 2783  782 2726
4  1423 2690 2596 1653
4  1006 1171 2329 2859
4  2731 2752 2813 2899
4  1567 2712 2054 2688
4   741 2268 1922 2680
4   575 2894  818 2682
4  1323 1501  562 2916
4  1123 2425  837 2737
4  2458 2901  803 1485
4  1886  212  520 2821
4  2379 2775 2334   72
4   720 2216 1225 2863
4   583 2078 2034 2915
4   734  741 1922 2680
4  2857 2654 2668 2771
4   724 2175  767 2693
4   715  671 1858 2793
4  1685  256 2035 2762
4   613  126 2649 2895
4  2682 2428  795 2383
4   366 1554 1962 2810
4  2728 2010 1241 2869
4  1361 2781 2808 2883
4   795 1805  839 2682
4  1945 2793 1989  707
4  2350 2718 1396 1880
4  2385 1042 2430 2880
4  2194 1828  875 2740
4  1209 1260 2221 2717
4  1996 2096 2275 2744
4   692 2050 2775 2784
4   690 1227 2330 2803
4  2363 1952  722 2744
4   206 2757 1305 1948
4  2924  649 2718 2671
4   105  892 2075 2793
4  1770 2901  583 1918
4  2301  956  979 2793
4   384 2177  775 2801
4  2452  505  549 2849
4   848 2733  804 2793
4   462    2 2477 2746
4  1323  606 2730 2916
4  2474 2916 2795  562
4   230 1102 2708 2856
4  1703 1411  999 2811
4   827  268 1310 2749
4  2719  537 1857  581
4  2495  488 1618 2735
4  1427 2759 2357 2453
4   334 2612 1327 2753
4  1875 2727 2846  478
4  1725 2785 1637  405
4  2378 2784  823 1212
4   218 1493 1537 2848
4  2445 2674 2765 2839
4  1564  577 2663 2879
4  2671 2530 1204  924
4   682  200 1781 2717
4  1122 2543 2680 2817
4  1240 2320 2614 2697
4   754 2431 1525 2890
4  2750  833 2287  877
4  2654 2791 2848 2857
4  2741   50 2852  954
4   796  665  621 2766
4   483 2659  700 1890
4  2096 1952 2275 2744
4  2892  439 1715 2170
4  1336 1836 2323 2924
4  2718 2820 2847 2872
4  2420 1701 2419 2884
4  2151    6 1289 2687
4  1589 1224 1180 2754
4    57 2175 2693 2772
4  1565  773 2422 2784
4  2744 1335 2715 2695
4   303 1001 1623 2902
4  1821 2270 2695 2715
4  2721 1355 1798  598
4  2730 2894 2795 1014
4  2874  413  388 2653
4   387  727  431 2759
4  1292 1836 2666 2671
4    59 1397 2669 2865
4  2675 2669 2702 2865
4  2536 2266 2672 2717
4   619 2248  575 2682
4  2504 2824 2792 1081
4  2585 2803 2687 2740
4  2643 1617  579 2794
4  2731 2845 2854 2908
4   444 2787  498 1642
4  1266  181 2749 2877
4   645 2680 2770 2774
4  2377 1267 2158 2732
4   499 2787  444  543
4  2671 1880 2878  649
4  2441 1160 1072 2671
4  2657 2171  676 2806
4  2402  910 2759 2838
4  1781  200  784 2717
4  2019 1354 2739 2750
4  1558 2337  686 2767
4  1804 1848 2361 2818
4   699  684  831 2740
4  2720  913 2765 2828
4   870  298 2674 2828
4  1559  480  241 2864
4   501 2700  333  545
4   229 1504 1462 2904
4  2507 2685 2693 2843
4  1571 1646 2187 2695
4  1084 1569  223 2694
4  2767 2058 2782 2874
4  1891 2655 1275 2913
4  1848  176 1892 2818
4   267 1569 1084 2694
4   664 1807 2184 2694
4    76 1787 1733 2715
4  1014 1013 2730 2894
4  2306 1776 2675 2865
4  2314 2840 1941 1984
4  1130 2787  323 1467
4  1111 2179 2359 2855
4  2042 2707   30 1570
4  2877 2661 2890 2386
4  1174  843  560 2888
4  1702 1271 2739 2803
4  1204 2666 2671  638
4   708 2184 1851 2879
4   206 2699 1948  630
4  2413  693 2437 2733
4    96 2708 1169 2611
4  2421 1272 2376 2919
4   712  474 2862 2909
4   840 1698 2761 2905
4  2368 2528  297 2866
4  2782 2713 2885 2897
4  2036 2080 1818 2723
4  2328 2902 1357 2283
4   714 1075  670 2719
4  2575  924 2530 2671
4  1072 1160 2666 2671
4   577 1564  621 2879
4   924 1248 1204 2671
4  2786 2498  504 2094
4  2749 2663 2825 2879
4   551 1469 1858 2719
4  2136 2276 2194 2727
4   496 1683 1830 2911
4    13 2026 1762 2692
4   652 2861 2059 1651
4   496 1830 2686 2911
4  2686  102 1487 2855
4  1661 1617 2643 2794
4   769 2893    4 2734
4  1333 1288 2483 2733
4  2742 2732 2795 2916
4  2172 2128  765 2912
4  1517 2667 2760 2674
4  1316 1359 1257 2808
4  2378 2628 1054 2775
4  1891 2655 1568 1275
4  2186 1328 1372 2907
4  2199 1258 2154 2913
4  2193 2238   70 2725
4  2608  773 2467 2784
4  2625 2765 2664 1119
4   377 2494 1036 2810
4  2118 2704  208 1019
4  1303 2744 2700 1952
4  2715  457 1242   16
4  1416 1742   53 2907
4   918 2358  961 2685
4    35 1825 1883 2734
4  1689  519 1575 2744
4  2445 1164 2674 2839
4   412  463 1347 2867
4   205   14  733 2920
4  2437  693 1332 2733
4  1883 1781   35 2734
4   472  323 2787 2867
4  1954  503  547 2823
4  2608 2467 2512 2784
4  1383  126  550 2668
4  1829 1390 2672 2752
4  2346 1023  956 2726
4  1219 2902 1622  303
4  1228 2499 2454 2919
4  2795 2730 2916 2732
4  1180 2508 2463 2754
4  2201 2714 2771 2741
4  1530 2677  182  667
4  2570 1461  872 2844
4   147 1946 2804 2918
4   710  382  426 2877
4  2774  390 1839 1046
4  2698   22 2839 2691
4  1007 1302  963 2687
4  2376 2499 1128 2919
4   627 2122 2078 2793
4  1070 2395 1396 2718
4  1091 2090  495 2788
4  2594   18 1291 2924
4  2103   93  180 2923
4    76 2700 2715 1689
4  1628 1407  959 2910
4   849 2860 2496 2168
4  2734 2707 1648 2786
4  2713 2797 2885 2921
4  2888 2704 2729  208
4  1082 2207 2252 2888
4  2504  616  122 2832
4   874 2358  918 2908
4   972 2756 2027  971
4  2896 2920 2753 2887
4  2775  966  244  923
4    77 1579 1748 2670
4  1560 1693 1398 2899
4  2535 1120 1164 2674
4  1560 2646 2752 2899
4  2079 2866 2726 2733
4  2055  926 2736 2917
4   474  518  712 2862
4  2674  870 2828 2839
4   690 2375 1271 2803
4  2834  661  616 2832
4  2901 1549 2788  494
4  2727  566 2149 2136
4   914  430 2788 2901
4  1315 2084  721 2764
4  2500  646 2751 2790
4   730 2214 2259 2865
4   222  311 2758 2841
4  2033 1485 1131 2901
4   474 1944  625 2909
4  1778 2821 2854  212
4  1749 1935 2156 2834
4  2655 2379 1891 1568
4  1657 1490 2001 2722
4  2802 2163 2875 2756
4  2827 2808 2685 2821
4   976 2697 2209 1663
4    61 2669 2702 2924
4  2025  795  751 2682
4  2584 2865 2816 2696
4  1903 2900 1947 1904
4   931 1126  247 2888
4   623  849  371 2798
4  2208 2325  933 2697
4  2894  575  818 1894
4   649 1247 1880 2878
4  1019 2253 2704 2729
4  1017 2250 2295 2794
4  2444  136 2489 2720
4    76 1966 1689 2715
4   479 1223 1522 2814
4  2668  126 2771 2895
4  2729 2252 2093 2404
4    73 2764 2039  721
4   108 2711 2653 1862
4  2910 1452  174 1076
4   557 2639 1317 2751
4    76 2700  281 2715
4  2771 2064  603  691
4    25  333 1820 2683
4  2732 2730 2794 2871
4   342 2648  298 2828
4   467 1064 1020 2703
4  1501 1323 1705 2916
4  1925 2824 2604 2743
4  2239 2318 2284 2727
4   870  298  197 2674
4  1679 2308 1723 2701
4  1227 1702 2286 2803
4   829  828 1929 2770
4  2730 2732 2794 2916
4  1725 2785  405  449
4   797 2905  753 2761
4  2099  572 2155 2868
4  2318  742 2329 2859
4  2699  206 2455  630
4   725  681 2786 2849
4  1262 2734 2849  461
4  1554  366 1887 2810
4   889 2719  523 1769
4  2894  661 2459 1013
4  1833 2406 2705 2863
4  2661 1380 2251 2296
4    13  442 1806 2692
4  2205 2476 2766 2833
4   686 1601 2764 2767
4   787 1676  400 2735
4  2658 1399 2595 1974
4  1595  496 2690 2911
4  2353 1205 2398 2720
4  1915 2671 2530 2486
4  2536 1816 2817 2854
4   532 1832  576 2811
4   255 2460 2425 2737
4  2100 1529 2783 2906
4   767  898 2217 2863
4    33 2716 2670  481
4  1945 2901 2719 1989
4  1530 1750 1986 2677
4  2165 1961 2741 2895
4  1864 2867  412  776
4   690 1271 1702 2803
4  1904 2779 2819 2900
4   888  351  395 2892
4   866 2268 1078 2759
4  1426 1542 2408   46
4   197 2648 2667 2674
4  2445 1164 1120 2674
4   885  930  841 2692
4  1591  404  316 2701
4  2439  937 1025 2820
4   935  892  105 2793
4  1423 1653 2570 2844
4  1633 2366 1309 2731
4   272 1547  316 2701
4   431 2817  727 2089
4  2119 2677  667 2748
4   804 2122  659 2793
4  2901 1902 1945 2719
4  2686 2657 2815 2773
4  2796  826  481  210
4  1175  969 2202 2917
4  1650  199 1606 2698
4  2224  471 2714 2834
4   791 2198 2505 2724
4  1643  587  997 2921
4  2080  761 2653 2723
4    97 1884  186 2856
4  1502  957   78 2789
4  2863 2779 2860 1907
4  2068  617 2459 2868
4  2349  850  894 2820
4  2857 1430  111 2886
4  2270 1335  634 2695
4    79 2700 2797 2867
4  1373 2728 2360 1740
4  2792 2099  528 2818
4  1937 2736  529  573
4  2069 2682  795 2025
4   407 1726 1859 2819
4   838 2736 1893 1533
4  1429 2839  165 2233
4  2111  573 2818 2868
4  1669   85  129 2716
4   192  280 1167  236
4    16 1821 1242 2715
4   993 1237 2642 2843
4  1222 2616 2738 2662
4   946  990 2135 2801
4  1791 1644 2546 2683
4  2354 2399 1031 2765
4   227 2676  183 1105
4  2165 2649 1961 2895
4  2792 2818 2832 2868
4   677 1996 2275 2764
4   158  464  420 1523
4  1595 2690 2844 2896
4  1120  900  515 2674
4  2736 1533  193 1893
4   509 1152 1300 2703
4  2501 1981  794 2736
4     8   43 1318 2837
4  1459  491  447 2701
4  2867  574 2586 1511
4   790  236  756 2683
4   844  744 1512 2887
4  2428 2682  795 1590
4   508  155 2667 2674
4   792 2881 2814 1697
4  1932 1202  832 2709
4   887 2857 2848 2791
4  1373  569 2360 2869
4  1885  734  785 2774
4  1137 2854 1753  683
4   191 1116  838 2069
4  1805 2113 2069 1116
4  1908 2867 1864  776
4   548 2707 1912 2786
4   759  707 1989 2793
4   312 1500  827 2749
4  2840 2314 1897 2850
4  2844 2616 1674 2662
4   232 1330 2315 2710
4  2023 2818 1678 2335
4   504 2292 2498 2689
4  2528 2368 1157 2820
4   406 1462  451 2904
4   140 1504  229 2904
4  2654 2684 2741 2819
4  2834 2824 2771 2802
4  1113 1069 2509 2820
4   148 2867  907 2683
4   665 2905  709 2766
4  1913 1785 2822 2849
4  1682   98  142 2911
4  1629 2853 1850  618
4  1864 2700  333 2683
4  2569 2712 2688 2606
4  1320  134 2365 2778
4   465 1374 2315 2710
4   154  198 1694 2829
4  2510 1359 2721 2808
4  1913 1388 1785 2849
4  1533 2736  193 1937
4  1568 1891 1275 2379
4  1581 1538 2743 2824
4  1467  516 1130 2810
4  1078 2402  910 2759
4  1793  615 1837 2824
4  1904  762 2213 2779
4  1457  181 1255 2749
4  2709 2465 2721 2884
4  2095 1304  679 2745
4   185 2681 2819 2831
4  1363 2053 2655 2737
4  2053   89 2655 2737
4  1629 2853 1766 2832
4  1507 2139 2662 2738
4   959 2875 1452  124
4   881 2737 1751 2460
4  1537 2601 1538 2769
4   516 1510 1130 2810
4  2689 1692  240  736
4  2595  567 1795 2658
4   940 1301 2669 2924
4   125 1566 1589 2807
4  2053  558   89 2737
4  2169  762 2258 2900
4  1933  517 2659 2716
4  1723  491 1767 2701
4  2677 2119 1750 2748
4  1688  192  236 2683
4   883 1267 2732 2871
4  2162  843 1126 2888
4   225 1488 1500 2749
4  2700 1864  333 2247
4  1864 2867  368  412
4  2772 2827 2656 2685
4  2633  517  570 2796
4  2055 2894 2868 2068
4  1312 2188 2637 2754
4   168 1202 2236 2836
4   743  831  705 2740
4  1626  810 1582 2796
4   773 2750 1565 2467
4  2434 1035   26 2703
4  2696 2200 2349 2304
4   792 2881  214 2814
4   458  546   41 2695
4  2786  460 1824  504
4  1446  994  144 2710
4   324 2867  368 2683
4  1492 2670 2716 2743
4   148  192 1688 2683
4  2789  781  385 1458
4   271  227 1149 2701
4  1485 2033  847 2901
4   907 1167  192 2683
4  2716 1580  173 2889
4   273 1505 1548 2805
4  1820  790  756 2683
4   666  382 2661 2877
4  1763 2694 1834  470
4  2702 2440 2056 2669
4  2217  811 2693 2863
4  2881 1664 2814 2758
4   279 2190  123 2713
4  2468 1083 2775 2790
4  2664 1296 1340 1509
4   957 2794   78 2789
4  2279 1666 2725 2743
4   732 2453 2357 2759
4  2772  680 2809 2925
4  1196 2697 1392 2703
4  2724 2014 2505 2790
4  2775  692 2784 2790
4  1049 2843 2842    7
4  2820  510 1516 2439
4    12 1416 1282 2833
4  1962 2876  278  322
4  2476 2205  842 2833
4   607 1178  277 2898
4  2736 2055 2894 2868
4  2586  280 1167 2683
4  2282  345  293 2680
4  2852 2862 2909  712
4  2714   50 2794 2852
4  1766 1760  490 2832
4   197 2667 1517 2674
4  2656 2677 2773 2905
4   753  840 2761 2905
4   383  954 2741 2852
4  2342 2404 2252 2888
4  2420    0 2465 2884
4   934 2100  713 2906
4   886   52 2565 2905
4  1276  558 2365 2737
4  2890 2746 2661 2861
4  1056 1053 2332 2784
4  2205 2310  665 2766
4  2519  445  468 2840
4   696 2380 2552 2747
4  2905 2766  842  709
4   192  148  907 2683
4  2177  814  858 2822
4    89 1276 2007 2737
4   765  632 2806 2912
4   431 2089 2057 2759
4  1323  562  606 2916
4  2140 1550  778 2920
4  1864   25  368 2683
4  2365  558 1320 2737
4  2586  324  280 2683
4   122 2459  617 2868
4  2683 1732  236 1688
4  2689  284  819  240
4  2809 2806 2874 2912
4   372 1520 2451 2689
4  1698 2799 2883 2905
4  2730  606 2795 2916
4  2738 2844 2616 1461
4  2778 1276 2365 2737
4  1157  253 2619 2820
4    89  558 1276 2737
4  1363  133 2053 2737
4   726 2133 2057 2759
4  1031 2534  987 2765
4  2159 2249 1236 2742
4     1  505 1262 2849
4  1122 2447 2817 2759
4   711 1771 2831 2860
4  1339 1152 1196 2703
4  2823 2225  459 2891
4  2749   28 2228 1852
4  2781 2678   86 2836
4  1921 1165 1260 2838
4    78 2862 2794  579
4  2125 2213  762 2779
4   489 1439 1394 2749
4  2211  105 2075 2793
4    70  378 2725 2902
4  2743 1001 2670 2339
4  1177  746 1190 2882
4   399 1982 2411 2761
4   469  133 1613 2737
4   255  967 2655 2737
4  2200 2696 2349 2820
4   573 2736 2818 2868
4  1767  624  536 2701
4  1132   11 2652 2730
4   756  236  280 2683
4   265 2883 1409 2841
4   333   25 1864 2683
4  1693  330 2366 2731
4  2685 2772 2827 2845
4  1691 2745 2707   58
4   897 2041 2705 2858
4  1584 1407 1628 2910
4  1480 1733 1787 2715
4  2133  771  431 2759
4  1787  325  369 2715
4  1288 2437 1332 2733
4   513 2747 1363 2835
4  1309 2731 2821 2827
4   902  608 1061 2753
4  1879 2737 2768 2688
4  2614 1506 2183 2920
4  2013 2713  862 2897
4   187 1550  996 2920
4  1405 1407 1406 2910
4  1808 2749   28 2228
4  2140 1506 2614 2920
4   501 2683  333 2715
4   666  382 2341 2661
4  2733 2347  935  217
4  2730 2732 2853 2871
4  1294 1250  658 2720
4   883 2871 1016 1654
4  1562 2583 1518 2691
4  1497 1628  959 2910
4  1639 1682  275 2911
4  2726 2413 2866 2482
4   115  433 2046 2812
4   974 1513  597 2888
4  1123 2778  837 2336
4  1322 2825  906 2694
4  2003 2811 2735 2495
4  1162 1206 1021 2720
4  1315 2084 2782 2912
4  2692 1628  398 1497
4   799 2661 1174 2888
4  1628 2660  398 2761
4  2196  116 1183 2241
4  2765 1118 1074 2354
4  1102 2708 1326   52
4   190 1422 1047 2897
4  2386  338 2661 2890
4   211 2877 1765 2661
4  1121  732  160 2838
4  1589 2321 2754 2807
4  2799 2656 2677 2826
4   311 1022 2758 2762
4   160 2088 2734 2822
4  2201 1634  471 2741
4   276 1552 1959 2710
4  1942  799 2370 2661
4  2555 1138 1404 2848
4   168  788 2709 2836
4  2730 1323 2652 1014
4  2053 1129 1363 2655
4  2489  136  103 2720
4  2693 2175 2141 2772
4  1335 2270 1865 2715
4   341 1572 2701 2789
4   221 1221 1453 2837
4   386   19 2369 2924
4  2193   70 2148 2725
4    75 2348 1156 2733
4  2807 2830 1432 2754
4  1595 1772 1551 2844
4  2286 1702 2739 2803
4  2330 1876  644 2803
4  1594 1638 1799 2896
4  1501 2643  957 2916
4  1242 1821  466 2715
4    42 2639 1272 2919
4  1878 2375  690 2803
4  2654 2714 2741 2771
4  1361 2808 2873 2883
4   862 2713 2782 2897
4   205  996 1550 2920
4   726  428 2734 1825
4   660 1113 2573 2820
4    73  677 2764  689
4  2789 2862   78  535
4  1080 2746  462 2888
4   417 2717 1445 2893
4  2432 1080  462 2888
4  1924  802 1131 2901
4   293 2680 2770 2817
4  2676 1971 2794 2805
4   466 1821 2695 2715
4  2739 1399  920 2803
4   792 2881 1697  214
4  2826 2781 2808 2882
4  2848  128 2857 2599
4  1322 1752 2517 2694
4  2832 2361 2736 2818
4  1076  959 1407 2910
4   760 2733 1329 2915
4  1080  597 1018 2888
4   187  778 1550 2920
4  1405 2660 2873 2843
4  2342 2252 2207 2888
4  2387 2404 2342 2888
4   495  494 1918 2901
4  1227 1876 2330 2803
4   499  543 1555 2787
4  2889  241 2418 1712
4  2786 2180  460 2689
4  2617  383  757 2741
4  2725 2760 2771 2857
4   231 1799 1595 2896
4  1777 1787  369 2715
4  1398 2366 1633 2731
4   618  487 2048 2853
4   334 1327  249 2753
4  2691 1263 2807 2830
4   570  166 1977 2796
4   450  317 1549 2788
4  2474 2916 1458 2742
4  2225 2823 2689 2891
4  2274  592  865 2800
4  1989 1945  758 2719
4  1182  202 1226 2902
4  2753 2861 2704 2706
4  1332  693 2866 2733
4  2804 2783 2865 2684
4  2654 2668 2684 2858
4   329  448 1971 2805
4  2804 1991 2816 2918
4  1981 2025  751 2682
4   409 1289 1051 2687
4    67 2679 2392 2791
4   918 2358 2685 2908
4   752  621 1940 2879
4  2291 1713 1757 2716
4  1742 1416 2833 2907
4  1769  449  493 2719
4  2924  983 1479 2847
4  2703 2728 2010 2209
4  2229 1271 2375 2884
4  2361 2832 2736 1673
4   900  515 2674 2851
4  1517 2548  870 2674
4  1517  870  197 2674
4   650 1013 1014 2894
4  1226 1270  304 2670
4  2427 2526 1838 2799
4   525 1374 1419 2710
4    98   53 1742 2907
4  1896 1439 1658 2749
4  1141 2423 1212 2784
4  2169 2258 2214 2900
4  1515 2686 1155 2690
4   827 1500 1488 2749
4  2382 1574 1838 2826
4  2140   14 1550 2920
4  1502   78  535 2789
4  1149 2676 1105 2789
4  1087 2924 2666 1836
4  2457  611 2017 2740
4  1246  862 1556 2782
4   959 2875  124 2910
4  2783 2804 2816 2918
4  1865 2700 2715  589
4  2195  860  705 2740
4  1619 1153  695 2920
4   580 2658 1355 2770
4  1213  891 1067 2783
4  2194 1741 2136 2727
4  1256 2270 1821 2715
4  2043  636 2130 2800
4  1076 1407 1451 2910
4   335  369  325 2715
4  2297 2683 1732  790
4   545 2700 2247  589
4  1697  344  214 2881
4  2717 2536 2817 2854
4  2905 1326 2833 2856
4  2642 2554  993 2843
4  2716 2670 1536 2889
4  2881 2814 2799 2841
4   750 1938  706 2736
4  2372 2543 1166 2817
4  2223 2759 1034 1215
4  2105  670 1469 2719
4  2084  854 2767 2912
4  2240  644 2285 2740
4    50 1617 1661 2794
4   448 2794 2805 2904
4   510 2820 1516 2872
4   174 1076 1451 2910
4   667  476 2748 2766
4  2639 2678 2751 2919
4   719 2782  588 1775
4  1743 2740 2687 1043
4  2700  456  776 1951
4  2421 2376 1620 2919
4  2273 2286 1184 2750
4   665 2310  621 2766
4  2691 2725 2760 2830
4  2163 2802  309 2756
4  2882 2709 2808 2821
4  1091 2788  147 2090
4  2219 2809 2925 2813
4  2246 1268 2598 2754
4   338  382 2386 2661
4   360 2425  696 2747
4  2707 2734 1648 1090
4  1964 1731 2885 2914
4  2195  705  817 2740
4  1872 2225 1954 2689
4  2702 2648 1308 2623
4  1682  142  275 2911
4  1848 2832 2818 1804
4   627 2901 2793  583
4  1762 2761  884 1982
4  1269 2283 1313 2902
4  2822  948 2759 2312
4  2892 2170  703 1759
4   255  915 1011 2655
4  1319 2424 1129 2655
4   825 2099 2155 2868
4  2417 2908  828 2770
4   767 2806 2141  898
4  2873 1584 1407   87
4   317 2909 2788 2805
4   417 1090 2734 2893
4   462 2746 1018 1062
4   205 1550   14 2920
4  1172 2884 1701 2658
4  2225 2823  459  503
4   376 1155 1487 2686
4   510 2847  851 2872
4   854 2174 2015 2767
4  2186   54 1328 2896
4  1485 1989 1131 2901
4  1182 1269 1313 2902
4  2846  653  861 2244
4  1271 1128 2739 2884
4  2808 2827 2826 2882
4   386 2623 2665 2702
4  2299 2703 2869 2254
4  2786  637 1706 2849
4  1524 2778   90 2688
4  2832 2361 1804  490
4  1120  508 2400 2674
4   884  885  841 2692
4  2428 1590   20 2473
4   155  508 2535 2674
4  2006  358  402 2850
4  1358 2673   20 1191
4  2279 1711 1925 2743
4   139 2794 2295 2676
4  1753  740 1798 2770
4  2911 2773 1830 2686
4  2837 1471 2022 2153
4   841  930 2611 2692
4  2138 2662 1640  629
4  2840 2314  641 1984
4  2245 2859 2284 1171
4   772 1727 2773 2856
4  1743 2740 1043 2062
4   250 1507  408 2662
4   246 2815 2899 1514
4  1020  164 1835 2703
4   764  853 1907 2705
4  2815  246 2899 2874
4  2590 2544 1121 2838
4  1436 1571 1690 2891
4  2311 2131 2772 2925
4   295 2880 1605 2475
4   846  914  430 2788
4   674 1818 1345 2914
4   291 1873  244 2775
4  1270 1226 2902 2670
4  1425  119 2668 2702
4  1243  651 1178 2662
4  1796 2822 2267 2801
4   409 2195 1095 2687
4   644 2285 2740 2803
4   195  912 2823 2891
4  2813  679 2780 2800
4  1958 1679 2308 1723
4  2139  952  408 2662
4  2806 2711 2815 2874
4    42   86 2678 2836
4  1348 1995  500 2797
4  2524 1339 2568 2703
4   516 1962 1510 2810
4  1325 1605 1057 1414
4  2400  508 2667 2674
4  2894  661 2832 2459
4  2708 1326 2905 2856
4  2240 2585  817 2740
4   305   17 1845 2889
4   653 1245  697 2812
4   492 2785 1812 1768
4  2408 1586 2712 2778
4  2808 2685 2821 2908
4  2837 2781 2841 2881
4  1368 2384 2429 1199
4    72 2424 2655 2835
4  2924 2675 1029 2669
4  1428  537  889  493
4  1765 2877 1266 2840
4  2790 2835  835 2505
4   872 1674   48 2844
4  1270 2670 2722 2864
4   354 1540 1454 2761
4  1806 2026   13 2692
4   930  885  929 2692
4  2562  970  606 2795
4   366 2494 1887 2810
4   655 2062 1484 2740
4  1280 2249 2673 2880
4   927 2473  839 2922
4  1436  415  283 2891
4   616 2824  615 1793
4   709  842 2205 2766
4  1666 2279 1667 2743
4  1449 2769 2743 2638
4  2351   60 1600 2797
4   119 1425 1158 2702
4  2294 2880 1324 1280
4  2380 2022 2747 2881
4  2678 2781 1471 2836
4  1664 2380 2747 2881
4  2894  706 1673  662
4  2693 2660 2656 2657
4  1457 2825  268 2749
4   677   73 2764 2797
4  1525 2386  710 2877
4  2131  680 2772 2925
4  1043 2803  920 2018
4  2268  688 2223 2812
4  1139 1183 2196 2687
4  2800 1445 2707 2780
4  1986  138 1530 2677
4   533 1439 1896 2749
4  2617  383 2741 2906
4  1529 1486 2783 2906
4  1912 1217  769 2786
4  1132 2224   11 2730
4  2788 1091  147 2918
4   662  818 1894 2894
4  2667 2668 2675 2702
4   529 2736 2818  573
4    42 2678 2709 2836
4  2279 2771 1711 2743
4   119 2684 2702 1158
4   536 2785 1278  492
4  1538 2769 2638 2743
4  2195 2585 1095 2687
4  1352   62   61 2702
4  1088 2623   62 2702
4  1831 1064   26 2703
4   854 2809 2174 2767
4  1128 2739 2884 2919
4  1856 2785  537 1428
4  1835  164  976 2703
4  2669 2594 2718 2924
4   451 2819 2804 1726
4  2616 2738 1461 1066
4  2894 2202  650  969
4  2274 1999    3 2800
4  1489  686 2764 2767
4  2707 2780   58 2745
4   382  710 2386 2877
4  1314  348 1270 2864
4  2684 2858 2865 2900
4  2019 2739  920 2687
4  2089  200 2717 2817
4  2319 2723 2757  717
4  2086 2707 2745 2800
4  1967  581  737 2785
4  1769 2719  670 2105
4  2412  920 1043 2687
4  2050  922  965 2784
4  2169 2858 2779 2900
4  2858 2041 2262  897
4   171  127 2001 2722
4   130 1431 2466 2873
4   386 1381 2924 2665
4   213 2671 2575 2530
4  2686 1443 2815 2874
4  1064  467 1020 1831
4  1986 2629  138 2677
4   238 2550  704 2767
4   256  180 2762 2923
4   601 2721  830 2419
4  1238 2476 2706 2766
4  1074 2665 1030 2173
4   604  358 2006 2850
4  1212 1097 1141 2784
4  2046 2502   32 2812
4  2811 1499 1587 1456
4   107  199 2698 2807
4  1963 1196 2523 1152
4  2254  164 1020 2703
4  1603 1398 1926 2899
4   787 1343  488 2735
4  1756 2670 2889  568
4  1686 2763 2455 2787
4  1939  665  796 2766
4  1043 2803 2018 2740
4  2893 1912 1217 1261
4  2731 1560 2752 2899
4   336 1861 2755 2763
4  2734 1648 1262 2786
4  2206 1632  534 2850
4   736  196 2689 2786
4  2689  196 2707 2786
4  2626   22 2691 2839
4  1308 1425 2668 2702
4   207 2703  509 1108
4  2587  965  922 2784
4  2362 2673 2742 2795
4  2682 2473 1590 2673
4   953  997 1687 2921
4   665 2905 1939  709
4  1302 2412  963 2687
4   797 2905  886  753
4    86 1316 2808 2836
4  2861  783 2074 2704
4  2766 2762 2799 2923
4   842 2205 2766 2833
4   238 1603 1926 2899
4  2896  733 1328 2753
4  2717 2672 2854 2870
4   400 1676 1588 2735
4  1208 2829 2664   66
4  2800 2893 1261 2707
4   912 1571  239 2891
4  2860 2657 2863 2798
4  1764 1720 2003 2735
4   629 2755 2757 2763
4  1359 2421 2465 2709
4  1413 2429 2742 2880
4  1392 2614 2183 2703
4  2708 1326   52 2905
4   403 1057 2308  447
4  2009 2697  294 2567
4   196 1648 2707 2786
4  1088 1352 1425 2702
4  1628 2660 1584 2910
4  2623 1088 1308 2702
4   164 2254 2010 2703
4  2623  386   62 2702
4   270 2663 2861 2104
4  1778 2461 2854 2870
4  1300 1152 1339 2703
4  1540 2873 2761 2883
4  2675 2668 2684 2702
4  1679 2701  492 1635
4  1158 1425 1352 2702
4  2785 1278 1812 1856
4   962 2859 2740 1171
4   162 2699 1730  631
4  2443 2532 1294 2720
4  1599 2787 2542 2867
4  1812 2785 2109 1768
4  2628 1098 1054 2775
4  1278  624  536 1856
4  1723 2701  536 1958
4  1649 2815 1514 2899
4  1958  492  536 1278
4  2096 2764 2744 1996
4  2311 2087 2131 2925
4   493 2785  449 2109
4  2824 2903 2504 2792
4  2759 2312 1427 2357
4   326 2745 2744 1602
4  1812 2785 1428 2109
4  2476  798 2205 2766
4  2649 2165  613 2895
4  1351 1337 2666 2720
4  1162 1118 2263 2720
4   262 2728 2710 1391
4  1180 1224 2508 2754
4  1522 1233 2694 2778
4   571 1081 2792 2796
4   160 1077 2822 2838
4   801 2236 1202 2836
4  1915 2671 2878 2530
4   694 2725  738 1401
4  2794 2789 2295 2676
4   729 1855 1188 2768
4    45 2737 2007 2768
4  2762 1895 2766 2799
4   204 2734 2786  769
4   287  890  647 2698
4  2523 1152 2478 2729
4  2585 1139 1095 2687
4   980  716 2726 2918
4  2353 2666 1205 2720
4   441  485 2736 2818
4  2263 1118 2218 2720
4  1367  715  707  759
4  2112 1824 1868 2786
4  2310  798  577 2766
4  2785 1428  493  537
4  2611  930   96 2831
4  2498 2823 2707 2689
4  1338 2533 1294 2720
4  1174 1985  247 2850
4  2748 2677 2773 2855
4  2182  746 2191 2836
4   363  362 1815 2831
4   883 2250 1060 2794
4  2473  927 2518 2922
4  2699 1686  162 2455
4   577  798 2663 2766
4   769 1217 2734 2786
4  2209 2920  695 2697
4   548 1912 2094 2786
4  2015 2174  679 2767
4   314 1970  211 2661
4  2804  147 2788  451
4   136 1250  103 2720
4  1692 1262  736 2786
4  2756 2853 2714 2802
4  2029  402 2161 2850
4  2510 2908 2721  874
4  1748 2670  303 1623
4  1000  429 2795 2922
4  2863 2779 2831 2860
4  2679 2507   23 2693
4   658 2398 2443 2720
4   302 2710  554 1699
4  1721 2104 1255 2663
4  1541 1359 1094 2808
4  2782 2767 2874 2912
4  1355 1798  580 2770
4   553 2433 1009 2729
4  1316 2709 2808 2836
4  1060 1017   95 2794
4  2594 1291 2718 2924
4  1197 2920 2728 1619
4  1771  363  711 2831
4  1162 2399 1118 2720
4  2720 1250 2398 1206
4   692 2243  878 2790
4  2787  472 1130  323
4    53   98 2186 2907
4  2814 2758 2841 2881
4   360 2066  967 2747
4  1026 2718 1441 1396
4  2766 2905  842 2833
4  2547 2474 2742 2795
4   539 2901 1918 2915
4   707 1075 1945 1902
4   239 1571 1436 2891
4   418  121 2233 2839
4   522 2728   63 2615
4  2011 2909 1943  737
4   757  954  427 2741
4  2050  718 2288 2775
4  1467  323 2190 2787
4   620  470 2749 2811
4  1638 2911   98 1682
4  2736 1673 2832 2894
4  2685 1210 2845 2908
4   969 1175 2055 2917
4   541  497 1916 2755
4   543  820 2542 2787
4  2823 2498 1998 2689
4   498 2787 2763 1642
4  2466 1237 1405 2873
4  1997 2015  679 2767
4  2657  371 2711 1949
4  2667  197 1517 1220
4  2257 2733  892  217
4  1642  864  820 2787
4  1897 2840 1853 1941
4  2765 1118 2720 1074
4  2834 2730 1013 2853
4   319 2773 2798 1727
4  1252   66 2664 2829
4  1021 2399 1162 2720
4   592 2086  865 2800
4  1459 2564 2789 2880
4   971 2681 2756 2871
4   594  947 2327 2801
4   471 1634  427 2741
4  2665  209 1351 2720
4   786 2230 2774 2859
4   390 2017 1046 2727
4   308 1671  352 2892
4   715 1902  707 1858
4  1697  749  344 2881
4  1441 2619 2820 2872
4   715 2793 2211 2166
4  2819  451  406 1726
4  2218 2665 2173  942
4   151 2780 2745   58
4   434 2098  340 2727
4  2098 1611 2061 2727
4   707  759 1989 1945
4   209 2665 2577 1382
4  1964 1345 1774 2914
4   757  383  954 2741
4   209  913 1338 2720
4  2627 2693 2685 2772
4  1141 2790 2423 2784
4  2545 1651 2059 2861
4   870 1474  153 2839
4  1873  291  718 2775
4   653 2846 1797 2244
4  1087 2924 2665 2666
4  1668 1559  241 2864
4   139 1971 1972 2794
4  2529 2484 2820 2872
4  2734  725  204 2786
4  2218 2665 1074 2173
4   685 1675 1631 2811
4  2115 1192 1148 2742
4   857 1999 2800 2893
4   103 1250 1294 2720
4  1727 1683  275 2773
4    50 2741 2714  427
4  2781  746 2182 2836
4  1105 2295 1874 2789
4  2443 1337 2532 2720
4  2544 2402 1121 2838
4  2218 2665 2666 2720
4  2353 2666 1161 1205
4  2665 1351 2666 2720
4  2665 2218 2666  942
4  2666 2353 2263 2720
4  2323 1836 2671 2924
4    35 1090  461 2734
4  2829  257 2060  242
4   658 2443 1294 2720
4   182   80  476 2766
4  1100 2768 2316 1144
4  1086 2177 2801 2822
4  1067 1421   34 2783
4   799  783 2370 2746
4   421 2763  656  498
4  1338  913 2578 2720
4  1775 2782 2885 2914
4  2086 1570 2707 2800
4  2130  865 2095 2800
4   921 2750  106 2784
4   476 2706 2748 2766
4  2353 2666 2263 1161
4  2665  913 1382  209
4  2398 2666 2720 1205
4  2443 2666 2720 2204
4  2854 2731  301  639
4  1747  692  878 2784
4  2310 2205  798 2766
4  2839  258 2445 1164
4   555 2688  596  925
4  2559  599 1099 2768
4  1727  540 1683 2773
4  2863 1993 2798 1863
4  1021  136 2444 2720
4  1250  136 1206 2720
4  1173 1186  602 2835
4  2316  327 2605 2768
4  1916  497 1508 2755
4  2266 2845  901 1253
4    37 2537 2754 2807
4  2834 2802 2853 2903
4  2920 1284 2320   14
4  2250 1104 2295 2742
4  2096  766   74 2744
4   719 2782 2711  588
4   417   35 1781 2734
4   209 2665 1351 2577
4  1202  168 2709 2836
4   961 2358  917 2685
4   188  100  332 2710
4  2668 1561 1472 2667
4   933 1663 2164 2697
4  2468 2423 1127 2790
4  2388 1064  467 2729
4   385 1413 2742 2880
4  2371   80 2103 2766
4  2004 2192  290 2876
4   272 2676 2701 2785
4   625 1967  737 2909
4  1068 2079 2123 2733
4  2194 2276 2630 2727
4  1572  535 2676 2789
4  2014 2724 2505 2198
4  2221 2266 1209 2717
4   313 2147  511 2840
4  2071 2115 1148 2742
4   971 2681 2871  972
4  1506 2140  778 2920
4  2917 2795  429 2922
4  2840  313 1545 2735
4   260  304 2560 2670
4   238  246 2030 2874
4  1926  246  238 2899
4   175   44  131 2903
4   823 1053 1056 2784
4  1240 1963 2567 2697
4  1042 2385 1236 2880
4  1588  511 1544 2735
4  2706 2748 2753  446
4  1870 2548 2691 2839
4  1148 1874 1104 2742
4  2411  840 1698 2761
4  2569 1567 2688 2777
4    84 2553 1138 2848
4  2570  872 1423 2844
4   137  287 2698 2807
4   294 2320 1240 2697
4   913 2665 1382 2828
4   475  196 1444 2707
4  2514 1221 1408 2837
4  1494 1493  218 2848
4   257 2698 1738 2829
4  2692 1628 2660  398
4  2779 1815 2819 2831
4  1490 2754  747 2722
4  1230 1877 2469 2835
4   222  266 1718 2841
4   995  424 2341 2661
4    57 2131 2175 2772
4  1448  480  436 2864
4  1189 2872  110  982
4   434  478 1611 2727
4  1206  136 1021 2720
4  1621 2774  390 1839
4  1201 2368 2572 2866
4  1494  218 2802 2848
4  2463 2508 1657 2754
4  1210  917 2358 2685
4   285  917 2507 2843
4  2901 1549  538 2719
4   654 2239 2630 2727
4  1257 1359 1541 2808
4  2582  636 2043 2800
4  1310 1366  312 2811
4  2789 2794 2295 2742
4  1933  869 2716 2889
4  2566 1085 1150 2890
4   798 1238 2706 2766
4   806 2258 1947 2900
4  2295 2250 2742 2794
4  2239 2245 1828 2727
4   807  939 2669 2847
4   312 1366  999 2811
4   610  654 2630 2727
4   621 1564 1940 2879
4  2502  389 2002 2812
4  2320  294 1284 2697
4  2752 2767 2780 2813
4  2459  122 2832 2868
4  2724 2014 2790  834
4   314  211 1765 2661
4   855  317 1592 2785
4  1071 2126 1115 2847
4  1528 2011 2785 2862
4  2052 2767 1558 2780
4  2909 2901 1549 2788
4  1967 2719 2785 2909
4  2656 2657 2660 2708
4  1450 2555 1493 2848
4  1333 2733 2438  101
4  1333 2733 1244 1288
4  2792 1977  571 2796
4  2509 2483 2438 1333
4  1254   67 1430 2791
4  2157  927  839 2922
4  1675 2391 1719 2811
4   469  777 2737 2758
4  2907 2753 2612 2706
4  1759  527 1803 2892
4  1628 2761  398 1454
4  2483 2820 1113 2509
4  2862 1572  535 2676
4  2118 1019  739 2704
4   626 2105  551 2719
4   479 1522 2694 2814
4  1894  575 2732 2894
4    13  398 1497 2692
4   118 2275  633 2700
4  2624  913 1382 2828
4  2791 2679 2265 2705
4  2348 2303 2733 2820
4  2206  534 1124 2850
4   892 2211  105 2075
4  2629 2237 2826 2855
4   660 1113 1069 2509
4   435 2826  502 2827
4  2124  986 2665 2851
4  2821 2721 1420  520
4   176  132 2792 2818
4  1286   63 2615  262
4  2529 2872  938 2032
4  2011 2909 2785 2862
4  2438 2820 1069 2393
4   820  864 1686 2787
4  2832 2459 2868 2894
4  1924  802 2901 2909
4   301 1309 2731 2821
4  1390 2481 1370 2752
4  2734  160 2822 2838
4   543 2542 1555 2787
4  1686 2763  586 2455
4  2529  660  110 2573
4   222  391  266 2841
4   483 2659 1890 1934
4  2787  499  992 1555
4   970 1616 2202 2917
4  1661 2714 2794 2730
4  2196 2750 2241 1988
4  1474  418 2233 2839
4   846 2906 2144 2100
4  1363 1129 2469 2835
4  1009 2433  207 2729
4  1090   35  417 2734
4  1744  591 2042 2823
4  1564  381 2409 2663
4  1445 2672 2717  373
4  1449 2769 2638  172
4  2022 2552 2380 2747
4  1502  535  341 2789
4   287 1519 2698 2807
4   398 2761 1762  399
4  1883 1781 2734 2838
4  1598   43 1361 2781
4  2465    0 2721 2884
4  1399 1002  876 2739
4   605 2664 2828 2839
4  1090 1648  461 2734
4  2161 1632 1513 2850
4   289  503 2823 1546
4  1632 2161  402 2850
4   591  248 1910 2823
4   483  439  700 2892
4  2206 2251  597 2850
4  1759  483  527 2892
4  1223 1664 2758 2814
4  2008 2566 1150 2890
4  2309  941  899 2705
4   980 2726 2816 2918
4  1659  314 2661 2850
4  1132 2834 1013 1749
4  1750 2120 1986 2855
4  2737  881 2470 2460
4  2675 2667 2702 2851
4   343    5  345 2680
4   739 2074  783 2704
4   202 1357 2902 1313
4  2656 2685 2808 2873
4  1449 1226 2670 2902
4  2212 2167  804 2733
4   735 2335  441 2818
4  2513 1083 1127 2790
4  2228 1852  489 2749
4   788 2416 2709 2821
4   899 2041  812 2705
4  2719  714 1945  758
4  2410 1841  734 2774
4  1972 2904   95 2794
4   654  698 2239 2727
4  1371 1372 1327 2907
4  2789  781 1458 2742
4   695 1663 2209 2697
4  2038 2200 2082 2847
4  2809 2806 2815 2874
4    78  579  518 2862
4  2908 1094  918  874
4   910 2447 2759 2838
4  2298  467 1835 2729
4   839 1590 2682 2922
4  2822 2222 2801 1796
4  2566 2008 1194 2890
4  1028 2924 2671 2666
4  1267 2853 2732 2871
4  2360 2728 2869 1418
4    34 2726 2866  782
4  1617 2852  579 2794
4  2500 2724 2790 2751
4    77  612 1044 2670
4  1983 1004  774 2724
4  2776 2920 1619 2728
4  2605  729 1144 2768
4  1371 1327 2612 2907
4  2674  900 2400 1120
4  1972 2904  448 1460
4  2794 2676 2805 2862
4   258 2839   22 2626
4   564 1601 1556 2782
4   529  485 1678 2818
4  2867 2810  992 2787
4   763 2865 1994 2259
4  1283 2009 1041 2704
4  1618 2495 2735 2811
4  2465 1620 2420 2884
4  2771 2654 2802 2848
4  1725  449 1769 2719
4   768 2679 2401 2137
4  1674 2898 2662 1243
4  1311 1840 2709 2739
4  2283 2830 2754 2902
4   170 2878 1159 2260
4  1957 2781 1471 2881
4   253 2696 2718 2820
4   702 1146  788 2821
4  2709 2416 2721 2821
4   248  591 1744 2823
4  2316  596  555 2768
4   889 2785 2719  493
4  2786 1706  328 1736
4  1611  478  566 2727
4  1763  620 1832 2811
4   204 2734  769 1259
4  2513 1127 1229 2790
4   486 2875 2756  442
4   576 1832   28 2811
4   931 2850 2161 1513
4   707 2901 1945 2793
4   793 2878  213 1159
4  2728 1373 2360 2869
4  1332 2528 2733 2866
4  1621 2774 2812 2846
4  1721 1266  211 2877
4   456 2700 2867 1965
4  1164 2626 2691 2839
4   174 1450 1493 2848
4   752 1851 1022 2879
4  1562 1342 2583 2691
4  2762  752 1022 2879
4   311 1718 2762 2841
4  2685 2016 2808 2873
4   793 2878 1189 2305
4   620   28 1832 2811
4   324 2867   69  368
4  1541 1431 2808 2873
4   162 2699  631 2787
4  1525  337  754 2877
4  2167  760  804 2733
4   605 2664 2765 2828
4   881 2737 2688 1751
4  2350 1203 2305 2878
4  2103 2762 2766 2923
4  2103  256 2762 2923
4  2416  520 2721 2821
4  2726 1329 2915 2079
4  2693 2806  898 2657
4  1497  124 2692 2910
4   419 2548  254 2691
4  2044  245  681 2849
4   572 2832 2792  122
4   770 2177 1086 2822
4  2787  377  499  444
4   905 1245  653 2812
4  1079  980 1867 2816
4  1048 2830 2283 2238
4  1584 2873 1407 2910
4  2536 2845 2266 1253
4   523  714  670 2719
4  2719 1769  670  523
4   783 2861  755 2370
4  2679 2403   67 1385
4  2921 2699 2713 2787
4   568 1712 2889 1756
4  2849 1919 1913 1869
4  2719  889  523 1857
4  1897 2840 2850 1853
4   621 2766  577 2879
4   516 2787 2810 1467
4  2734  417 2717 1781
4  1265 1309  301 2821
4    27 1306 2755 2876
4  2791 2553 2842 2848
4  2849 1919 1869 2822
4   616 2834 1793 2234
4  2837 2603 2514 2558
4  1109 2733  217 2347
4  2686 2657 2773 2711
4  2775  422 1873 2378
4   105 2793 1367 2256
4   199  595 2807 1387
4  1104 2250 2071 2742
4  2295 1104 1874 2742
4  2672 2752 2780 2813
4   892  935  105  217
4  1400 2089  727 2817
4  2794  957   78 2643
4    78 2794 2643  579
4   663 1981  751 2682
4  2794  139 2295 1017
4  2692 2761  841  884
4  1661 2714 2730   50
4  2718 1441 2820 2872
4  2368 1201  253 2866
4  1946 1079 1991 2918
4  1266 2749 2840 2877
4   703 1759  440 2892
4  2054 2381 2688 2712
4   586 1905  206 2763
4   995 2341 1106 2746
4   296 1258 1055 2913
4  1051 2107 1007 2687
4   340 1621 2727  390
4  2657 1863  676  809
4   783 2861 2370 2746
4  1781  784  417 2717
4  1400  896  200 2717
4  2865 2584  763 2696
4  2603 2231 1317 2724
4  1145 1766 2832 2903
4    18 2594 2369 2924
4  1168 2289 2538 2913
4   640 2172 2809 2912
4  1168 2334  157 2913
4   933 2325 1663 2697
4   761 2080 2036 2723
4  1189 2878  170 2872
4  2630 2239 1828 2727
4   566 2276 2136 2727
4   388 2874 2653 2782
4  2679 2791 2265 2392
4  1284 2920 2320 2697
4  2627  917 1210 2685
4  1162 2263 2353 2720
4   446 2748 2635   36
4  2538  966 2775 2913
4   125 1589 1180 2754
4  1874 2295 2742 2789
4  1854   80 2663 2766
4   686 1489 1558 2767
4   378 2769 1449  172
4  1224 2246 2508 2754
4    68 2269 2815 2827
4  1252 2534 2579 2664
4   592 2893 1955 1261
4  2739 2019  920 1002
4  1283 2753  249 2704
4  1240 2614 1392 2697
4   730 2858 2865  852
4  1202 1786 2678 2709
4   319 2798 1771 1860
4  2592 1019  208 2729
4  2638 2769 2601  172
4  2702 2440   61 2056
4  2547 2429 2673 2742
4  2259 1994  852 2865
4  2567  294 1240 2697
4  2699  190 2235 2898
4  1752  479 2694 2814
4  2422  150  106 2784
4  1376 2572  297 2866
4  1921 2817 2492 1745
4   263 2792 1583 1716
4  2815   68 1649 1514
4  1171  644 2859 1006
4  2208  975  167 2704
4   354 1540 2761 2883
4  2230  742 2774 2859
4  2419    0 2420 2884
4   118 1995  677 2797
4  1398 1603 1560 2899
4  2806 2711 2874 2912
4  2753 1328 2896 2907
4  1594 1799  231 2896
4  2222 2822 2801 2177
4    88  175 1539 2903
4  2517 1752 1522 2694
4  1091  539 1990 2915
4  2709 2421 2884 2919
4   732 2402 2759 2838
4    31 2559 1543 2913
4   480 1448 2571 2864
4  2600  949   58 2780
4  1594  205   54 2896
4  2459 2068 2868 2894
4  2280 1619 2390 2776
4    42 1272 2421 2919
4  2573  982  110 2872
4   147 1946 1903 2804
4  1883 2057  682 2838
4  2705 2654 2779 2858
4   157 1231 1187 2913
4   506   92 1410 2777
4  1984  357 1521 2840
4   733 2896  205 2920
4  1336   18 2369 2924
4  1099 1543 2559 2913
4   876 1975 1840 2739
4  1657 2508 2722 2754
4  2774 1612 2318  742
4  1583 2792  220  176
4   422  718 2050 2775
4  2440 1397 2056 2669
4  1079  716  980 2918
4   260 2560 1492 2670
4   260 1449 1226 2670
4  2504  616 2832 2903
4  2759 1034 1427 2801
4   610  654 2727 2846
4  2789 1149 2701 2880
4  1532 1461 2570 2844
4    62  386 2369 2924
4  2379 2655 1891 2913
4  2724 2014  834 2198
4  1946  672 1079 2918
4   218 1538 1379 2903
4   632  588 2711 2912
4  2585 2803 2740 2527
4   740  293 2680 2770
4   648 2154  296 2913
4   174 2848 2910 1450
4    40 2843 1405 1237
4   430  914 2033 2901
4   351  307 2659 2892
4   727 2282 1652 2817
4   762 2169 2779 2900
4  2743 2769 2771 2824
4  1699 1154  302 2710
4  2597 1181  887 2857
4  2908 2417  828  873
4  2664 1384 1340 2829
4  2677 2799 2526 2923
4   524 1712  241 2864
4  2232  994   56 1331
4  1266  181 1488 2749
4   246 1926 1514 2899
4  2538 2199  966 2913
4  1513 2206  597 2850
4  1371   53 1372 2907
4   847 2458 1485 2901
4  2429 1368 1199 2880
4   147  672 1946 2918
4   969 2055 2068 2917
4  1379 2802  218 2903
4  1125 2833 1416 2907
4  1638 1594   54 2896
4  1379 1582  810 2903
4  1082 2729 1107 1063
4  2089 2057 2759 2838
4    14 2140 2320 2920
4  1766   88 2832 2903
4   926 1175 2157 2917
4   320  525 1788 2710
4  2548 2674 2691 2839
4  2070 1412  224 2825
4  2077 2734 2088 2822
4    31 1543 1187 2913
4   219  175  810 2903
4   175  131 1379 2903
4  2913 2655 2632  296
4  1613  133 1363 2737
4  1700 2608 2512 2784
4  2815  502 2826 2827
4  2672 2536 2717 2854
4   737 1967 2785 2909
4  2098 2457 2017 2727
4  2608 2790 1700 1185
4  2512 2790 1700 2784
4  1816 2417 2770 2854
4  2859  644 2740 2803
4   531 1159 1915 2878
4  2194 2630 1828 2727
4  1566 1179 1476 2807
4  2413 2726 2866 2733
4  2727 1741 2149 1346
4   384 2759 2801  771
4   524 1579  568 2864
4   719  108 2653 2914
4  1799 2911 1595 2896
4  2840 1809  269 1350
4  1098 2334 1168 2775
4   152 1691  475 2707
4  1551  231 1595 2896
4  1114   55 1740 2728
4  2630 2276  610 2727
4  2723 2699 2897 2914
4  1271 2739 2803 2884
4  1177  701  746 2882
4  2493 1298 2583 2691
4   780  321 1306 2755
4   336 1905 1861 2763
4  1305 1905  629 2763
4   564 2121 2764 2797
4  2332 1053  965 2784
4  2815 2772 2657 2806
4    15 2662  651 1222
4  2186 1372   53 2907
4   676 2711 2657 2806
4  1036 2763 2876  498
4   764 2705  808 2261
4  2527 1876 1183 2803
4  2781  746 2882 1190
4  1577  345    5 2680
4    15 1287 2662 2710
4   632 2711 2806 2912
4   370  519 1689 2744
4  1774 1345 1818 2914
4  1399 2739  920 1002
4    53 1371 1416 2907
4  1131  802 2033 2901
4   474  712  669 2909
4   267  178 1022 2758
4  1741  684 1346 2740
4   847 2033  914 2901
4  1715 1671 1424 2892
4   430 2033  802 2901
4  2405 2404 2387 2888
4  2648  197 2667 1264
4  1418 2703 2728 2869
4  1169   96  141 2831
4  2091 1289 1095 2687
4  2755 2757 2763 2898
4  1899  383  713 2852
4  2660 2654 2910 2692
4   948 2822  201 2312
4   856 2400 2264 2851
4  2908 1094 2808  918
4   980 1024 2816 2866
4  1950  764 2125 2779
4   320 1552  276 2710
4  2860 2657 2708 2863
4  1963 2697 2703 2729
4   572 1660 1847 2792
4  1869 2452 1913 2849
4  1402 2754 2328 2373
4  2261  808  897 2705
4  2280 2345 1619 2738
4   188  332  554 2710
4    82 2324 1968 2725
4  1771  274  363 2831
4  2778 2381 2712 2688
4  1270  348  304 2864
4  1314  392  348 2864
4  2656 2799 2677 2905
4   710 2160  337 2877
4   821 2770  645 1929
4  1168 1054 1098 2775
4  2654 2875 2910 2692
4  1208 2829   22 2664
4  1970 1942 2370 2661
4   891 2906 2788  846
4  1883  726 2057 2838
4   254 2691 2760 2830
4  1742 2773 2833 2856
4  1213  914  891 2726
4  1028 2924 2666  984
4  1141 2790 2784 1185
4   456 2700  776 2867
4  1308 1425 1472 2668
4  1895  311 1718 2762
4  1168 2538 2775 2913
4  2350 2718 1880 2878
4   304 1536 2670 2864
4   346 2658 1046 1973
4  2022 1004 2747 2837
4  2674  515 2828 2851
4   112 1143  216 2846
4  1529 1681 1067 2783
4  2052 1558 1489 2780
4  1921 2817 2447 2838
4  1535  977 1512 2887
4  2194  875 1741 2740
4   967 2066  915 2655
4  1711 1881 2743 2771
4  1965 2921  953  500
4  2866  253 2696 1201
4  2763 2787  516  234
4  1341  944 2356 2693
4  2867 1864  368 2683
4  2054 2381  252 2688
4  2244 1612 1797  698
4  1534 2754 2637 2722
4  1661 2730 2794 2916
4  1403 1448  436 2864
4  1537 1493 2555 2848
4    39   83 1314 2722
4  2917  429 1616 2922
4  1085 2890 2704 2746
4  2194 1741 2727 2740
4  2677 2119 1530 1750
4  1143  566  216 2846
4  1254 2597 2791 2857
4   210  166  570 2796
4  2244  698  654 2846
4  2558    8 1318 2837
4  2265 2679 2392 2401
4  1216 2543 2372 2680
4  1422  190 2699 2897
4  2667 2400 2674 2851
4   185 1415 2681 2831
4  2411  310  354 2761
4   678 2744 2363  292
4   185 2446 1415 2831
4   936  396  415 2891
4  1785 1388 2436 2849
4  2138 2662 2755 1640
4   201 1033 2312 2822
4  1307 1263  375 2698
4   334 2706 2753 2890
4   974 1080 2387 2888
4  1828  919  875 2740
4  1408  221 2747 2837
4  2113 2157  839 2682
4    12 1742 1416 2833
4  2113  926 2157 2682
4  1615 2763 1597 2876
4   846  430  669 2788
4  2224 2714 2730 2834
4  2498 2707 2042  548
4  2566  334 2704 2890
4  1150 1085 2746 2890
4  2831 2679 2654 2705
4  1932  832 1931 2709
4   963 1043 1743 2687
4   604 2661  314 2850
4   683 2870 2854 2461
4   111 1298 2448 2857
4  1923  340 1621 2846
4    96  930 2644 2831
4   189   48 1917 2844
4  2742 1874 2789 2880
4   416 2451 1911 2689
4  2412 1043  963 2687
4  2728 2920 2209 2703
4  2491 2400 2667 2886
4  1145   88 1766 2903
4  1966 1733 2695 2715
4  2627  944 2693 2772
4  1725  626 1637 2719
4  2217  898 1225 2863
4   597 2661 2251 1018
4  2445  943 2490 2765
4  2402  732 1121 2838
4  1673 1850 2832 2894
4  2319 2723  717 1992
4   624 1528 2011 2785
4   578 2661  622 2850
4  1645  326  355 2744
4  2391  135  512 2811
4  1317 2837 2724 2678
4  1319 2053   89 2655
4   778 1790  143 2776
4  2769 1538 2638 2601
4   310 2799 2841 2883
4  2860 2660 2863 2708
4  2656 2815 2826 2827
4    82 2760 1968  507
4   145 2748  432 2635
4  1238 2833 2476 1282
4  2062  699  743 2740
4   944 2627 1297 2772
4  1319 1568 2424 2655
4  2754 2902 2143 2722
4   179 2778 2712  514
4  1115 1871 2847 2878
4   383  713 2852 2906
4  2889 1580 1624 2864
4  2431 2008 1525 2890
4  1379 2802  131  218
4  2823 2498 2707 2042
4   950 2867 1378  472
4  2691 2493 2725 2830
4  2091 2047 2151 2687
4   250 1790 1507 2776
4  1858 2901  707 2793
4   338 2386 1150 2890
4  1007 2107 1302 2687
4  2084 2767 2782 2912
4  1705 2730 1661 2916
4   375 1263 1695 2807
4  1911 1872  416 2689
4   666  424 1481 2661
4   509  207 2433 2729
4  1739 1263 2691 2830
4  2379   72 1568 2655
4   400 1170  356 2735
4  1741  875  831 2740
4  1565  106 2750 2784
4  1842 1280 1324 2880
4   475 1444  152 2707
4  1806 2875 2692  442
4   343 2282  387 2680
4  2434  569 2344 2869
4  2150 2063 1302 2687
4  2894  706  662  818
4  1178  233 1243 2898
4  1208  258 2490 2664
4  1902 2901 1858 2719
4   358 2840 1809 1853
4  2632  599 2515 2768
4  1299  643 1609 2750
4  1604 2580  152 2707
4  1074 2665 2765 1030
4  2677 2766 2799 2923
4   338 1150 2746 2890
4   720 1907  853 2863
4  1368 1413 2520 2880
4  2215 2847 2872 2878
4   982 2305 1189 2872
4   295 1368 2520 2880
4   730 2858  852 1950
4  1306   27 1641 2876
4   436  392 1403 2864
4  1833  811 2217 2863
4  2342 2207  552 2888
4   199 2691  595 1606
4  2666 1249 2398 2204
4  2653 1246 2782 2897
4  1797 2774 2051 1612
4   130 1361 1360 2873
4    34 2482  782 2866
4    74 1746 1910 2745
4  1462 1548 1505 2805
4  2660 2842 2679 2843
4  2878  170 1159  793
4  2319  161 1948 2757
4  2921 2699 2787  631
4  2076 1151 1786 2678
4   441 2335  485 2818
4  2724 2066 2747 2835
4  1090 1604 1444 2707
4  1193 1281 2701 2880
4  2335 1678  485 2818
4   937 2303 2348 2820
4   805 2773  371 2711
4  2909 2011 1943 2862
4  1791 1644 2683 2700
4   397 1936  735 2818
4  2048  971  443 2756
4  1708 1677 2371 2663
4  1122 2313  866 2680
4  2224 2834 1132 2156
4  1053  823 2333 2784
4   615  614 1837 2824
4    76 1791  325 2715
4   471  427 2224 2714
4   985 2858 2675 2886
4  1040  664 2694 2749
4  2549  834 2751 2790
4   521  216 1709 2846
4  1631 1675 2495 2811
4   766 1996   29 2764
4  1650 1606   22 2698
4  2588 1552 1596  320
4   108 1775 1774 2914
4   345 2770  740 2680
4  1452 1672  124 2875
4  1835 2697 2253 2729
4  2763  498 1642  542
4  2728 1286 2480 1391
4  1835 2697 2703  976
4  2727 1143  566 2276
4  1216  645  785 2680
4  2039 2764 2797 2782
4   509 1152 2703 2729
4   912 2689 2823 2891
4   890  243 2049 2698
4  1286 2728 2615   63
4   719 2782 2653 2711
4  1637 2785  361  405
4  2405 1195 2516 2729
4  2659  473 2792 2796
4   631 2699 1730 1964
4  1263 1792 1695 2807
4   100  188  332  144
4  2796 2716 1626 2659
4  2653 2723 2897 2914
4  1093 2791 2403  960
4   647  331  287 2698
4  1142 1098  347 2775
4  2697 2208 2704 2753
4  2419 2658 2721 2884
4  1906 1862  805 2711
4  1906  719 1862 2711
4  2097 1561 1610 2668
4  2773 2708 2656 2856
4  1967 1924 2719 2909
4  1901 1924  758 2719
4  2530 1915  213 2878
4  1979  308  352 2818
4  2296 2746  995 1062
4  2490  943  987 2765
4  1574 1190 2781 2826
4  1879  925 2688 2768
4  2421 1620 2465 2884
4  2249 1236 2742 2880
4  2734  725 2786 2849
4     9 2802 1494 1495
4  2584 2865 2092 2816
4  1938  619  818 2682
4  2613 2753  249 2697
4  2754 1357 2902 2722
4  1602 2101  151 2745
4  2845 2581 2854 2908
4   789 1395 2242 2750
4  2812  728  947  115
4  1453 1496  265 2841
4  1277 2778 1707  871
4  1229 2500 2513 2790
4  2704 2253 2697 2729
4  1279 2474 2547 2795
4  1247 1203 2350 2878
4  2885 2699 1964 2914
4  1301 1369  940 2669
4    91 2811  158 2777
4  2232  994 1331 2710
4   501 2297 1820 2715
4  2725  694  738 2830
4  2588 1596 2710 2755
4  1940 1564 2409 2879
4  2270 1335 2695 2715
4  1255  181 1721 2663
4  2525 1563  282 2807
4   135  556  512 2712
4  1963 1196 1152 2729
4  1880 1247 2350 2878
4  2677 2766 2748 2833
4   514  223 2694 2778
4   135 1503 1542 2712
4  1586  514 2712 2778
4  1465 1446  994  144
4   144 1375  994 1465
4   928 2681 2692 2756
4  1830 1683  540 2773
4  2682 2069  795 1805
4   751 2338  663 2682
4  2654 2756 2692 2681
4  1046 2658 2859 1795
4  2083 2912 1315 2782
4  2878 2305 1026 2872
4  1729 2876 2192   27
4   798  754  577 2663
4   697 2051 1797 2812
4  2485 1470 2684 2895
4  1187 1231 2768 2913
4  1522 2336 2758 1223
4   749 1574 2781 2799
4  1419 2776   99  380
4   634 1335  678 2695
4   871 1707 1233 2778
4   554 2710  262 1330
4   994 1375  423 1331
4  1476 1386  107 2807
4  2080 1862 2653 2711
4  2711 1830  761  805
4   555 2688  925 2768
4  1453 1318 2781 2837
4   805 2080  761 2711
4  2658  601 2774 2859
4   319  230 2708 2856
4  1607  375 1695 2807
4   389 2774 2812 1621
4  2825 1457  268  816
4  1691 2745  151 2707
4  2655 2632 2470 2768
4   486 2875 2163 2756
4  1819  632  588 2711
4  2511   94   84 2842
4   712 2852  579 2189
4   137 2698 1607 2807
4   761 2080 2653 2711
4  1877  513 2469 2835
4   147 2804 2788 2918
4  1431 1360 2808 2873
4   273  228 1592 2805
4  2778 1123  837 2737
4  1630  134  425 2778
4  2737 2655 2470 2768
4  2802 1494 2848 2875
4  2548  254 2691 2760
4   702 2882 1265 2821
4  2834 1132 1013 2730
4  2875 2654 2910 2848
4  2754 2650 1268 1432
4  1563  137 1607 2807
4  2168  893 2081 2860
4   719 1906 1819 2711
4  1862 2080  805 2711
4   282 1563 1607 2807
4  2729 1009 2404 2093
4  1483 2751 1526 1228
4  1570  592 1261 2707
4   554  332  302 1699
4  2726 2783 2816 2918
4  2733 1333 2438 2483
4  2761 2692  841 2708
4   108 2711 1862  719
4  1855 1232 2688 2768
4  2334 1168 2775 2913
4   719 1819  588 2711
4  2650 1695 1432 2807
4  1000 2547 2673 2795
4  1476  243 1519 2807
4  2660 2692 2708 2831
4  2387 2271  974 2888
4  1154 1699  302 1391
4   761 2653 2686 2711
4  2783 1213  782 1067
4   302 2710 1391  262
4  1330 2710   63  465
4  2414 2696 2669 2718
4  1353  936 2695 2891
4   795 2383  751 2682
4   869 2796  517 2716
4   476   80 1854 2766
4   549  505    1 2849
4  2009 2697 2567 2704
4   344 1957 2380 2881
4   484 2713 2013 2897
4   453  423  365 1375
4  1806  928 2692 2756
4  1566 2525 1589 2807
4   516 1962  278 1510
4   293  345  740 2680
4  2077 2734 2822 2849
4  1592 1636  855 2785
4  2861  652 1754 1651
4  1525  710  337 2877
4  1626 2317 2659 2716
4  2748  446 2706   36
4   450  495 2090 2788
4   976 1663 2325 2697
4   578 2661 2840 1481
4   516 2763 2876 2810
4   469  177 1364 2758
4  1693 1560 2731 2899
4   469 1364  777 2758
4   777  178  425 2758
4  1578 1219  259 2722
4  2694 2561 1707 2415
4  1991  806 2804 2816
4  2654 2681 2714 2756
4  2681   95 2714 2871
4   278 1641 2497 2876
4  1729 2755  453  800
4  1598 2883 1453 2781
4   206 2455  586 2763
4  2312 2759 2822 2357
4   426 2116 1394 2877
4  2742 1192 2340 2880
4  2670  568 2864 2889
4  1314 1270 2722 2864
4  2165 2741 2771 2895
4  1081 2824  166  614
4  2371 2663 2766 2825
4  2867 1980   64  950
4  1823  393 2689 2891
4  2059 2663 1956 2861
4  1943  668  518 2862
4  2372 1216 2680 2770
4   776 1951 1920 2700
4  2582 2672 2800 2813
4   988 2220 2679 2693
4  1644 1791  281 2700
4   184 1971  139 2676
4  2318 1171 2284 2859
4  1625 1581   85 2716
4   464 2811 1523  158
4  2867 1980  574 1511
4  2802 2714 2834 2853
4  1791   76  281 2715
4  1851  752  708 2879
4  1303 2744 1952 2363
4   428 1869 2822 2849
4   125 1589 2754 2807
4   381 2160  533 2877
4   648 2655 2913 2110
4  1590  795  839 2682
4   213 2671 2530 2878
4   181 1721 2663 2877
4   228  184 2676 2805
4  2547  781 2429 2742
4    42 2421 2709 2919
4  1920 1951  633 2700
4   633 1952 1303 2700
4  1938  663  619 2682
4  2305 1203  793 2878
4  2501  191 2025 2682
4   459 2225 1058 2891
4  2113  839 1805 2682
4  1988 1140 1096 2750
4  1834  179 2694 2811
4  2423 2468 2775 2790
4  2792 1670  263 2659
4  2735   28 2749 2811
4  1763 2694  470 2811
4   850 2816 1024 2696
4  2415 2561 1366 2811
4  1742  142 2773 2856
4  2789 2794   78 2676
4  2688 2007 2737 2768
4   663 1938 1981 2682
4   591 1746   30 2745
4  2660 2679 2693 2843
4  2058 2550  238 2767
4  2096 2764 1996  766
4  1666  694 2725 2902
4   805 2773 2711 1830
4   909 1997 2745 2764
4  2744 2797 2700 2764
4  2605  113  729 2768
4  2695 2823 1571 1646
4   211  270 1721 2877
4  1734  415 1436 2891
4   766  909 2745 2764
4   936 1734 2695 2891
4   531 1871 1115 2878
4  1721 2663  270 2104
4  2700 2275 2744 2764
4  1810  309  530 2756
4   718  291 2288 2775
4  1992  161 2319 2757
4  2121  686 1601 2764
4   822 2374 1050 2859
4   501 2683 2715 1820
4  1189 2878 2872 2305
4  2495 1675  532 2811
4  2659 2889 1845 1889
4  1645  237 2744 2764
4  2886 2392 2791 1032
4  1972 2805 2794 1971
4  2789 2862  535 2676
4  2811  356 1411  999
4   999  356 2735 2811
4  1631 1618 1587 2811
4  1839 1046  346 2774
4  2712 2694 2561 1707
4   355 1645 2744 2764
4  1719  512 1832 2811
4  1675 1719  532 2811
4   179 1834 1763 2811
4  2146 2686 2653 2620
4  2764 1489 2767 2780
4  2726  980 2816 2866
4  2002  343  387 2680
4  1810  486 2163 2756
4  2341  338 1106 2746
4    42 2836 1316   86
4   184 1971 2676 2805
4  2179  102 2815 2855
4    58 1003 2600 2780
4  1158 1466  998 2684
4   176  132 1716 2792
4  2429 2673 2742 2880
4   219 1626  263 2792
4  1528  668 2011 2862
4  2733  935  892  217
4  2243  692 1218 2775
4  1238 2833 2706 2476
4  1813  446   36 2706
4   319 2773 2856 2798
4  1864  776  412 1908
4  2811 1411 2607 1703
4  2391 1675  685 2811
4  1811  518  668 2862
4   543 2542 1599 1555
4    28  620 2749 2811
4  2744 2101 2745 2823
4   412  463 1599 1347
4   212 2770 2821 2854
4  1821   16 1256 2715
4   898  767 2693 2863
4    16  501 1256 2715
4   907 2586  574 1167
4  2676 1528 2785 2862
4   451 2819  406 2904
4  2132  160 2734 2838
4   742 2230 2329 2859
4  2593 2055 2736 2868
4  2429  781 1413 2742
4  1978 1190  746 2781
4  1734 1690 2695 2891
4  2009 1239 1041 2704
4  2694 2561 2415 2811
4    64 2867  992 1511
4   950 1980 1468  574
4  1647 1003 1370 2780
4  1549 2909 2785 2719
4  2733 2528 2820 2866
4  2921 2885  631 1789
4  2248 2293 2673 2682
4  1644 2145   79 2700
4    23 2551 2507 2843
4  2474 2916 2742 2795
4   574  907  950 1378
4  2123  760 2167 2733
4  2586 1511  574 1980
4   574 2867 2586  907
4  1310 2415 1366 2811
4   732 2759 2822 2838
4   492 1958  536 2701
4  2768 2559 1482  327
4  2723 2662 2364 1728
4  2111  573  529 2818
4  2690 2686  496  761
4   501 2700  545 2715
4  2633  473 2659 2796
4  2393 1069 1025 2820
4   574 2867  950 1980
4  2750 2287 1395 2784
4  2770 1816 1166 2417
4  2867  574  950 1378
4   562 2474 1279 2795
4  1300 1108  509 2703
4   940 1369  939 2669
4   668 1528 1811 2862
4   519 1531  326 2744
4   251 2617 2485 2684
4  1777  369  457 2715
4  1175 1616 2157 2917
4   721  689   73 2764
4  2894  575 2795 2682
4  2141 2693 2772 2806
4  2656 2761 2883 2905
4  1267 2853 2871 2048
4   273 1548  329 2805
4   273  317 1505 2805
4   334 2612 2706 2890
4  1460 2681  140   51
4  2694 2415 1310 2811
4  1015 2742 2115 2362
4  1409  354  310 2883
4   654  698 2727 2846
4  2737 1879  881 2688
4  1306 1597 2755 2876
4  1633 1398 2731 2899
4   355 1489  686 2764
4  1001 2670 2339 1623
4  2299 2703 1035 2869
4  1980 2867   64 1511
4  2694 2712 2561 2811
4  1468  950   64 1980
4  1310 2749 2694 2811
4  2749 1310 2694  268
4  2694  179 2712 2811
4   468 2749  489 2877
4  2694 2749  470 2811
4   771  387  431 2759
4  1925 2824 2743 1881
4   637 2786 1780 1434
4  2121  564  237 2797
4  2293 2248  619 2682
4   326 2745 1602  355
4  1763 1832  512 2811
4  1021 2765 2444 2399
4  2745  355 2764 1489
4  1090 1604 2893  417
4   921 2750 2287  877
4  2376 1128 2884 2919
4  1559  436  480 2864
4  1466 1158 1397 2684
4  1689 2700 2715 2744
4    23 2693  988 2679
4  2279 2771   82 1711
4   971 1654  972 2871
4  2878  793 1189  170
4    59 1397 2440 2669
4   118  677 2700 2797
4  2608 2790 2784 1700
4  2721 2808 2821 2908
4  1551 2896 2738  231
4  2698 1782  374 2829
4   683 2870 2461 2045
4  2746 2890 2661  338
4  2273 1988 2241 2750
4  2159 1015 2742 2115
4  2313  785 1922 2680
4  1965  118 1951 2700
4  1335 2744 2715 1909
4   517 2659 2716 2796
4   151  949 1602 2745
4  2910 2654 2842 2848
4  2557 2835 2724 1230
4   754  381 2663 2877
4  2249 2159 2673 2742
4   701 2236 2191 2836
4  2771  603 2201 2021
4   673 1948 1305 2757
4  2854  639 1778 2870
4   339  383 2617 2906
4  2067 2023  226 2818
4  2725 2448 2760 2857
4   932 2765 1207 2664
4  2765 1118 2399 2720
4  1625 1582 1581 2716
4  1175  926 2055 2917
4  2804 2684 2819 2906
4  1735  196  475 2707
4  1698  310 2761 2883
4  2264  812  985 2886
4   557 1317 2724 2751
4  1277 2778 2712 1707
4  1656  542  656 2763
4  2319 2364  717 2757
4   902  744  608 2753
4  1702 1227  690 2803
4  2724  602 2500 2790
4  2783 2788 2804 2918
4  2696 2783 2816 2866
4  2308 2290  403 2701
4  2308  403  447 2701
4  2172  765 2171 2806
4  2244 1612 2846 1797
4  1305  629 2757 2763
4  1997 2040 2015 2764
4    29  689 2040 2764
4    74  766 1953 2745
4  2536 2492 2717 2817
4  1554 1510 1962 2810
4   486 1810  443 2756
4  2000 1234 2822 2849
4  1575  281 1689 2700
4  1768 2109  163 2785
4  1826  375  331 2698
4  1450   84 2555 2848
4   577  754  381 2663
4   267  425  178 2758
4  2646 1603 2752 2899
4  1268 2246 1224 2754
4  2278  913 2624 2828
4  2640  729  113 2768
4  2163  309 1810 2756
4   679 2130 2095 2745
4   656  498 2763  542
4  2612 2566 1194 2890
4  1996  677  689 2764
4  1806  442  486 2756
4  2856  772  142 2773
4   410  454 2810 2876
4  2672 1445 2717 2893
4  1241 2728 1038 2277
4  2820  851 2847 2872
4   971 2027  443 2756
4  2077 2734 2849 2088
4   177  391 1364 2758
4  1123 2336 1223 2758
4  2791 1557 2553  887
4  1363 2747 2737 2835
4   517 2633 2659 2796
4   875  705  831 2740
4  2215 2260  531 2878
4  2877 2409 2749  533
4  1710 2481  704 2752
4  2490  987 2534 2765
4  1902 2901 1945  707
4   501 2700 2715  333
4   673 1349 1684 2757
4  2145 1575 2797 2700
4   481 2743  826 2796
4   857 2717 2221 2893
4   909 1304 1953 2745
4  2247 1908 1920 2700
4  1644 2867 2683 2700
4  2783 2726 2816 2866
4  2303 1112 2348 2733
4  2084 2015 2764 2767
4   306 2317 1669 2716
4  1626 1582 2317 2716
4  2152 1151 1928 2678
4   319 2708 2798 2856
4  2413  693 2733 2866
4  2607 2811 1703 2777
4   869 2796  481 1976
4  1679 1635 2290 2701
4  2660 2654 2692 2831
4  2705 2660 2863 2831
4  2293  663 2338 2682
4  1444 1604  152 2707
4   426 2160  710 2877
4  2025  191 2069 2682
4  2556 2751 1184 1483
4   397  441 2736 2818
4  2429 1199 2673 2880
4  2665 1074 2765 2720
4  1955  592 2274 2800
4  2765 2674  515 2828
4  2827 2731 2845 2899
4   986 2129 2665 2851
4  2760   82 1968 2725
4  2085 2262 2226 2675
4  2628  347 1098 2775
4  1822 1546  289 2695
4   607 1553  233 2898
4   525 2315 1374 2710
4  2911 1799 1595 1639
4    92  506   91 2777
4  2460  255 2470 2737
4  2924 2847 1479 2671
4  1282 1125 1238 2706
4  2493 2583 1342 2691
4  1405 2660 2910 2873
4   833  643 1299 2750
4   335 1791 2683 2715
4  1597 2763 2235 2898
4   323 2713 2787 2867
4  2739 2019 2750 2687
4   557 2724 2231 2557
4  2618 1421 1442 2783
4    44 1145 1495 2802
4  1615 2763 2876  234
4   531 1915 1871 2878
4  2878  793  213 1203
4  1538 2769 2824 2903
4  2906  891 2788 2783
4  1604 1445 2580 2707
4  2347 2437 1288 2733
4   697  688 2051 2812
4   273  329  228 2805
4  1994  807  939 2669
4  2512 2467 2750 2784
4  1822 2823 1546 2695
4  2725 1783 2760 2830
4  2039 2782 2797 2885
4   294 2613 1284 2697
4   999  356 2322 2735
4  1112 2123 2167 2733
4    50  954 1899 2852
4  2104 1956  916 2663
4  2705 2660 2679 2863
4  1518 2674  155 2535
4  1395 2242 2750 2784
4   945 1608 1785 2822
4   751 2383 2338 2682
4  1878 2375 2658 1050
4  2755 1597 2763 2876
4   511  824 2735 2840
4  1961 1634 2165 2741
4  1979 2335  735 2818
4  1991 1947 1946 2804
4  2687 2106 1051  409
4   855 2909  317 2785
4  1656  864  542 2763
4  1255  916 1708 2663
4    76 2700 1689  281
4  2647 1070 1441 2718
4  2540 2837   86   43
4  1200 1156 2212 2733
4  1554 1887  411 2810
4   346 1973 1355 2658
4  1621 2727 2774 2846
4  2374  822 2230 2859
4   238 2058 2767 2874
4  1632 2314  534 2850
4  2071 2203 2362 2742
4   675  107 1650 2698
4  2341  424  666 2661
4  1990 2918  716  672
4  2668 2771 2654 2895
4   376 2120 1750 2855
4  2688 2778 2408 2712
4  2844 2690 2887 2896
4  2286 2739 2750 2803
4   353 2736 1761 1717
4  2644 1415   96 2831
4   941 2406 2261 2705
4   791  299 2066 2835
4  2493 2193 2725 2830
4  2245 2859 2740 2284
4  2872 2529  938  110
4  1627  351  888 2892
4  1597 2755 2763 2898
4   387 2002 2680 2759
4  2839  374 1429 2829
4  2665 2648 2828 2851
4  2687 2107 2150    6
4   507 2668 2760 2097
4   353  397 2736 2818
4   927 1616  429 2922
4  1151  774 1928 2678
4  1334  104  563 2867
4  2787  455  499 2810
4  1930 2709 2416 2721
4  2064 1793 2824 2834
4  2089 2759 2817 2838
4  1771 2496 2798 2860
4  2047 2151 2687 2750
4  2745 1531 2744 1602
4   962 2859 1171  644
4  2196  116 2241 2687
4  2640 1039   45 2768
4  1401 1783 1968 2725
4  1135  977 2300 2887
4  2762 2694 2825 2879
4   435 1265 1882 2827
4    79 2867 1644 2700
4   113 2605   31 2768
4  1014 1013 1132 2730
4  2648 2667 2674 2851
4   109 2839  605  165
4  1536  348 1580 2864
4  1133 1696 1353 2695
4  1525 2386 2877 2890
4    80 2923 2766  182
4   677 2700 2764 2275
4   828  830 1929 2770
4  2549 2197  958 2751
4   552 2271 2342 2888
4  2352 2924 2666 2307
4  2851 2886 2400 2264
4   829 2417  828 2770
4  2519 2028 1521 2840
4  1350  824  269 2840
4  1584 2660 2873 2910
4   939 2038  983 2847
4  1624 1580 2574 2864
4   477  521  687 2846
4  2073 2148   70 2725
4  2152 1786 1151 2678
4  1597 2235  607 2898
4  2660 2656 2708 2761
4  2189 1617 1899 2852
4    71 1037  114 2840
4  1960 2691 2636 2830
4   835 2655 2835 2775
4  1624 1559 1668 2864
4  2619  982 2573 2872
4   772  319 1727 2856
4   186  230  319 2856
4  2163 1672    9 2875
4   327 2559   31 2768
4   629 1905  336 2763
4  2663 2371   80 1677
4   251 2684 1486 2906
4  1855  729 2640 2768
4  2664 1163   21  932
4  1831 2703 2299 2254
4  2830 1048 2636 1960
4   621  796 2766 2879
4    49 1047  484 2897
4    42 2540 2639 2678
4   640 2806  680 2809
4  1263 1792 2807 2830
4  2861 2663 2877 2890
4  2761 2692  398 1762
4  1197 2920 1619  695
4   531 1115 2847 2878
4  1829 1560 2646 2752
4  1429 1384 2664 2829
4  1146 2416  788 2821
4   847  914 1213 2726
4  1705 2730   11 1661
4   555 2688 2768  596
4   366 2876  410 2810
4  2477 1195 2432 2746
4  1255 1708 2070 2825
4   890 1694 1738 2698
4   704 2481 2646 2752
4   879 1218 2288 2775
4   393  288 1058 2891
4   581 1900  737 2785
4   964 2494  377 2810
4  1638 2911 2896   98
4  2808 1361   86 2781
4   605  109 1251 2664
4   206 2699 2757 1948
4   153  605 1295 2828
4   153 1474  165 2839
4   220  308 2818 2892
4   300 1556  657 2782
4  1004 2153 2678 2837
4  2793  105 1367 2211
4  1436 1690 1734 2891
4  2514 1408 2747 2837
4   623  540 1860 2798
4  1026 2718 2350 2878
4   704 2899 2767 2752
4  1649 1633 2827 2899
4   727  387 2680 2759
4  2714 2741 2852 2904
4  1782  331  647 2698
4   812 2355 2265 2886
4  1656 1905  586 2763
4  2143   38 2902 2830
4  2592  203 2298 2729
4    72 2835 1083 1186
4  1093 2791 2842 2403
4  1609  643 2687 2750
4   564 1601 2782 2797
4   511 2147 1037 2840
4  2678 2739 1786 2076
4  2650 2754 1268 2321
4  2792 1977  473  571
4  1218  692 2288 2775
4     3 1955 2274 2893
4   608  446 1061 2753
4  1393 1345 1964 2914
4  1801  305 1845 2889
4  1997  679 2745 2767
4  1753 1798 1420 2770
4  2250 1017 1060 2794
4  1094 1359 2510 2808
4    96 2708 2611 2831
4   738 1356  169 2830
4  1987 1552 1596 2755
4  1137  740 1753 2770
4   879  648 1218 2775
4  1526 1702 2331 2739
4  2504  572 1847 2792
4   374 2698 2839  121
4  1069 2529 2484 2820
4  1821 2270  590 2695
4  1519  890  287 2698
4  2288  291  879 2775
4  1794 2677 1530  138
4  2754 2246  747 2598
4   168 2236  701 2836
4   931  642 1513 2161
4  2906 2741 2819 2852
4  2523 1963 1152 2729
4    61 2056 1352 2702
4  1596 2588 2138 2755
4  1738 1782  647 2698
4  2810 2867   64  950
4  1829 2672 2731 2752
4  2515 1879 2632 2768
4  2229 2375 1701 2884
4  1031 2399 1119 2765
4  2802 1537 2769 2848
4  2739 2658 2803 2884
4  2553   84 2842 2848
4  2524 2479 1300 2703
4  2697 1963  951 2729
4   561 2188 2754 2830
4  1123  696 2425 2747
4  2098  390  340 2727
4  2425  967 2737 2747
4  2877 1481  468 2840
4   116 2286 2273 2750
4  1936  220  308 2818
4  1437 2704 2522 1239
4  1069  660 2529 2820
4  1866 1822  292 2695
4  2409 2877 2749 2663
4  2729 2093 2388 1009
4   916 1677 1708 2663
4  2293 2338 2673 2682
4  2328 1048 1092 2754
4   450  494  495 2788
4   678 2744 1335 2363
4   270 2661 2861 2877
4  2419 1172  601 2658
4   991  466  546 2695
4  2174 2809  723 2813
4  2242 2790  878 2549
4  1572 1528 2676 2862
4   466  590  546 2695
4   873 2358  874 2908
4   489 2228 2749 2840
4  2754 1402 1357 2722
4   384 2759  771 2133
4  2073 2725 2769 2857
4  1758 1207 1163 2765
4  1628 2692 2660 2910
4  1560 1829 1693 2731
4  2711  371  805 1949
4  2523 2516 1195 2729
4  2296 2746 1018 2661
4    38 2902  694 1622
4  2830 2807 1432 1792
4  1152 1196 2703 2729
4   546 1133   41 2695
4  2480 2728 1391 2435
4  2077 2088  160 2822
4  2343 2298  203 2729
4  2653 2711 2782 2874
4   203 1063 1107 2729
4  2478  553 2516 2729
4   467 2298 2343 2729
4    38 2188 1356 2830
4   389 2502 1923 2812
4   969 2459  650 2894
4   805 2773 1830  371
4  2239 2318 2727  698
4  2703  467 1835 1020
4  2830 1048 2283 2754
4  2839 1307  121 2698
4  2691 1960 2636 1342
4  1818  108 1774 2914
4   835 2790 2243 2775
4  1444 1648 1090 2707
4  2267  948 2822  201
4   347 2423 2468 2775
4  1614 1349 1640 2662
4  2403 1049 2679 2842
4  2388 1064 2343  467
4  2357  732 2759 2822
4   544 2782 2039 2885
4  2770  821  830 1929
4  2423  347 2628 2775
4  2840  358 1809 1659
4  1577 2770  580  740
4  2050 2288  692 2775
4   675  154 2049 2829
4  1204 2666 2487 2671
4   198 1340  242 2829
4   719 1775  108 2914
4  2268  866 2680 2759
4  1364  178  777 2758
4  2734  726 2838 2822
4   587 2542 2787 2921
4   233 1553 1576 2898
4  2678 2781 2837 1471
4  2286 1702 1526 2739
4    33 2716  481  869
4  2839  109  605 2664
4  1252  154   66 2829
4  2782 2653 2897 2914
4  2579  978 1252 2664
4  1522 2336 1233 2778
4   518  579  712 2862
4  1782 1826  331 2698
4  2874  388  300 2782
4   189 2146 2690 2844
4  2132 1121  160 2838
4  1606 2691   22 2698
4   931 2850 1513  247
4  2539 1498 1455 2712
4  2183 1418 1463 2568
4  2154  879  923 2775
4  1929  645  829 2770
4  1243 1674 2616 2662
4  2434 1035 2703 2869
4  1446 2755 1959 1508
4   219  810 2792 2903
4   951 2523 1195 2729
4  2708 2773 2798 2856
4    68  379  435 2827
4  1019  167  739 2704
4   203 1107 2093 2729
4   475 1691 1134 2707
4   428 1919  770 2822
4   396  936 1353 2891
4  2682 2795 2894 2917
4   931 2850  247 2161
4   791 2066 2724 2835
4  1267 2377  883 2732
4  1835 2253 2592 2729
4   389 2774 1621    5
4  2786 1434  681 2112
4   517 1976  570 2796
4   575 2795 2248 2203
4   979 2413 2437 2733
4   330 1693 1829 2731
4  2212 2257 1200 2733
4   254  419 2691 2830
4  1339 1196 2568 1392
4  2839 1307 1870  121
4  1285 2728 2480 1038
4  2663 1721  270 2877
4     3  857 2589 2893
4  1267 1654  971 2871
4   107  199 1650 2698
4   764 2261  853 2705
4  1040 1896  664 2749
4  1539  219 1716 2792
4    40    7 2842 2843
4  1114 1463   99  908
4   251 2617 2684 2906
4   967 2655 2737 2747
4  2591  467 1064 2729
4  2615 2728 1285  522
4  1985 1174  604 2850
4  1196 1963 2703 2729
4  1781 2717 2734 2838
4  1588 1676  313 2735
4  2700  333  545 2247
4  1588  313  511 2735
4  1195 2704 1437  951
4  2343 2388  467 2729
4  2568 1392 2183 2703
4  2203 2362 2742 2795
4  1972 2805  448 2794
4  2866 1068 1024 2227
4   333 2700 2715 2683
4  2343  203 2093 2729
4  2286  116 1227 2803
4   903  594 2327 2801
4  1134 1691  151 2707
4  1570   30 2086 2707
4  2405 2516  553 2729
4  2428 2682 1590 2673
4  1283  249 2613 2704
4  1664  214 2380 2881
4  2447 1122  910 2759
4   538 2901 1918  494
4   470  664 1658 2749
4  2253 1019 2592 2729
4   144  994  100 2710
4  2567 1239 2009 2704
4   975 2074  739 2704
4   835 2243 1218 2775
4   431 2817 2089 2759
4   850 2816 2696 2584
4   951 1963 2523 2729
4  1647 1370 2481 2780
4   427 2224 2714 2730
4    94 1049 1093 2842
4   467 2703 1835 2729
4  1014 1132 2652 2730
4  2733 1109  217 2257
4  2703  207 2591 1108
4  2478 2433  553 2729
4  2388 2591 1064 2729
4    10  749 1978 2781
4  2709 1786 2739 1840
4  1737 2045 2506 2870
4    26 1108 2479 2703
4   848 2257 2212 2733
4  2253 2697  976 2325
4  2633 1977  473 2796
4  2897 2488  190 2699
4  2773 2656 2815 2855
4  2176 1165 2590 2838
4  2733 2257  892  848
4  1210 2581 2845 2908
4   401 2450 2735 2840
4   583 2901 2915 1918
4  2473 1590  839 2922
4   961 2016  918 2685
4   334 1283 2566 2704
4   165 1474 2233 2839
4   975 2753 2208  902
4  2566 1283 1041 2704
4  2609 2427 2799 2923
4  1390 1370 2672 2752
4  1262 2734 2786 2849
4  1096 2467 1565 2750
4   199 2691 1606 2698
4    58 1691 2580 2707
4  1437 1239  951 2704
4  2754 2321 1224 1268
4  2409 1896 1040 2749
4  2476  842 2521 2833
4  2372 2417  829 2770
4   530  309 1585 2853
4  1064 1831   26 1035
4  2208  167 2697 2704
4  2818 2023 1678 2067
4  2667 2668 2857 2886
4   419 1739 2691 2830
4  2113 1805 2069 2682
4  2334 1098 1142 2775
4  2540 2837 1317 2678
4   203 1107 2343 2093
4  2625 2765 1119 1163
4  1257 1360 1316 2808
4   331  137  287 2698
4  2851 2886 2264 2675
4  2264  985 2675 2886
4  1257 1431 1360 2808
4  2676 2785 2805 2862
4  2613 2009 1283 2704
4   930 2611 2692 2831
4  2334 2655 2775 2379
4   951 1239 2567 2704
4  1034 2453 1215 2759
4  1490 2754 2722 2508
4  1852 1439  489 2749
4   210 2743 2796  826
4  2009 2697 2613  294
4  1983 2552 1004 2747
4    11 2224  427 2730
4  2613 2753 2697 2704
4  2867  120  907 1378
4   397 2736 1849 1761
4  1307 1263 2691  419
4   358 2840 2850 1659
4  1661   11   50 2730
4  1601 2764 2782 2797
4  2349 2696  850 2820
4  2193 2238 2725 2830
4   169  254  738 2830
4  1639  275 1683 2911
4   946  594 2117 2801
4  2074  975 1754 2704
4  2671 1880  649 2718
4  2072 2519  468 2840
4  1607 2698  331  375
4  2867  120 2546 2683
4  2338 2383 2673 2682
4  1960 2493 2691 2830
4  2625   21 1509 2664
4   739  167  975 2704
4  1115 2441 1071 2847
4   111 1475 2857 2886
4  1165 2544 2590 2838
4  2370 2661 2746 2861
4  2711 2686 2815 2874
4  1525 2663 2877  754
4  1930 2709 2721 1931
4   122  661 2459 2832
4   948 2822 2759 2801
4  2679  768 2265 2705
4  1522 2694 2758 2778
4  1409  310 2841 2883
4  2670 2716 1536 2560
4  1081  571 1977 2796
4   239 1655  912 2891
4   274  318  363 2831
4  2883 1453 2781 2841
4   862 2351  564 2797
4   408  952 1684 2662
4  2124  900 2114 2851
4   979 2437 2347 2733
4  1156 1200   75 2733
4   575 2203 2732 2795
4  2093 2729 2388 2343
4  1555  992 2787 2867
4  1112 1156 2348 2733
4  2123 1112 1068 2733
4  1532 2345 1066 2738
4   683 2870 2045 2854
4  1915 2671 1871 2878
4   242 1738 1694 2829
4   437  349 1756 2889
4  1219 2902 2143 1622
4   248  292 1910 2823
4  1453 1318 1598 2781
4   661 1013 2832 2853
4  1009 2729 2404  553
4   190 2699 2235 1927
4  2580 1370 1003 2780
4   750  706 1717 2736
4  2152 2836  801 1202
4  1145  309 2802 2853
4  1526 2286 2739 2750
4  1766   88 1760 2832
4  1084 2758  425  267
4  1668 1624 2864 2889
4  1941 1897 1477 1853
4  2459  969 2068 2894
4  1058 2689 2225 1911
4  2729 2252 2888 1082
4  1195 2746 2704 2729
4   376 2255 2686 2748
4  2698  137 1607  331
4  2212 1156 2167 2733
4  2252 2729 2093 1107
4  2203 2732 2742 2071
4  1222  651 2616 2662
4  1575 2145  281 2700
4   510  851 2820 2872
4   957 2643 2794 2916
4  1592  228 2785 2805
4  1282 2521   12 2833
4   358  402 1897 1853
4  1801  261  305 2889
4   552 2888  931  642
4   349 1712 1756 2889
4  1751 2336  837 2778
4  1681 1421 1067 2783
4   863 1690 2187 2695
4  1674 2898 1243 1576
4   665  709 2205 2766
4    34 2726 2783 2866
4  1353  289  459 2891
4  1823 1655  288 2891
4    31 1187  113 2768
4  1255 2070  816 2825
4  2671 1880 2718 2878
4  2162 1063  208 1082
4  1965 1995  118 2797
4  1252   66 1208 2664
4  2537 1136 1092 2754
4  1783  254 2760 2830
4  2041  941  897 2705
4  2193 1960 2238 2830
4  2049 1694  890 2698
4   679 2745 2767 2780
4  1551 2662 2738 2844
4   243  890 1519 2698
4  2243  692 2775 2790
4  1370 2672 1445  373
4  2677 2629 2826 2855
4   738  254 1783 2830
4  2432 2729 2405 2888
4  1895  796 2762 2766
4   155 1518 2583 2691
4  2758 2694 1084 2778
4  2129 2675 2851 2085
4  1499 1618 1343 2735
4  2727 2284 2740 2859
4  2898 1674 2844 1576
4  2193 2493 1960 2830
4  1084 1630  425 2778
4   966  923 2775 2913
4  1854 2663 2706 2766
4   329  184  228 2805
4  2378 1054 1873 2775
4  2097 2771 2668  867
4   683 1753 1778 2854
4   341 1572  491 2701
4  2686 2255 2690 2748
4   782 2482 1023 2726
4   943 2124 1030 2765
4  2669 1029 2924 1301
4   401 2228 2840 1808
4  2305 2878 1026 2350
4  2029  247 2161  931
4   625 1944 1967 2909
4  1477 2840 1853 1809
4  1067  891 1529 2783
4  2235  234 1927 2763
4  1614 1684 1349 2662
4   459 1058  396 2891
4  1139 2803 2527 1183
4  1095 1139 2091 2687
4   932 2765 1163 1207
4  1630 2694 1084  223
4  1459 2564 2503 2789
4   100  994   56 2710
4   613 2165 2771 2895
4  2750 2412 2019  868
4  1899 1573 2189 2852
4  2797  563 2713   60
4   682 1781 1883 2838
4   665 2905 2766 1939
4   844 1135  145 2887
4  2833 1125 1416 1282
4  2812 2759 2178 2223
4  2364 2723  717 2757
4  1648 1444  196 2707
4  2135  905 2134 2812
4  1761  750 1717 2736
4  2283 2830 2902 2238
4  1908  776 1920 2700
4  1388 2452  549 2849
4  1389 2244  654 2846
4  2085 1843  985 2675
4  2661 2877 2890 2861
4  1753  212 1778 2854
4  2863 1993 2860 2798
4  2687    6 1051 2107
4  2858  730 2169 1950
4   643 2150 1609 2687
4  2085 1843 2675 2851
4  1198  794 1849 2736
4   941 2041  899 2705
4  1383 1470 1435 2895
4  1139 2196 2091 2687
4  1681 1486 1442 2783
4  2408  556 1542 2712
4  2897  388 1246  235
4   978 1296 1252 2664
4  2641 1524 2688 1232
4  1630  223  514 2778
4  1524 2737 2688 1276
4  2781   86 2808 2836
4  2162 2207 1082 2888
4   856 2114  900 2851
4   694   38  738 2830
4    52 2905 1326 2565
4   900 2124  515 2851
4  1400 2045 2717 2817
4  1200  101   75 2733
4   967 2425  360 2747
4   856 1843 2114 2851
4  1624  305  261 2889
4  2713 2787 2867 2921
4   561 1792  169 2830
4  2651 2730 2652   11
4   669 1573 2144 2852
4   900 2400  856 2851
4  2616 1222 2738 1066
4  1899 1617   50 2852
4  2407 1074 2354 2765
4  2774 2721  601 2658
4  2675 2684 2865 2702
4   430 1944  474 2909
4  1899  954  383 2852
4  1234  989 2000 2822
4   173 1580  261 2889
4  2114 1843 2129 2851
4  1303 1920  633 2700
4  2706 2748 2833 2907
4  1728  952 1551 2662
4  2734  725 2044 1259
4  2752 2767 2809 2899
4  1183 1876  116 2803
4    66  675 1650 2829
4  2591  467 2729 2703
4  2051 2680  741 2774
4   851 2394  510 2820
4   445 2072 2519  468
4  1600  237  564 2797
4   993 1005    7 2843
4  2143 2188 2830 2754
4   986 2124 2114 2851
4  2709 2882  788 2821
4   648  835 2655 2110
4  2758 2762 2814 2841
4   435 2108 2827 2882
4  2375 1271 2803 2884
4  2762 2799 2814 2841
4  2725  738 1401 1783
4  2726 2793 2901 2915
4  1309 1633 2731 2827
4   834 2724 2751 2790
4  2661  799 1174 1942
4  1898 1651 2545 2861
4  1125 1371 2706 2907
4    50 1617 2794 2852
4  2852 1617  579 2189
4    12 1326   97 2856
4   243  107 2698 2807
4  1968 2012  507 2760
4  2632 2655 2470 1011
4   643  868 2063 2750
4   515  943 2445 2765
4  2560 1536  129 2716
4   370 1531  519 2744
4  1718  266  310 2841
4  2716 1580 1536  173
4   802  430 2901 2909
4  2752 2809 2813 2899
4   169 1739  254 2830
4  1429  286 1384 2829
4  2317 1582 1625 2716
4  1356  561  169 2830
4  2314  641  534 2850
4  2492 1816 1166 2817
4   364 1788 1464 2776
4   283  415  288 2891
4  2303  894 2227 2820
4    66  154  675 2829
4  1380 2296  424  622
4   862  564 2782 2797
4  2275  118  677 2700
4  2600 1003 1647 2780
4  1513  247 2850 2888
4  2785 2805 2862 2909
4  1177  880  701 2882
4  1321 1567 1365 2777
4  1833 2406 2309 2705
4  2309  768 2137 2705
4  2459 1013  650 2894
4   192  280 2683 1167
4  2130 2813 2174 2043
4  2364 1684  952 2662
4  1296 2664 1340 2829
4  1655  912 2689 1779
4  2188  561 1356 2830
4  1782 2698  374 1826
4  2766  621  577 2310
4  1307  375 1826 2698
4   788  702 2821 2882
4  1303  589 1920 2700
4  1908  776 2700 2867
4  2229 1128 1271 2884
4  2795  970 2894 2917
4  1542 1503 1498 2712
4  1311  876 1840 2739
4  1734  936  415 2891
4  1613 1408  177 2747
4  1684 1614  408 2662
4  1296 1340  198 2829
4   257 1738  242 2829
4  2642 2016 2843 2873
4   261 1801 2716 2889
4  1987 1916 1552 2755
4   952 2139 1551 2662
4  2677 2656 2773 2855
4  2576 2671 1292 2666
4  2661  604 1174 2850
4   535 1572  341 2789
4   122  616  661 2832
4    22   66 1650 2829
4   269  511 1037 2840
4   125 1179 1566 2807
4  2185   90 2365 2778
4  1614  250  408 2662
4  2434 2344 2299 2869
4  2072  578 1481  622
4  2860 2657 2798 2708
4  2698  374 1826  121
4  1234  245 2044 2849
4  1974 1399  876 2739
4  2694 1707 2712 2778
4  2049  154 1694 2829
4  1296  154 1252 2829
4  2562 1000  429 2795
4  2095 2086  635 2745
4  1712  349 2418 2889
4  2579 2625  978 2664
4   402  358 1897 2850
4   286 2060 1384 2829
4  2711 2815 2657 2806
4   738   38 1356 2830
4  1446 1465  994 2755
4  2753 2907 2612 1327
4  2816  850 1024 1867
4  1975 1002 1354 2739
4   568 1044 2670   77
4  1562 1518 2626 2691
4   242 1340 2060 2829
4  2707  548 1912 1261
4  2264 1843  856 2851
4  2309 2406  941 2705
4   469 2747 1613  177
4  1579 1491 2722 2864
4  2055 2593 2068 2868
4   593 2563 2436 2849
4  2481 1370 2752 2780
4   768 2679 2265 2401
4  1704  571 1847 2792
4  2737 1039 2007   89
4  1270  304 2670 2864
4   348 1536  304 2864
4  1137 1652  293 2817
4  2700 1965 2797 2867
4  2319 2723 1992 2757
4  1093 2791  960 2842
4  1975 2076 1840 2739
4  1975 1354  745 2739
4    33 2670 1044 1800
4  2889   17 2418  305
4  2708 2761 2692 2660
4   941 2261  897 2705
4  2740 2527 2803 2285
4   473 2659 2792 2892
4   812 2265  899 2705
4   173  261 2716 2889
4    33  437 1756 2889
4  2066 1983 2724 2747
4   685 2811 2712 2391
4   177 1408  221 2747
4  1319 1039 1568 2655
4  2667 1308 2648 1264
4  2882 2709 2836 2808
4  2670   33  481 1800
4  2902 1748 1219 2722
4   967 2066 2655 2747
4  2185 2365  134 2778
4  1241 2344 1285 2869
4  1614  364  250 2662
4  1032 2355 2491 2886
4  2057 2133  431 2759
4  2405 1195 2432 2516
4   657 1601 2767 2782
4     4 2132 2734 2838
4  1318   43 2781 2837
4  1246  388 2653 2782
4  2699 1686 2455 2787
4  1123 2425 2737 2747
4  2832 1850 2853 2894
4  1727 1860  540 2798
4  2017 2727 2740 2859
4    81  125 2754 2807
4  2260 2215 2872 2878
4  1320 2365 2737 2778
4   866 1122 2680 2759
4  2616  651 1243 2662
4  2656 2677 2826 2855
4   354 1454  399 2761
4  2707 2780 2745 2800
4  1854 2663 2059 2706
4  2844 2616 1461 1674
4  2244 1612  698 2846
4  2017 1046 2727 2859
4  2405 1080 2432 2888
4  2044 2734 2088 2849
4  2663  798 2706 2766
4  2788 2915 2918 2726
4  2545 2663 1956 2104
4   435 2826 2108  502
4   853 2261 2406 2705
4  2772 2656 2693 2685
4  1387 2691  595 2807
4  1727  540 2773 2798
4  1079  980 2816 2918
4  2296 2746 2661  995
4  2364  952 1728 2662
4  1694 1738 2698 2829
4    74 1910 2744 2745
4   132 2792 2818 2832
4  2664   65 1207  932
4   634 1822 1696 2695
4   524  568 1712 2864
4  2318 2774 2859 2727
4  2306  897  808 2858
4  2626 1606 1562 2691
4  2743 1581 2796 2716
4   730 2214 2865 2900
4  2852 2804 2819 2906
4  1461 1532 2738 2844
4  2609 2762 2799 2814
4  2671 1247 2575 2621
4   237 1575 1645 2744
4  1664 1123 1223 2758
4   801 1928 2153 2678
4   489 2877 2749 1394
4  2245 1828 2727 2740
4    48 1674 1576 2844
4  2718 1880  649 1291
4  1843 2264 2675 2851
4  1983 1004 2724 2747
4  2762 2694 1752 2825
4   320  276  525 2710
4    21 1755 1509 2664
4  1928  774 1004 2678
4  2774 1612 2846 2727
4   883 2732 2794 2871
4  2369 2702 2924   61
4  2921 1965 2797  500
4   290 1773 2004 2876
4   994 1331 2710 2755
4   849 2860 2798 2496
4  1455 2712 1784 2777
4  2430 2475 1325 2880
4   484 1047 1422 2897
4  2177  770  814 2822
4  2490 2534 1208 2664
4  2692 2611 2708 2831
4    21  932   65 2664
4  1129 1363 2655 2835
4  2497 1641   27 2876
4   392 2574 1580 2864
4    65 1384 1755 2664
4  2642 2466 1431 2873
4  2497  322  278 2876
4  2690 2686 2748 2911
4  2766 2677 2799 2905
4   799  560 2118 2888
4  1433 2192 2004 2876
4  2192 1433 2497 2876
4  2726 1329 2733 2915
4   295 1842 1324 2880
4  2284 2245 2727 2740
4  1347 2542 2867 1599
4  1512 1153 1535 2887
4  2431  754 2663 2890
4  1032 2491 1475 2886
4  1430 1032 1475 2886
4  2570  977 1532 2887
4   458 1480  991 2695
4  1373 2728  522 2869
4  1718 1895 2762 2799
4  2656 2773 2856 2905
4  1576 2488 2723 2898
4  2151 1609 2687 2750
4  2914 1731 1775 1774
4  1459 1414 2564 2880
4  2736 2682 2894 2917
4  2511   40 2842 2910
4   722 1910  292 2744
4  1234 2077 2822 2849
4   649 2924 2718 1291
4  1836 2666 2671 2924
4   863 2187  414 2695
4  2714 2681 2819 2904
4  1050 1172 2658 2859
4   915 2066  299 2655
4  1760 1804  490 2832
4  1237 2642 2843 2873
4  2634 2618 2696 2866
4  2081 2779  893 2213
4   465 2315 1330 2710
4  2597 2448 2148 2857
4  1368 2429 1413 2880
4   849 2860 1993 2798
4   247 1126  843 2888
4   796 2762  752 1895
4  2148 1181 2597 2857
4  1756 2670 1044 2889
4   149 1045  246 2874
4  2774  741  734 2680
4   476 1854 2706 2766
4  2787 2763 1036  498
4  2020  210 1844 2824
4  2728 1373  522 2645
4  1426 2539 2688 2712
4   153  605 2828 2839
4  2669 2718 2847 2924
4    81 1179  125 2807
4  1512  933 2164 2887
4  2135 2178  905 2812
4   746 2781 2182 1978
4  2588 2755 2662 1640
4  2537 1387 1386 2807
4   682 2089 2717 2838
4  1050 1172 1701 2658
4   887 1254 2597 2791
4  1851 2762 2879 2694
4  1494 2848  174 1493
4  1978 2182   10 2781
4  2901 1770  538 1918
4  2054 2367 2712 2777
4  1464 1788  380 2776
4  2292 1872 1954 2689
4  2337 2058  657 2767
4  2840 1477 1853 1941
4  2127 2128 1315 2912
4   605  153  165 2839
4  1915 1159  213 2878
4    12   97 1742 2856
4   743  699  831 2740
4  1666  694 1401 2725
4  2778 1276   90 2365
4  2048 2853 2756  530
4  1443 1045  149 2874
4  1875  434  340 2846
4   111 1475 1298 2857
4   489  468 2228 2840
4  2549 2751 2242 2790
4  1208 2839  258 2664
4   145 2753 2887 2896
4  1380 1124  578 2850
4  1621  340 2727 2846
4  2656 2781 2883 2808
4  1970  270 2661 2861
4  2152 1928  801 2678
4  2780 2672 1445 1370
4  2896 2748 2907 2911
4  2522    2 1106 2746
4   216  566  478 2846
4   985 2858 2886 2041
4  2906  891 2100  846
4   953  456 1643 2921
4  2110 1011  915 2655
4  2712 2569 1455 2606
4    88 1145   44 2903
4  2779 2654 2819 2858
4  2432 2729 1195 2405
4  1347  456 2867 2921
4   683 1400 1137 2817
4   393 1058 2689 2891
4   565  609  112 2846
4  2361 1673  490 2832
4  2051 1612 2774 1841
4  2581 1816 2536 2854
4   141   96 2446 2831
4  2370  755 1898 2861
4   419 1307 1870 2691
4  2740 2106 1743 2687
4   963 1743 1007 2687
4  2831 1274  711 2860
4  2625 1509  978 2664
4  1471 2182 2191 2836
4  2523 2478 2516 2729
4  2759  726 1086 2822
4  2047 2750 2196 1988
4  2803 1043  920 2687
4  2840 2877 1481 2661
4  1005 2551 1049 2843
4  1077  160  732 2838
4  2525 1566 1563 2807
4  1347  776  412 2867
4  2332  965 2587 2784
4    68  435  502 2827
4   640  854 2172 2912
4  1875 2727  434 2846
4  2497 1433  322 2876
4  2262 2306 2675 2858
4  2678 2739 2751 2919
4   334 2566 2612 2890
4  1478  421 1773 2876
4  1265  301 1886 2821
4  1563 1519  137 2807
4  2168 2081 2037 2860
4  2706 1194 2612 1125
4  2073 1181 2148 2857
4  2028 1984 1521 2840
4  2278 2624 1295 2828
4  2260 1159  531 2878
4  1317 2639 2540 2678
4   887 1181 2599 2857
4  2032  938  895 2872
4  2490 2839  258 2445
4  2484 2529 2032 2872
4  1557 2791  960  887
4  1968 2324 1401 2725
4   117 1731  544 2885
4  1532  977 1535 2887
4   847  914 2726 2901
4  1324 1199 1368 2880
4  2726  914 2788 2901
4  1580 2889 1624  261
4   210 2743 2824 2796
4   430  669 2788 2909
4  1874 2789 1149 1105
4  2699 2235 1927 2763
4   348  392 1580 2864
4  2529 2820 2573 2872
4  2496  711  584 2860
4  2073 2599 1181 2857
4  1324 1368  295 2880
4  2092 2816 2900  806
4  2571 1491  524 2864
4   142 1742 2773 2911
4  1698  310 2411 2761
4  1197 2209 2920  695
4    38 2143 2902 1622
4  1870  418 2548 2839
4   352  440 2818 2892
4  2451  393 1911 2689
4   374 2839 2233  121
4  2153 1004 2022 2837
4   525  276 2315 2710
4  2771 2769 2802 2824
4  2703 1463 2183 1418
4  2228  468  445 2840
4  2245 1171  962 2740
4   170  938 1189 2872
4  2232  955   56 2710
4  2050  692  922 2784
4  2847 2441 1871 1115
4   510 2847 2126  851
4  2673 2249 2742 2880
4  2663 2762 2879 2766
4  2129 1029 2665 2851
4  1961  757 1634 2741
4  2072 2028 2519 2840
4  2215  510 1516 2872
4  1597  277 2755 2898
4  1178 2662 2755 2898
4   974  597 1080 2888
4   552  642 2271 2888
4  2345 1535 1153 2887
4  1576 2723 2844 2898
4  1236 2249 1280 2880
4  2675 2924 2665 2702
4  2083 2912 2782  588
4   544 1348  117 2885
4   539 2901  495 1918
4  2713  484 1422 2897
4  2682 2795 2917 2922
4  1729  800  290 2876
4   421 2763  498 2876
4  1331  780 2232 2755
4  2811  464 1523 1411
4  2130 2095 2745 2800
4   462 1062    2 2746
4  1471  801 2153 2678
4   220 1936 1892 2818
4  2758  311 2762 2841
4  1106 1085 2522 2746
4   787 1720 1545 2735
4  2745 1531 2101 2744
4  2835   72 1083 2775
4  2400 2491 2355 2886
4  1903 2900 2819 2804
4  1081  614  615 2824
4   787  488 1720 2735
4  2193 2148 2448 2725
4   345 2770 2680 1577
4  2806  640  680 2141
4  2266 2582  901 2672
4     5 1577 2680 2774
4  2654 2857 2668 2886
4   176  220 1892 2818
4   865 2086 2095 2800
4   494  495 2788 2901
4  1178 1243 2662 2898
4  1340 1509 1755 2664
4  1948  161  630 2699
4  2040  721 2084 2764
4   634 1696  590 2695
4  1032 1430 2791 2886
4  2690 2300 2844 2887
4   414 2187 1966 2695
4  1082 2729 1063 2888
4  1251  109   65 2664
4  1119 2625 2579 2664
4   544 2782 2885 2083
4   910 2544 2447 2838
4  1432 2830 1792  561
4   109 1384   65 2664
4  2789 2862 2676   78
4  1133  546  590 2695
4  1010 1054 2538 2775
4   130 1406   87 2873
4  2108 1882 1177 2882
4  2830   37 2807 2636
4   634  678 1822 2695
4   948 2759 2312 1427
4  1353  936   41 2695
4   332  100 1699 2710
4  2843 2873 1405 1237
4   161  674 1393 2699
4  2759 2812 2178 2801
4  2219 2809 2813  723
4  2674 1164 2691 2839
4  2382  138 2629 2826
4   180   93 1794 2923
4  1548  448 2805 2904
4  1581 1582 1538 2824
4  1150 2386 2008 2890
4  2894 2202  969 2917
4   315 1193 1281 2701
4   117  500 1687 2921
4  2013 1290 2351 2713
4   102 2686 1487 1969
4  2774 2846 1797 2812
4   481 2743 2670  826
4  1822  678  292 2695
4   458  991  546 2695
4  1966 2744  370 1689
4  2750 2412 2687 2019
4  1353   41 1133 2695
4   414 1733 1480 2695
4   366 2876  322  410
4  1781  682 2717 2838
4  2800 1445 2893 2707
4    92   91  158 2777
4   590 1696 1133 2695
4  1784  506 1455 2777
4  1520  350  819 2689
4  2099 2792  528 1660
4  1882  435 2827 2882
4   459  396 1353 2891
4  1904  762 2779 2900
4  1586  514  179 2712
4  2687 1609    6 2150
4   560  208 2118 2888
4   533 1896 2409 2749
4   413 2874  388 2065
4  2421 1620 2884 2919
4  1616 2157 2917 2922
4   965 1053 2333 2784
4  2473 2518 2673 2922
4  1851 2762 1022 2879
4  1010 2538  966 2775
4  1630 2694  223 2778
4  1154 1440 1391 2710
4  2708 1771 2798 2860
4  2540   43    8 2837
4  1102   52 1169 2708
4  1911  393 1058 2689
4  2811  685 2712 2777
4  2726 2733 2793 2915
4   309  530 2756 2853
4  1361 2808   86 1360
4  2020 1837  614 2824
4  2755 2662 2757 2898
4  1010  244 1873 2775
4  2915 2788  495 2901
4  1849  441 1893 2736
4  2812  728  565 2181
4  2394  851 2349 2820
4  2660 2656 2761 2873
4  1361   43   86 2781
4  2034 1329 1990 2915
4  2732 2203 2742 2795
4  1734   41  936 2695
4  2558 1221 2514 2837
4  2668 2667 2675 2886
4   637  245 2563 2849
4  2792  220  176 2818
4   140 1460 1504 2904
4   305 1668 2418 2889
4   863  458   41 2695
4  2057  726 2759 2838
4  2345 2280 1066 2738
4  2187 2744 2695 1646
4  2838    4 2893 2734
4    74 1953 1746 2745
4   590 2270  634 2695
4  1077  732 2822 2838
4   458  863  414 2695
4  2906 2788 2804 2783
4  2731 2827 2845 2908
4   123 2190  323 2713
4   451 1505 2090 2788
4  1046 2658 2774 2859
4  2759  726 2822 2838
4  2707 2780 1445 2580
4  1475 2491 2667 2886
4   460 2180  416 2689
4   602 1186 2790 2835
4  1629  490 1673 2832
4  2796  869  481 2716
4  2792  527  473 2892
4  1757 2659 1801 2302
4  2146 1917  146 2653
4  1405 1406 2466 2873
4  2705 2265 2791 2886
4    31 2605  327 2768
4   972 1654 1016 2871
4  2660 2657 2693 2863
4   389 2680    5  343
4  2290  359  403 2701
4  2692 1628 1497 2910
4  2139 1551 2662 2738
4  2002 2680  389  343
4  2682 2894  706 2736
4  2155  572  122 2868
4   572 2832 2868 2792
4  1846  395 2659 2892
4   414 1480  458 2695
4   669 2144  846 2788
4  1733  414 1966 2695
4  1602  949 1489 2745
4  1821  590  466 2695
4  2769 2802 2824 2903
4  1298 2725 2760 2493
4  2485 2741 2895 2684
4   450 1505  317 2788
4    85 1581 1492 2716
4   812 2265 2705 2886
4  2794 2714 2852 2904
4  2187  370 1966 2695
4  2792  220 2818 2892
4  1113 1157 2573 2820
4  2784 2333  422  823
4  1949 2711 1906  805
4  2195 2585 2687 2740
4   413 2102  388 2653
4   540 2773  371 1830
4   235  388 2102 2653
4  1998 2292 1954 2689
4  1366 1703  999 2811
4   450 2090 1505 2788
4  2763 1597 2235  234
4  2848  174 2910 2875
4   697 1245  688 2812
4   425  134  777 2778
4   240 2142 1779 2689
4  2451 1520  393 2689
4  2081 2213 2125 2779
4  2702 2440 2669   61
4  1662  372  416 2689
4  1012 2688 2471 2426
4  1863 1949 2657  676
4   631 1789 1687 2921
4   282 2650 2525 2807
4  2078  583 2793 2915
4  2515 2768  925 1879
4  2726  716 2915 2918
4   416 1872  460 2689
4   146  235 2102 2653
4  1587 2811  158 1631
4  2851 2886 2675 2667
4  2655 2913 2632 2768
4   905  861  609 2812
4  2744  766 2745 2764
4   413 2686 1443 2620
4   108 2711  719 2653
4   849 1860 2496 2798
4   894 2394 2349 2820
4   389 1923 1621 2812
4   146 2102 2146 2653
4  2678   42 2709 2919
4  2657  371 2773 2711
4  2410  786 2230 2774
4  1879 2737 2470 2768
4  1882  880 1177 2882
4  2146 2102 2620 2653
4  2130 2813 2043 2800
4  1499 2811 1587 1618
4   413 2620 2102 2653
4  2914 1862  108 2653
4  2080 1862 1818 2653
4   556  135 1542 2712
4   151 2780  949 2745
4   819 1823 1520 2689
4   870  153 2828 2839
4  2099 2792 2868 2818
4  2546 2867 1644  104
4  2744 2797 2764  237
4   284 2786 2689  328
4  2041  812 2705 2886
4  2689  350  328  372
4  2640  113 1231 2768
4   583 2901 2793 2915
4  2883 1598 1453 1496
4    98 1742  142 2911
4   602 2724 2500 2557
4  1803 1704 2792 2892
4  1208 2839   22  258
4   350 1520  372 2689
4  2920 2776 1619 2738
4  2471 1567 2569 1365
4  2316  596 1482  555
4   179  556 1586 2712
4  1727  319 1860 2798
4    95 1460 2681 2904
4  1538 2903 1582 1379
4   240  736 2142 2689
4  1486 2684 1442 2783
4  2788 2805 2852 2904
4   230  274  319 2708
4   548 2707 2042 1570
4  2142 1735  912 2689
4  1872 2292  460 2689
4  2498 2786  504 2689
4  2488 2699 2723 2898
4  2654 2791 2857 2886
4  1055 1099 2768 2913
4  2275 1996 2744 2764
4  2320 2614 2697 2920
4   853 1907 2705 2863
4   109 2839  165 1429
4   567 2595 1974 2658
4  1442 1421 1681 2783
4  1139 2803 2687 2527
4  2069 2736 1116 2682
4    34 1421 2618 2783
4  1012 2471  968 2426
4  2447 1122 2817 1745
4    12 2521 1326 2833
4   532  576 2735 2811
4   224  816 2070 2825
4   372 2451  416 2689
4  1647 2752 1710 2780
4  2458 2726 2793 2901
4   232 1446  188 2710
4   229  406 2819 2904
4  1816 2770 2817 2854
4  1570  592 2707 2800
4  2821 1265 2827 2882
4  1855 2007 1232 2768
4  1361 1598 2781 2883
4  2145 1644  281 2700
4  2578 2533 2720 2765
4   555 2768  599 1482
4  2079 2866  980 2726
4  1077 2077  160 2822
4  1960 2493 1342 2691
4   968  596  925  555
4   968 2688  596 1100
4  1423 2690  189 2596
4   328 2786 1736 1692
4  2063  868 2412 2687
4  2091 2196 2047 2687
4  2769  378 2725 2073
4  2559 2768 1482  599
4   496 1830  761 2686
4  2886 2392 1032 2265
4  2832 2834 2853 2903
4   900 2674 2400 2851
4   284 2786  328 1692
4  2007   45 1855 1232
4  1532 1535 2345 2738
4  1850  662 1894 2894
4  1709 1875 1665 2846
4    59 2669 2696 2865
4   765  632 2171 2806
4   937 2348 1025 2820
4   644 1876 2285 2803
4  2792  263 1583 2892
4  1537 1404 2601 2769
4  2504 2824 1081  615
4  2494  964 1887 2810
4  2180 2786  460 1824
4  2694 2762 1752 2814
4  2722  171 1448  264
4    68 2269 1514 2815
4  2458  847 2726 2901
4  2857 2760 2668 2667
4    68 2815 1649 2827
4  2636 1387   37 2807
4  1974 1311 1089 2658
4  2588 2662  364 1640
4   685   91 1784 2777
4  2653 1818 2723 2914
4  1847  571 2504 2792
4  1900 2011  737 2785
4  1498 1426 1542 2712
4  2292 1998 2498 2689
4  2299 2344 1241 2869
4  1270  202   39 2722
4  2394  937 2439 2820
4   554  332 1699 2710
4   913 2278 2765 2828
4  1649  379   68 2827
4  2015 1997 2764 2767
4   208 2162 1082 2888
4   835 2655 2110  299
4  2588  320 1788 2710
4  2697 2614 2703 2920
4  1927 2713 2699 2787
4   100   56 1699 2710
4  1879 2737  881 2470
4  1520 1823  393 2689
4  2604 1844 2743 2824
4  1921 1260 2717 2838
4  2472 2035  792 2814
4  2553   94 1557 2842
4  1928 1004 2153 2678
4   100  188  144 2710
4   131   44 2802 2903
4   137 1519  287 2807
4  2360 2703 2869 2479
4   416 2180 1662 2689
4  1662  328  372 2689
4  1686 2763  864  586
4  1581 2796 1582 2824
4  1779 1823  819 2689
4  2658 2709 2721 2884
4  1840 1786 1932 2709
4  1487 1155 1969 2686
4  1408 1221  221 2837
4  2176 1260 1165 2838
4  1534 1490  747 2722
4  1999    3 2800 2893
4  1221 2558 1318 2837
4  1142  347 1083 2775
4   231 1438  996 2738
4  2020 2604 1837 2824
4   746  701 2836 2882
4  1066 1461 1532 2738
4  1873 1054 1010 2775
4  1581 2743 2796 2824
4  1297 2311 2772 2845
4  1577 2770 2774  580
4   500  117 2885 2921
4  1174 2661 2850 2888
4   187 1438 1507 2738
4   923  879  244 2775
4  1616 1175 2202 2917
4  1274 2779 2831  628
4  2670 2796 2716 2743
4  2543 2372 2680 2817
4  2684 1486 1442 1466
4   279 1422 2190 2713
4  2654 2668 2858 2886
4   123 1290  279 2713
4  2690 2748 2896 2911
4    45 2737 1039 2007
4  1585  309 1145 2853
4   576   28 1808 2031
4  2597  887 2791 2857
4  2150  643 2063 2687
4  1198  838  191 2736
4  1298 1475 2667 2857
4  2485 1435 1470 2895
4  2155  122  617 2868
4  1281 2430 1325 2880
4   777 2737 2758 2778
4   532 1832 1719  576
4  2010 2728 2277 1197
4  2391  135 1719  512
4  2363  292 2744  722
4  1903 1726 2804 2819
4  1551 2723 2844 1772
4  1285 1065  522 2869
4   193 1893  485 2736
4  1383  126 2668 2895
4  1958 1679 1723 2701
4   530 2756 2048 1810
4  1951  118  633 2700
4  1456 2811  464 1587
4  2711  676 1949 1906
4  1761  794  750 2736
4   316 1724 1680 2785
4  2793  715 2211 1367
4  1809 2840  269   71
4   265 2883 1496 1409
4   725 2734 2044 2849
4  2349  851 2200 2820
4  2108 2826 2827 2882
4  2147  313  511 1037
4  2808 2781 2836 2882
4   678 2744  292 2695
4  2781 1453 2837 2841
4  2736  838 1893 1198
4  2834  661 1013 1749
4   603 2771 2201 2834
4  2684 1442 2783 2865
4   918 2685 2808 2908
4  2883 1453 2841 1496
4   695 2164 2697 2920
4   221 2747 2837 2841
4  2108 2826 1190  836
4   627 2901  583 1770
4  2501  794 1198 2736
4   706 1673 1717 2736
4   391  265  266 2841
4   702  788  880 2882
4  2439 1025 2484 2820
4  2685 2507 2627  917
4   642  931 1513 2888
4  2224 2156  471 2834
4    71 1809 1477 1853
4  1453  221 2837 2841
4  2814 2881 2799 1697
4  1786 2739 1840 2076
4  1937  573 2024 2736
4  1477   71 1037  114
4   152 2580 1691 2707
4  1367  715  759 2793
4  2882  702 1265 1882
4  1409  266  265 2841
4  2774  389 2680    5
4  2019  789 1354 2750
4  2736 2113  882 1116
4  2827 2772 2656 2815
4  1718  310 2799 2841
4  2178 2135 2801 2812
4  1036 2787  444 2810
4   511   71  269 1037
4  1095 1289  409 2687
4  1981 2501 2682 2736
4   920 2739 2803 2687
4   882  838 1533 2736
4  2632 2913  296 1055
4  1470 1383 2668 2895
4   293 2282 2680 2817
4  2747  177 2758 2841
4  1285 2728 2869  522
4  2019  868  789 2750
4  1116 2113 2682 2736
4  1116  191  838 2736
4   114 1941 1477 2840
4  1749 2156 1132 2834
4   926  882 2024 2736
4   937  894 2303 2820
4  1961 2617 2741 2895
4  1849 1893 1198 2736
4  2152 2836 2678  801
4  1406 1407   87 2873
4  2394  894  937 2820
4   750  794 1981 2736
4  1815  407 1859 2819
4  1417  229  406 2819
4  1766 2853 1145 2832
4  1696  289 1353 2695
4  2686 2657 2711 2815
4   882 1937 2024 2736
4  2649  126 1435 2895
4  2501 1198  191 2736
4   469 2747 2737 1613
4  1411  464 1523 1456
4  2708 2656 2856 2905
4   706 2682 2736 1938
4  2820 2438 1069 2509
4   457 2297   16 2715
4   400  356 1499 1343
4   306 1713 2291 2716
4  2241  116 2273 2750
4  2770 2821 2854 2908
4  1726  407  406 2819
4   485 1893  441 2736
4   140  229 1417 2819
4  1157 2368  253 2820
4  2374 2658 1172 2859
4  1937  882 1533 2736
4  2439  510 2394 2820
4  1768 1724  404 2785
4  2872 1189  110  938
4  2082  851 2126 2847
4  2781  749 2799 2881
4   688 2680  741 2812
4  1961 2485 2617 2895
4  2792 1977 2796  473
4   996 2896 1594  231
4  1383 1435  126 2895
4  2684 2654 2741 2895
4  2113  926 2682 2736
4   854  640 2809 2912
4   750 1981 1938 2736
4  2227  894  850 2820
4  1411 2811 2607 1523
4  2548  419 1870 2691
4  2024 2593 2055 2736
4   573 2593 2024 2736
4  2873 2642 1541 1431
4  2703 2360 1418 2524
4   926 2024 2055 2736
4   701 2191  746 2836
4   706 2894 1673 2736
4  2916 2474 1458  562
4  2501  191 2682 2736
4  2513 2500  602 2790
4  2052 2767 2780 1710
4  1751  837 2737 2778
4  2820 2529 2573  660
4    31 1187 2768 2913
4   173 1757 1713 2716
4  1732  369  335 2715
4   134 1320  777 2778
4   173 1713  129 2716
4  2336 1522 2758 2778
4  1233 1707 2694 2778
4  2329 2230  822 2859
4  2680 2002  389 2812
4  2812   32 2759 2002
4   356 2811 1411 1456
4    32 2812 2759 2801
4   777 1320 2737 2778
4  2737 1123 2758 2778
4  1238 2833 1282 2706
4   179 2778 2694 2712
4    90 2185 1586 2778
4   871 2336 1751 2778
4  2381 2778  871 1751
4  2185  134 1630 2778
4  2185  514 1586 2778
4   425  777 2758 2778
4   256 1412 2371 2762
4   629  336 2755 2763

CELL_TYPES 8711
10
10
10
10
10
10
10
10
10
10
10
10
10
10
10
10
10
10
10
10
10
10
10
10
10
10
10
10
10
10
10
10
10
10
10
10
10
10
10
10
10
10
10
10
10
10
10
10
10
10
10
10
10
10
10
10
10
10
10
10
10
10
10
10
10
10
10
10
10
10
10
10
10
10
10
10
10
10
10
10
10
10
10
10
10
10
10
10
10
10
10
10
10
10
10
10
10
10
10
10
10
10
10
10
10
10
10
10
10
10
10
10
10
10
10
10
10
10
10
10
10
10
10
10
10
10
10
10
10
10
10
10
10
10
10
10
10
10
10
10
10
10
10
10
10
10
10
10
10
10
10
10
10
10
10
10
10
10
10
10
10
10
10
10
10
10
10
10
10
10
10
10
10
10
10
10
10
10
10
10
10
10
10
10
10
10
10
10
10
10
10
10
10
10
10
10
10
10
10
10
10
10
10
10
10
10
10
10
10
10
10
10
10
10
10
10
10
10
10
10
10
10
10
10
10
10
10
10
10
10
10
10
10
10
10
10
10
10
10
10
10
10
10
10
10
10
10
10
10
10
10
10
10
10
10
10
10
10
10
10
10
10
10
10
10
10
10
10
10
10
10
10
10
10
10
10
10
10
10
10
10
10
10
10
10
10
10
10
10
10
10
10
10
10
10
10
10
10
10
10
10
10
10
10
10
10
10
10
10
10
10
10
10
10
10
10
10
10
10
10
10
10
10
10
10
10
10
10
10
10
10
10
10
10
10
10
10
10
10
10
10
10
10
10
10
10
10
10
10
10
10
10
10
10
10
10
10
10
10
10
10
10
10
10
10
10
10
10
10
10
10
10
10
10
10
10
10
10
10
10
10
10
10
10
10
10
10
10
10
10
10
10
10
10
10
10
10
10
10
10
10
10
10
10
10
10
10
10
10
10
10
10
10
10
10
10
10
10
10
10
10
10
10
10
10
10
10
10
10
10
10
10
10
10
10
10
10
10
10
10
10
10
10
10
10
10
10
10
10
10
10
10
10
10
10
10
10
10
10
10
10
10
10
10
10
10
10
10
10
10
10
10
10
10
10
10
10
10
10
10
10
10
10
10
10
10
10
10
10
10
10
10
10
10
10
10
10
10
10
10
10
10
10
10
10
10
10
10
10
10
10
10
10
10
10
10
10
10
10
10
10
10
10
10
10
10
10
10
10
10
10
10
10
10
10
10
10
10
10
10
10
10
10
10
10
10
10
10
10
10
10
10
10
10
10
10
10
10
10
10
10
10
10
10
10
10
10
10
10
10
10
10
10
10
10
10
10
10
10
10
10
10
10
10
10
10
10
10
10
10
10
10
10
10
10
10
10
10
10
10
10
10
10
10
10
10
10
10
10
10
10
10
10
10
10
10
10
10
10
10
10
10
10
10
10
10
10
10
10
10
10
10
10
10
10
10
10
10
10
10
10
10
10
10
10
10
10
10
10
10
10
10
10
10
10
10
10
10
10
10
10
10
10
10
10
10
10
10
10
10
10
10
10
10
10
10
10
10
10
10
10
10
10
10
10
10
10
10
10
10
10
10
10
10
10
10
10
10
10
10
10
10
10
10
10
10
10
10
10
10
10
10
10
10
10
10
10
10
10
10
10
10
10
10
10
10
10
10
10
10
10
10
10
10
10
10
10
10
10
10
10
10
10
10
10
10
10
10
10
10
10
10
10
10
10
10
10
10
10
10
10
10
10
10
10
10
10
10
10
10
10
10
10
10
10
10
10
10
10
10
10
10
10
10
10
10
10
10
10
10
10
10
10
10
10
10
10
10
10
10
10
10
10
10
10
10
10
10
10
10
10
10
10
10
10
10
10
10
10
10
10
10
10
10
10
10
10
10
10
10
10
10
10
10
10
10
10
10
10
10
10
10
10
10
10
10
10
10
10
10
10
10
10
10
10
10
10
10
10
10
10
10
10
10
10
10
10
10
10
10
10
10
10
10
10
10
10
10
10
10
10
10
10
10
10
10
10
10
10
10
10
10
10
10
10
10
10
10
10
10
10
10
10
10
10
10
10
10
10
10
10
10
10
10
10
10
10
10
10
10
10
10
10
10
10
10
10
10
10
10
10
10
10
10
10
10
10
10
10
10
10
10
10
10
10
10
10
10
10
10
10
10
10
10
10
10
10
10
10
10
10
10
10
10
10
10
10
10
10
10
10
10
10
10
10
10
10
10
10
10
10
10
10
10
10
10
10
10
10
10
10
10
10
10
10
10
10
10
10
10
10
10
10
10
10
10
10
10
10
10
10
10
10
10
10
10
10
10
10
10
10
10
10
10
10
10
10
10
10
10
10
10
10
10
10
10
10
10
10
10
10
10
10
10
10
10
10
10
10
10
10
10
10
10
10
10
10
10
10
10
10
10
10
10
10
10
10
10
10
10
10
10
10
10
10
10
10
10
10
10
10
10
10
10
10
10
10
10
10
10
10
10
10
10
10
10
10
10
10
10
10
10
10
10
10
10
10
10
10
10
10
10
10
10
10
10
10
10
10
10
10
10
10
10
10
10
10
10
10
10
10
10
10
10
10
10
10
10
10
10
10
10
10
10
10
10
10
10
10
10
10
10
10
10
10
10
10
10
10
10
10
10
10
10
10
10
10
10
10
10
10
10
10
10
10
10
10
10
10
10
10
10
10
10
10
10
10
10
10
10
10
10
10
10
10
10
10
10
10
10
10
10
10
10
10
10
10
10
10
10
10
10
10
10
10
10
10
10
10
10
10
10
10
10
10
10
10
10
10
10
10
10
10
10
10
10
10
10
10
10
10
10
10
10
10
10
10
10
10
10
10
10
10
10
10
10
10
10
10
10
10
10
10
10
10
10
10
10
10
10
10
10
10
10
10
10
10
10
10
10
10
10
10
10
10
10
10
10
10
10
10
10
10
10
10
10
10
10
10
10
10
10
10
10
10
10
10
10
10
10
10
10
10
10
10
10
10
10
10
10
10
10
10
10
10
10
10
10
10
10
10
10
10
10
10
10
10
10
10
10
10
10
10
10
10
10
10
10
10
10
10
10
10
10
10
10
10
10
10
10
10
10
10
10
10
10
10
10
10
10
10
10
10
10
10
10
10
10
10
10
10
10
10
10
10
10
10
10
10
10
10
10
10
10
10
10
10
10
10
10
10
10
10
10
10
10
10
10
10
10
10
10
10
10
10
10
10
10
10
10
10
10
10
10
10
10
10
10
10
10
10
10
10
10
10
10
10
10
10
10
10
10
10
10
10
10
10
10
10
10
10
10
10
10
10
10
10
10
10
10
10
10
10
10
10
10
10
10
10
10
10
10
10
10
10
10
10
10
10
10
10
10
10
10
10
10
10
10
10
10
10
10
10
10
10
10
10
10
10
10
10
10
10
10
10
10
10
10
10
10
10
10
10
10
10
10
10
10
10
10
10
10
10
10
10
10
10
10
10
10
10
10
10
10
10
10
10
10
10
10
10
10
10
10
10
10
10
10
10
10
10
10
10
10
10
10
10
10
10
10
10
10
10
10
10
10
10
10
10
10
10
10
10
10
10
10
10
10
10
10
10
10
10
10
10
10
10
10
10
10
10
10
10
10
10
10
10
10
10
10
10
10
10
10
10
10
10
10
10
10
10
10
10
10
10
10
10
10
10
10
10
10
10
10
10
10
10
10
10
10
10
10
10
10
10
10
10
10
10
10
10
10
10
10
10
10
10
10
10
10
10
10
10
10
10
10
10
10
10
10
10
10
10
10
10
10
10
10
10
10
10
10
10
10
10
10
10
10
10
10
10
10
10
10
10
10
10
10
10
10
10
10
10
10
10
10
10
10
10
10
10
10
10
10
10
10
10
10
10
10
10
10
10
10
10
10
10
10
10
10
10
10
10
10
10
10
10
10
10
10
10
10
10
10
10
10
10
10
10
10
10
10
10
10
10
10
10
10
10
10
10
10
10
10
10
10
10
10
10
10
10
10
10
10
10
10
10
10
10
10
10
10
10
10
10
10
10
10
10
10
10
10
10
10
10
10
10
10
10
10
10
10
10
10
10
10
10
10
10
10
10
10
10
10
10
10
10
10
10
10
10
10
10
10
10
10
10
10
10
10
10
10
10
10
10
10
10
10
10
10
10
10
10
10
10
10
10
10
10
10
10
10
10
10
10
10
10
10
10
10
10
10
10
10
10
10
10
10
10
10
10
10
10
10
10
10
10
10
10
10
10
10
10
10
10
10
10
10
10
10
10
10
10
10
10
10
10
10
10
10
10
10
10
10
10
10
10
10
10
10
10
10
10
10
10
10
10
10
10
10
10
10
10
10
10
10
10
10
10
10
10
10
10
10
10
10
10
10
10
10
10
10
10
10
10
10
10
10
10
10
10
10
10
10
10
10
10
10
10
10
10
10
10
10
10
10
10
10
10
10
10
10
10
10
10
10
10
10
10
10
10
10
10
10
10
10
10
10
10
10
10
10
10
10
10
10
10
10
10
10
10
10
10
10
10
10
10
10
10
10
10
10
10
10
10
10
10
10
10
10
10
10
10
10
10
10
10
10
10
10
10
10
10
10
10
10
10
10
10
10
10
10
10
10
10
10
10
10
10
10
10
10
10
10
10
10
10
10
10
10
10
10
10
10
10
10
10
10
10
10
10
10
10
10
10
10
10
10
10
10
10
10
10
10
10
10
10
10
10
10
10
10
10
10
10
10
10
10
10
10
10
10
10
10
10
10
10
10
10
10
10
10
10
10
10
10
10
10
10
10
10
10
10
10
10
10
10
10
10
10
10
10
10
10
10
10
10
10
10
10
10
10
10
10
10
10
10
10
10
10
10
10
10
10
10
10
10
10
10
10
10
10
10
10
10
10
10
10
10
10
10
10
10
10
10
10
10
10
10
10
10
10
10
10
10
10
10
10
10
10
10
10
10
10
10
10
10
10
10
10
10
10
10
10
10
10
10
10
10
10
10
10
10
10
10
10
10
10
10
10
10
10
10
10
10
10
10
10
10
10
10
10
10
10
10
10
10
10
10
10
10
10
10
10
10
10
10
10
10
10
10
10
10
10
10
10
10
10
10
10
10
10
10
10
10
10
10
10
10
10
10
10
10
10
10
10
10
10
10
10
10
10
10
10
10
10
10
10
10
10
10
10
10
10
10
10
10
10
10
10
10
10
10
10
10
10
10
10
10
10
10
10
10
10
10
10
10
10
10
10
10
10
10
10
10
10
10
10
10
10
10
10
10
10
10
10
10
10
10
10
10
10
10
10
10
10
10
10
10
10
10
10
10
10
10
10
10
10
10
10
10
10
10
10
10
10
10
10
10
10
10
10
10
10
10
10
10
10
10
10
10
10
10
10
10
10
10
10
10
10
10
10
10
10
10
10
10
10
10
10
10
10
10
10
10
10
10
10
10
10
10
10
10
10
10
10
10
10
10
10
10
10
10
10
10
10
10
10
10
10
10
10
10
10
10
10
10
10
10
10
10
10
10
10
10
10
10
10
10
10
10
10
10
10
10
10
10
10
10
10
10
10
10
10
10
10
10
10
10
10
10
10
10
10
10
10
10
10
10
10
10
10
10
10
10
10
10
10
10
10
10
10
10
10
10
10
10
10
10
10
10
10
10
10
10
10
10
10
10
10
10
10
10
10
10
10
10
10
10
10
10
10
10
10
10
10
10
10
10
10
10
10
10
10
10
10
10
10
10
10
10
10
10
10
10
10
10
10
10
10
10
10
10
10
10
10
10
10
10
10
10
10
10
10
10
10
10
10
10
10
10
10
10
10
10
10
10
10
10
10
10
10
10
10
10
10
10
10
10
10
10
10
10
10
10
10
10
10
10
10
10
10
10
10
10
10
10
10
10
10
10
10
10
10
10
10
10
10
10
10
10
10
10
10
10
10
10
10
10
10
10
10
10
10
10
10
10
10
10
10
10
10
10
10
10
10
10
10
10
10
10
10
10
10
10
10
10
10
10
10
10
10
10
10
10
10
10
10
10
10
10
10
10
10
10
10
10
10
10
10
10
10
10
10
10
10
10
10
10
10
10
10
10
10
10
10
10
10
10
10
10
10
10
10
10
10
10
10
10
10
10
10
10
10
10
10
10
10
10
10
10
10
10
10
10
10
10
10
10
10
10
10
10
10
10
10
10
10
10
10
10
10
10
10
10
10
10
10
10
10
10
10
10
10
10
10
10
10
10
10
10
10
10
10
10
10
10
10
10
10
10
10
10
10
10
10
10
10
10
10
10
10
10
10
10
10
10
10
10
10
10
10
10
10
10
10
10
10
10
10
10
10
10
10
10
10
10
10
10
10
10
10
10
10
10
10
10
10
10
10
10
10
10
10
10
10
10
10
10
10
10
10
10
10
10
10
10
10
10
10
10
10
10
10
10
10
10
10
10
10
10
10
10
10
10
10
10
10
10
10
10
10
10
10
10
10
10
10
10
10
10
10
10
10
10
10
10
10
10
10
10
10
10
10
10
10
10
10
10
10
10
10
10
10
10
10
10
10
10
10
10
10
10
10
10
10
10
10
10
10
10
10
10
10
10
10
10
10
10
10
10
10
10
10
10
10
10
10
10
10
10
10
10
10
10
10
10
10
10
10
10
10
10
10
10
10
10
10
10
10
10
10
10
10
10
10
10
10
10
10
10
10
10
10
10
10
10
10
10
10
10
10
10
10
10
10
10
10
10
10
10
10
10
10
10
10
10
10
10
10
10
10
10
10
10
10
10
10
10
10
10
10
10
10
10
10
10
10
10
10
10
10
10
10
10
10
10
10
10
10
10
10
10
10
10
10
10
10
10
10
10
10
10
10
10
10
10
10
10
10
10
10
10
10
10
10
10
10
10
10
10
10
10
10
10
10
10
10
10
10
10
10
10
10
10
10
10
10
10
10
10
10
10
10
10
10
10
10
10
10
10
10
10
10
10
10
10
10
10
10
10
10
10
10
10
10
10
10
10
10
10
10
10
10
10
10
10
10
10
10
10
10
10
10
10
10
10
10
10
10
10
10
10
10
10
10
10
10
10
10
10
10
10
10
10
10
10
10
10
10
10
10
10
10
10
10
10
10
10
10
10
10
10
10
10
10
10
10
10
10
10
10
10
10
10
10
10
10
10
10
10
10
10
10
10
10
10
10
10
10
10
10
10
10
10
10
10
10
10
10
10
10
10
10
10
10
10
10
10
10
10
10
10
10
10
10
10
10
10
10
10
10
10
10
10
10
10
10
10
10
10
10
10
10
10
10
10
10
10
10
10
10
10
10
10
10
10
10
10
10
10
10
10
10
10
10
10
10
10
10
10
10
10
10
10
10
10
10
10
10
10
10
10
10
10
10
10
10
10
10
10
10
10
10
10
10
10
10
10
10
10
10
10
10
10
10
10
10
10
10
10
10
10
10
10
10
10
10
10
10
10
10
10
10
10
10
10
10
10
10
10
10
10
10
10
10
10
10
10
10
10
10
10
10
10
10
10
10
10
10
10
10
10
10
10
10
10
10
10
10
10
10
10
10
10
10
10
10
10
10
10
10
10
10
10
10
10
10
10
10
10
10
10
10
10
10
10
10
10
10
10
10
10
10
10
10
10
10
10
10
10
10
10
10
10
10
10
10
10
10
10
10
10
10
10
10
10
10
10
10
10
10
10
10
10
10
10
10
10
10
10
10
10
10
10
10
10
10
10
10
10
10
10
10
10
10
10
10
10
10
10
10
10
10
10
10
10
10
10
10
10
10
10
10
10
10
10
10
10
10
10
10
10
10
10
10
10
10
10
10
10
10
10
10
10
10
10
10
10
10
10
10
10
10
10
10
10
10
10
10
10
10
10
10
10
10
10
10
10
10
10
10
10
10
10
10
10
10
10
10
10
10
10
10
10
10
10
10
10
10
10
10
10
10
10
10
10
10
10
10
10
10
10
10
10
10
10
10
10
10
10
10
10
10
10
10
10
10
10
10
10
10
10
10
10
10
10
10
10
10
10
10
10
10
10
10
10
10
10
10
10
10
10
10
10
10
10
10
10
10
10
10
10
10
10
10
10
10
10
10
10
10
10
10
10
10
10
10
10
10
10
10
10
10
10
10
10
10
10
10
10
10
10
10
10
10
10
10
10
10
10
10
10
10
10
10
10
10
10
10
10
10
10
10
10
10
10
10
10
10
10
10
10
10
10
10
10
10
10
10
10
10
10
10
10
10
10
10
10
10
10
10
10
10
10
10
10
10
10
10
10
10
10
10
10
10
10
10
10
10
10
10
10
10
10
10
10
10
10
10
10
10
10
10
10
10
10
10
10
10
10
10
10
10
10
10
10
10
10
10
10
10
10
10
10
10
10
10
10
10
10
10
10
10
10
10
10
10
10
10
10
10
10
10
10
10
10
10
10
10
10
10
10
10
10
10
10
10
10
10
10
10
10
10
10
10
10
10
10
10
10
10
10
10
10
10
10
10
10
10
10
10
10
10
10
10
10
10
10
10
10
10
10
10
10
10
10
10
10
10
10
10
10
10
10
10
10
10
10
10
10
10
10
10
10
10
10
10
10
10
10
10
10
10
10
10
10
10
10
10
10
10
10
10
10
10
10
10
10
10
10
10
10
10
10
10
10
10
10
10
10
10
10
10
10
10
10
10
10
10
10
10
10
10
10
10
10
10
10
10
10
10
10
10
10
10
10
10
10
10
10
10
10
10
10
10
10
10
10
10
10
10
10
10
10
10
10
10
10
10
10
10
10
10
10
10
10
10
10
10
10
10
10
10
10
10
10
10
10
10
10
10
10
10
10
10
10
10
10
10
10
10
10
10
10
10
10
10
10
10
10
10
10
10
10
10
10
10
10
10
10
10
10
10
10
10
10
10
10
10
10
10
10
10
10
10
10
10
10
10
10
10
10
10
10
10
10
10
10
10
10
10
10
10
10
10
10
10
10
10
10
10
10
10
10
10
10
10
10
10
10
10
10
10
10
10
10
10
10
10
10
10
10
10
10
10
10
10
10
10
10
10
10
10
10
10
10
10
10
10
10
10
10
10
10
10
10
10
10
10
10
10
10
10
10
10
10
10
10
10
10
10
10
10
10
10
10
10
10
10
10
10
10
10
10
10
10
10
10
10
10
10
10
10
10
10
10
10
10
10
10
10
10
10
10
10
10
10
10
10
10
10
10
10
10
10
10
10
10
10
10
10
10
10
10
10
10
10
10
10
10
10
10
10
10
10
10
10
10
10
10
10
10
10
10
10
10
10
10
10
10
10
10
10
10
10
10
10
10
10
10
10
10
10
10
10
10
10
10
10
10
10
10
10
10
10
10
10
10
10
10
10
10
10
10
10
10
10
10
10
10
10
10
10
10
10
10
10
10
10
10
10
10
10
10
10
10
10
10
10
10
10
10
10
10
10
10
10
10
10
10
10
10
10
10
10
10
10
10
10
10
10
10
10
10
10
10
10
10
10
10
10
10
10
10
10
10
10
10
10
10
10
10
10
10
10
10
10
10
10
10
10
10
10
10
10
10
10
10
10
10
10
10
10
10
10
10
10
10
10
10
10
10
10
10
10
10
10
10
10
10
10
10
10
10
10
10
10
10
10
10
10
10
10
10
10
10
10
10
10
10
10
10
10
10
10
10
10
10
10
10
10
10
10
10
10
10
10
10
10
10
10
10
10
10
10
10
10
10
10
10
10
10
10
10
10
10
10
10
10
10
10
10
10
10
10
10
10
10
10
10
10
10
10
10
10
10
10
10
10
10
10
10
10
10
10
10
10
10
10
10
10
10
10
10
10
10
10
10
10
10
10
10
10
10
10
10
10
10
10
10
10
10
10
10
10
10
10
10
10
10
10
10
10
10
10
10
10
10
10
10
10
10
10
10
10
10
10
10
10
10
10
10
10
10
10
10
10
10
10
10
10
10
10
10
10
10
10
10
10
10
10
10
10
10
10
10
10
10
10
10
10
10
10
10
10
10
10
10
10
10
10
10
10
10
10
10
10
10
10
10
10
10
10
10
10
10
10
10
10
10
10
10
10
10
10
10
10
10
10
10
10
10
10
10
10
10
10
10
10
10
10
10
10
10
10
10
10
10
10
10
10
10
10
10
10
10
10
10
10
10
10
10
10
10
10
10
10
10
10
10
10
10
10
10
10
10
10
10
10
10
10
10
10
10
10
10
10
10
10
10
10
10
10
10
10
10
10
10
10
10
10
10
10
10
10
10
10
10
10
10
10
10
10
10
10
10
10
10
10
10
10
10
10
10
10
10
10
10
10
10
10
10
10
10
10
10
10
10
10
10
10
10
10
10
10
10
10
10
10
10
10
10
10
10
10
10
10
10
10
10
10
10
10
10
10
10
10
10
10
10
10
10
10
10
10
10
10
10
10
10
10
10
10
10
10
10
10
10
10
10
10
10
10
10
10
10
10
10
10
10
10
10
10
10
10
10
10
10
10
10
10
10
10
10
10
10
10
10
10
10
10
10
10
10
10
10
10
10
10
10
10
10
10
10
10
10
10
10
10
10
10
10
10
10
10
10
10
10
10
10
10
10
10
10
10
10
10
10
10
10
10
10
10
10
10
10
10
10
10
10
10
10
10
10
10
10
10
10
10
10
10
10
10
10
10
10
10
10
10
10
10
10
10
10
10
10
10
10
10
10
10
10
10
10
10
10
10
10
10
10
10
10
10
10
10
10
10
10
10
10
10
10
10
10
10
10
10
10
10
10
10
10
10
10
10
10
10
10
10
10
10
10
10
10
10
10
10
10
10
10
10
10
10
10
10
10
10
10
10
10
10
10
10
10
10
10
10
10
10
10
10
10
10
10
10
10
10
10
10
10
10
10
10
10
10
10
10
10
10
10
10
10
10
10
10
10
10
10
10
10
10
10
10
10
10
10
10
10
10
10
10
10
10
10
10
10
10
10
10
10
10
10
10
10
10
10
10
10
10
10
10
10
10
10
10
10
10
10
10
10
10
10
10
10
10
10
10
10
10
10
10
10
10
10
10
10
10
10
10
10
10
10
10
10
10
10
10
10
10
10
10
10
10
10
10
10
10
10
10
10
10
10
10
10
10
10
10
10
10
10
10
10
10
10
10
10
10
10
10
10
10
10
10
10
10
10
10
10
10
10
10
10
10
10
10
10
10
10
10
10
10
10
10
10
10
10
10
10
10
10
10
10
10
10
10
10
10
10
10
10
10
10
10
10
10
10
10
10
10
10
10
10
10
10
10
10
10
10
10
10
10
10
10
10
10
10
10
10
10
10
10
10
10
10
10
10
10
10
10
10
10
10
10
10
10
10
10
10
10
10
10
10
10
10
10
10
10
10
10
10
10
10
10
10
10
10
10
10
10
10
10
10
10
10
10
10
10
10
10
10
10
10
10
10
10
10
10
10
10
10
10
10
10
10
10
10
10
10
10
10
10
10
10
10
10
10
10
10
10
10
10
10
10
10
10
10
10
10
10
10
10
10
10
10
10
10
10
10
10
10
10
10
10
10
10
10
10
10
10
10
10
10
10
10
10
10
10
10
10
10
10
10
10
10
10
10
10
10
10
10
10
10
10
10
10
10
10
10
10
10
10
10
10
10
10
10
10
10
10
10
10
10
10
10
10
10
10
10
10
10
10
10
10
10
10
10
10
10
10
10
10
10
10
10
10
10
10
10
10
10
10
10
10
10
10
10
10
10
10
10
10
10
10
10
10
10
10
10
10
10
10
10
10
10
10
10
10
10
10
10
10
10
10
10
10
10
10
10
10
10
10
10
10
10
10
10
10
10
10
10
10
10
10
10
10
10
10
10
10
10
10
10
10
10
10
10
10
10
10
10
10
10
10
10
10
10
10
10
10
10
10
10
10
10
10
10
10
10
10
10
10
10
10
10
10
10
10
10
10
10
10
10
10
10
10
10
10
10
10
10
10
10
10
10
10
10
10
10
10
10
10
10
10
10
10
10
10
10
10
10
10
10
10
10
10
10
10
10
10
10
10
10
10
10
10
10
10
10
10
10
10
10
10
10
10
10
10
10
10
10
10
10
10
10
10
10
10
10
10
10
10
10
10
10
10
10
10
10
10
10
10
10
10
10
10
10
10
10
10
10
10
10
10
10
10
10
10
10
10
10
10
10
10
10
10
10
10
10
10
10
10
10
10
10
10
10
10
10
10
10
10
10
10
10
10
10
10
10
10
10
10
10
10
10
10
10
10
10
10
10
10
10
10
10
10
10
10
10
10
10
10
10
10
10
10
10
10
10
10
10
10
10
10
10
10
10
10
10
10
10
10
10
10
10
10
10
10
10
10
10
10
10
10
10
10
10
10
10
10
10
10
10
10
10
10
10
10
10
10
10
10
10
10
10
10
10
10
10
10
10
10
10
10
10
10
10
10
10
10
10
10
10
10
10
10
10
10
10
10
10
10
10
10
10
10
10
10
10
10
10
10
10
10
10
10
10
10
10
10
10
10
10
10
10
10
10
10
10
10
10
10
10
10
10
10
10
10
10
10
10
10
10
10
10
10
10
10
10
10
10
10
10
10
10
10
10
10
10
10
10
10
10
10
10
10
10
10
10
10
10
10
10
10
10
10
10
10
10
10
10
10
10
10
10
10
10
10
10
10
10
10
10
10
10
10
10
10
10
10
10
10
10
10
10
10
10
10
10
10
10
10
10
10
10
10
10
10
10
10
10
10
10
10
10
10
10
10
10
10
10
10
10
10
10
10
10
10
10
10
10
10
10
10
10
10
10
10
10
10
10
10
10
10
10
10
10
10
10
10
10
10
10
10
10
10
10
10
10
10
10
10
10
10
10
10
10
10
10
10
10
10
10
10
10
10
10
10
10
10
10
10
10
10
10
10
10
10
10
10
10
10
10
10
10
10
10
10
10
10
10
10
10
10
10
10
10
10
10
10
10
10
10
10
10
10
10
10
10
10
10
10
10
10
10
10
10
10
10
10
10
10
10
10
10
10
10
10
10
10
10
10
10
10
10
10
10
10
10
10
10
10
10
10
10
10
10
10
10
10
10
10
10
10
10
10
10
10
10
10
10
10
10
10
10
10
10
10
10
10
10
10
10
10
10
10
10
10
10
10
10
10
10
10
10
10
10
10
10
10
10
10
10
10
10
10
10
10
10
10
10
10
10
10
10
10
10
10
10
10
10
10
10
10
10
10
10
10
10
10
10
10
10
10
10
10
10
10
10
10
10
10
10
10
10
10
10
10
10
10
10
10
10
10
10
10
10
10
10
10
10
10
10
10
10
10
10
10
10
10
10
10
10
10
10
10
10
10
10
10
10
10
10
10
10
10
10
10
10
10
10
10
10
10
10
10
10
10
10
10
10
10
10
10
10
10
10
10
10
10
10
10
10
10
10
10
10
10
10
10
10
10
10
10
10
10
10
10
10
10
10
10
10
10
10
10
10
10
10
10
10
10
10
10
10
10
10
10
10
10
10
10
10
10
10
10
10
10
10
10
10
10
10
10
10
10
10
10
10
10
10
10
10
10
10
10
10
10
10
10
10
10
10
10
10
10
10
10
10
10
10
10
10
10
10
10
10
10
10
10
10
10
10
10
10
10
10
10
10
10
10
10
10
10
10
10
10
10
10
10
10
10
10
10
10
10
10
10
10
10
10
10
10
10
10
10
10
10
10
10
10
10
10
10
10
10
10
10
10
10
10
10
10
10
10
10
10
10
10
10
10
10
10
10
10
10
10
10
10
10
10
10
10
10
10
10
10
10
10
10
10
10
10
10
10
10
10
10
10
10
10
10
10
10
10
10
10
10
10
10
10
10
10
10
10
10
10
10
10
10
10
10
10
10
10
10
10
10
10
10
10
10
10
10
10
10
10
10
10
10
10
10
10
10
10
10
10
10
10
10
10
10
10
10
10
10
10
10
10
10
10
10
10
10
10
10
10
10
10
10
10
10
10
10
10
10
10
10
10
10
10
10
10
10
10
10
10
10
10
10
10
10
10
10
10
10
10
10
10
10
10
10
10
10
10
10
10
10
10
10
10
10
10
10
10
10
10
10
10
10
10
10
10
10
10
10
10
10
10
10
10
10
10
10
10
10
10
10
10
10
10
10
10
10
10
10
10
10
10
10
10
10
10
10
10
10
10
10
10
10
10
10
10
10
10
10
10
10
10
10
10
10
10
10
10
10
10
10
10
10
10
10
10
10
10
10
10
10
10
10
10
10
10
10
10
10
10
10
10
10
10
10
10
10
10
10
10
10
10
10
10
10
10
10
10
10
10
10
10
10
10
10
10
10
10
10
10
10
10
10
10
10
10
10
10
10
10
10
10
10
10
10
10
10
10
10
10
10
10
10
10
10
10
10
10
10
10
10
10
10
10
10
10
10
10
10
10
10
10
10
10
10
10
10
10
10
10
10
10
10
10
10
10
10
10
10
10
10
10
10
10
10
10
10
10
10
10
10
10
10
10
10
10
10
10
10
10
10
10
10
10
10
10
10
10
10
10
10
10
10
10
10
10
10
10
10
10
10
10
10
10
10
10
10
10
10
10
10
10
10
10
10
10
10
10
10
10
10
10
10
10
10
10
10
10
10
10
10
10
10
10
10
10
10
10
10
10
10
10
10
10
10
10
10
10
10
10
10
10
10
10
10
10
10
10
10
10
10
10
10
10
10
10
10
10
10
10
10
10
10
10
10
10
10
10
10
10
10
10
10
10
10
10
10
10
10
10
10
10
10
10
10
10
10
10
10
10
10
10
10
10
10
10
10
10
10
10
10
10
10
10
10
10
10
10
10
10
10
10
10
10
10
10
10
10
10
10
10
10
10
10
10
10
10
10
10
10
10
10
10
10
10
10
10
10
10
10
10
10
10
10
10
10
10
10
10
10
10
10
10
10
10
10
10
10
10
10
10
10
10
10
10
10
10
10
10
10
10
10
10
10
10
10
10
10
10
10
10
10
10
10
10
10
10
10
10
10
10
10
10
10
10
10
10
10
10
10
10
10
10
10
10
10
10
10
10
10
10
10
10
10
10
10
10
10
10
10
10
10
10
10
10
10
10
10
10
10
10
10
10
10
10
10
10
10
10
10
10
10
10
10
10
10
10
10
10
10
10
10
10
10
10
10
10
10
10
10
10
10
10
10
10
10
10
10
10
10
10
10
10
10
10
10
10
10
10
10
10
10
10
10
10
10
10
10
10
10
10
10
10
10
10
10
10
10
10
10
10
10
10
10
10
10
10
10
10
10
10
10
10
10
10
10
10
10
10
10
10
10
10
10
10
10
10
10
10
10
10
10
10
10
10
10
10
10
10
10
10
10
10
10
10
10
10
10
10
10
10
10
10
10
10
10
10
10
10
10
10
10
10
10
10
10
10
10
10
10
10
10
10
10
10
10
10
10
10
10
10
10
10
10
10
10
10
10
10
10
10
10
10
10
10
10
10
10
10
10
10
10
10
10
10
10
10
10
10
10
10
10
10
10
10
10
10
10
10
10
10
10
10
10
10
10
10
10
10
10
10
10
10
10
10
10
10
10
10
10
10
10
10
10
10
10
10
10
10
10
10
10
10
10
10
10
10
10
10
10
10
10
10
10
10
10
10
10
10
10
10
10
10
10
10
10
10
10
10
10
10
10
10
10
10
10
10
10
10
10
10
10
10
10
10
10
10
10
10
10
10
10
10
10
10
10
10
10
10
10
10
10
10
10
10
10
10
10
10
10
10
10
10
10
10
10
10
10
10
10
10
10
10
10
10
10
10
10
10
10
10
10
10
10
10
10
10
10
10
10
10
10
10
10
10
10
10
10
10
10
10
10
10
10
10
10
10
10
10
10
10
10
10
10
10
10
10
10
10
10
10
10
10
10
10
10
10
10
10
10
10
10
10
10
10
10
10
10
10
10
10
10
10
10
10
10
10
10
10
10
10
10
10
10
10
10
10
10
10
10
10
10
10
10
10
10
10
10
10
10
10
10
10
10
10
10
10
10
10
10
10
10
10
10
10
10
10
10
10
10
10
10
10
10
10
10
10
10
10
10
10
10
10
10
10
10
10
10
10
10
10
10
10
10
10
10
10
10
10
10
10
10
10
10
10
10
10
10
10
10
10
10
10
10
10
10
10
10
10
10
10
10
10
10
10
10
10
10
10
10
10
10
10
10
10
10
10
10
10
10
10
10
10
10
10
10
10
10
10
10
10
10
10
10
10
10
10
10
10
10
10
10
10
10
10
10
10
10
10
10
10
10
10
10
10
10
10
10
10
10
10
10
10
10
10
10
10
10
10
10
10
10
10
10
10
10
10
10
10
10
10
10
10
10
10
10
10
10
10
10
10
10
10
10
10
10
10
10
10
10
10
10
10
10
10
10
10
10
10
10
10
10
10
10
10
10
10
10
10
10
10
10
10
10
10
10
10
10
10
10
10
10
10
10
10
10
10
10
10
10
10
10
10
10
10
10
10
10
10
10
10
10
10
10
10
10
10
10
10
10
10
10
10
10
10
10
10
10
10
10
10
10
10
10
10
10
10
10
10
10
10
10
10
10
10
10
10
10
10
10
10
10
10
10
10
10
10
10
10
10
10
10
10
10
10
10
10
10
10
10
10
10
10
10
10
10
10
10
10
10
10
10
10
10
10
10
10
10
10
10
10
10
10
10
10
10
10
10
10
10
10
10
10
10
10
10
10
10
10
10
10
10
10
10
10
10
10
10
10
10
10
10
10
10
10
10
10
10
10
10
10
10
10
10
10
10
10
10
10
10
10
10
10
10
10
10
10
10
10
10
10
10
10
10
10
10
10
10
10
10
10
10
10
10
10
10
10
10
10
10
10
10
10
10
10
10
10
10
10
10
10
10
10
10
10
10
10
10
10
10
10
10
10
10
10
10
10
10
10
10
10
10
10
10
10
10
10
10
10
10
10
10
10
10
10
10
10
10
10
10
10
10
10
10
10
10
10
10
10
10
10
10
10
10
10
10
10
10
10
10
10
10
10
10
10
10
10
10
10
10
10
10
10
10
10
10
10
10
10
10
10
10
10
10
10
10
10
10
10
10
10
10
10
10
10
10
10
10
10
10
10
10
10
10
10
10
10
10
10
10
10
10
10
10
10
10
10
10
10
10
10
10
10
10
10
10
10
10
10
10
10
10
10
10
10
10
10
10
10
10
10
10
10
10
10
10
10
10
10
10
10
10
10
10
10
10
10
10
10
10
10
10
10
10
10
10
10
10
10
10
10
10
10
10
10
10
10
10
10
10
10
10
10
10
10
10
10
10
10
10
10
10
10
10
10
10
10
10
10
10
10
10
10
10
10
10
10
10
10
10
10
10
10
10
10
10
10
10
10
10
10
10
10
10
10
10
10
10
10
10
10
10
10
10
10
10
10
10
10
10
10
10
10
10
10
10
10
10
10
10
10
10
10
10
10
10
10
10
10
10
10
10
10
10
10
10
10
10
10
10
10
10
10
10
10
10
10
10
10
10
10
10
10
10
10
10
10
10
10
10
10
10
10
10
10
10
10
10
10
10
10
10
10
10
10
10
10
10
10
10
10
10
10
10
10
10
10
10
10
10
10
10
10
10
10
10
10
10
10
10
10
10
10
10
10
10
10
10
10
10
10
10
10
10
10
10
10
10
10
10
10
10
10
10
10
10
10
10
10
10
10
10
10
10
10
10
10
10
10
10
10
10
10
10
10
10
10
10
10
10
10
10
10
10
10
10
10
10
10
10
10
10
10
10
10
10
10
10
10
10
10
10
10
10
10
10
10
10
10
10
10
10
10
10
10
10
10
10
10
10
10
10
10
10
10
10
10
10
10
10
10
10
10
10
10
10
10
10
10
10
10
10
10
10
10
10
10
10
10
10
10
10
10
10
10
10
10
10
10
10
10
10
10
10
10
10
10
10
10
10
10
10
10
10
10
10
10
10
10
10
10
10
10
10
10
10
10
10
10
10
10
10
10
10
10
10
10
10
10
10
10
10
10
10
10
10
10
10
10
10
10
10
10
10
10
10
10
10
10
10
10
10
10
10
10
10
10
10
10
10
10
10
10
10
10
10
10
10
10
10
10
10
10
10
10
10
10
10
10
10
10
10
10
10
10
10
10
10
10
10
10
10
10
10
10
10
10
10
10
10
10
10
10
10
10
10
10
10
10
10
10
10
10
10
10
10
10
10
10
10
10
10
10
10
10
10
10
10
10
10
10
10
10
10
10
10
10
10
10
10
10
10
10
10
10
10
10
10
10
10
10
10
10
10
10
10
10
10
10
10
10
10
10
10
10
10
10
10
10
10
10
10
10
10
10
10
10
10
10
10
10
10
10
10
10
10
10
10
10
10
10
10
10
10
10
10
10
10
10
10
10
10
10
10
10
10
10
10
10
10
10
10
10
10
10
10
10
10
10
10
10
10
10
10
10
10
10
10
10
10
10
10
10
10
10
10
10
10
10
10
10
10
10
10
10
10
10
10
10
10
10
10
10
10
10
10
10
10
10
10
10
10
10
10
10
10
10
10
10
10
10
10
10
10
10
10
10
10
10
10
10
10
10
10
10
10
10
10
10
10
10
10
10
10
10
10
10
10
10
10
10
10
10
10
10
10
10
10
10
10
10
10
10
10
10
10
10
10
10
10
10
10
10
10
10
10
10
10
10
10
10
10
10
10
10
10
10
10
10
10
10
10
10
10
10
10
10
10
10
10
10
10
10
10
10
10
10
10
10
10
10
10
10
10
10
10
10
10
10
10
10
10
10
10
10
10
10
10
10
10
10
10
10
10
10
10
10
10
10
10
10
10
10
10
10
10
10
10
10
10
10
10
10
10
10
10
10
10
10
10
10
10
10
10
10
10
10
10
10
10
10
10
10
10
10
10
10
10
10
10
10
10
10
10
10
10
10
10
10
10
10
10
10
10
10
10
10
10
10
10
10
10
10
10
10
10
10
10
10
10
10
10
10
10
10
10
10
10
10
10
10
10
10
10
10
10
10
10
10
10
10
10
10
10
10
10
10
10
10
10
10
10
10
10
10
10
10
10
10
10
10
10
10
10
10
10
10
10
10
10
10
10
10
10
10
10
10
10
10
10
10
10
10
10
10
10
10
10
10
10
10
10
10
10
10
10
10
10
10
10
10
10
10
10
10
10
10
10
10
10
10
10
10
10
10
10
10
10
10
10
10
10
10
10
10
10
10
10
10
10
10
10
10
10
10
10
10
10
10
10
10
10
10
10
10
10
10
10
10
10
10
10
10
10
10
10
10
10
10
10
10
10
10
10
10
10
10
10
10
10
10
10
10
10
10
10
10
10
10
10
10
10
10
10
10
10
10
10
10
10
10
10
10
10
10
10
10
10
10
10
10
10
10
10
10
10
10
10
10
10
10
10
10
10
10
10
10
10
10
10
10
10
10
10
10
10
10
10
10
10
10
10
10
10
10
10
10
10
10
10
10
10
10
10
10
10
10
10
10
10
10
10
10
10
10
10
10
10
10
10
10
10
10
10
10
10
10
10
10
10
10
10
10
10
10
10
10
10
10
10
10
10
10
10
10
10
10
10
10
10
10
10
10
10
10
10
10
10
10
10
10
10
10
10
10
10
10
10
10
10
10
10
10
10
10
10
10
10
10
10
10
10
10
10
10
10
10
10
10
10
10
10
10
10
10
10
10
10
10
10
10
10
10
10

