ply
format ascii 1.0
comment Created in Blender version 5.0.0
element vertex 2651
property float x
property float y
property float z
element face 5298
property list uchar uint vertex_indices
end_header
-4.2394 -2.4147003 -2.9183998
-7.3918 4.7889996 -5.9066005
7.7238 -1.1484002 -3.2815
-4.999 3.2739997 -3.0672002
-6.1461 3.1456997 -3.1591003
-6.8146 -1.1578004 -6.1565
-6.513 -6.8788004 -4.9921994
-2.7587 -1.1479 -0.1808999
-1.4842 -4.5172 -2.8987997
-0.3551 -3.2464998 1.7139002
-0.2358 -3.2241006 -6.1366997
1.9207 -1.9753995 6.1399
3.5014 -0.3943002 -2.3379
0.9516 -2.8539 0.35890022
6.1515 1.9819998 -3.1141002
5.5747 5.0881996 -6.1341004
-2.2828 9.1051 -4.5666003
-4.8936 -5.7893996 5.5880003
-0.6176 5.1053004 6.1792994
-1.6657 4.8655005 6.1792994
4.7613 -5.8847995 5.6018004
-6.1894 4.6079006 5.2333994
-5.74 2.5029001 3.2198997
-2.9095 0.6621 -0.33160007
0.1427 -0.81810045 -6.0419
-0.5252 9.0771 -4.0364003
9.1619 2.3536994 -4.9213
4.7794 7.5151997 -5.8604007
5.4646 -5.4797006 -3.2693994
-2.2506 5.5543 -3.0688004
-4.3353 5.3737993 -3.1591005
0.3685 -9.3872 -4.5840993
-8.1515 0.39939955 -6.0622
-3.9854 -4.1728997 6.1521006
2.5911 3.6332004 6.1756997
-6.1971 3.0676994 -6.1565
3.7387 -0.31230047 -6.1499
-6.123 -0.04139976 3.1943
-5.0157 -1.1250995 6.1793
-5.9288 -2.6592999 3.2783003
-2.473 -1.681 -0.10189987
-4.4803 8.3343 -5.1277003
-2.6362 -3.9243002 -2.8921998
-1.4159 -3.8167002 -2.6964998
-0.7002 -3.9188998 2.7295003
0.8645 -8.147 -3.3646994
2.5173 -7.7834005 -3.3596995
4.2471 -8.3395 -5.4700994
3.3063 3.7954996 -6.1739006
1.0059 5.0543995 -6.1744003
2.1766 -0.9901995 6.1282
3.14 -0.9435999 1.7713001
2.9066 -0.9340001 -1.1631999
4.2505 0.47049978 -2.7565
5.1517 1.6029998 -2.9977002
7.6592 4.3758993 -3.7212002
6.3919 5.7790995 -6.0004005
-2.4703 1.9824998 -1.6116002
-3.7268 4.2964997 -6.1767006
1.0379 3.6244004 6.1715994
-0.0476 6.3897996 -6.1754003
-0.4965 3.7223005 6.1710997
-1.2608 3.5373006 6.1710997
7.9673 4.9623995 -4.5644007
1.5053 9.2974 -4.6475005
-5.8191 4.2724004 5.9117994
-6.3038 2.8047001 3.4401999
-3.033 0.6682001 1.0685
-0.862 0.44269955 -6.0485
0.6595 8.9931 -3.9331007
-4.2894 -1.0296998 2.9069
7.5206 -4.9550004 -5.8132997
-1.2239 -7.6401005 -3.2691996
-0.9313 5.8762 -3.0646005
-3.127 6.1585994 -3.1594005
4.0959 6.2818003 4.1811996
-2.1401 7.8741994 -6.0624003
-4.7636 -3.2582996 6.1521006
4.3092 -1.3734995 6.176
-0.4353 6.9206996 -6.1557007
3.4101 -1.9178004 -6.154
-7.2393 0.12970029 3.7593
-2.3199 -0.7276995 6.1298
-6.6036 -2.8625998 3.7032003
-2.5052 -1.8481998 1.1206001
-3.6911 -4.2744 3.1259003
-2.0181 -3.5330002 -2.6944997
-1.1165 -2.8358 -1.1564997
-0.4652 -4.4505 2.9199002
0.7554 -7.2851005 -3.2003996
2.2537 -6.9686003 -3.2003996
4.7205 -8.0571 -4.4390993
4.5322 -8.3191 -4.9955997
2.2539 -1.7129005 -6.125
-2.746 -1.2744 0.5262001
3.3521 -1.5099998 2.4878
2.9119 -0.7346 0.28590006
3.272 0.027199857 -1.9028
3.936 1.0484997 -2.6973
7.1465 4.1280994 -3.3893003
6.769 6.1292996 -5.7488003
4.1864 6.4678006 4.8186994
0.8404 1.3782995 -6.0778
-4.7619 5.8842006 5.6018996
-0.049 7.5532994 -6.1339006
5.8842 4.7617006 5.6021996
-5.0709 -7.9095006 -4.5878997
-6.9822 1.5774002 3.6557
1.2513 4.3484 -2.8317003
-5.366 3.6214006 6.0994997
1.9808 7.2925005 5.6215997
-3.461 0.56880015 2.3091
-9.2675 -1.7288004 -4.6836
0.5242 -9.0862 -4.0485997
7.8971 -5.2059007 -4.9175997
-9.0122 -0.30400044 -5.8087
-5.4799 -5.4668007 -3.2696996
0.3584 5.9831 -3.0689006
-1.0688 6.8188996 -3.1589005
-0.3476 1.6604005 6.0954
0.3973 8.0805 -6.0721006
-5.4415 1.9496005 6.1517
0.0925 -4.5220995 6.1760006
0.9932 6.8521996 -6.1561003
-0.0083 -3.0663 0.7872002
-7.5348 -0.21959968 4.2575
-0.9221 0.28470045 6.0584
-6.9311 -3.1366997 4.4277
-3.0396 -1.8068999 2.3519003
-4.151 -4.6718993 3.2167003
-1.6299 -2.7437003 -1.6927998
-1.1709 -3.6035998 2.5969002
-0.4717 -5.6389 3.1276004
0.6636 -6.4238 -3.1135995
2.0106 -6.1367 -3.1134996
4.1035 -7.0909004 -3.3645995
-4.8576 5.9483004 4.6509995
-7.4433 1.2072005 5.646
1.19 -1.0135005 -6.0759
4.6724 -1.6815997 3.0293002
3.2949 -0.18799986 1.8443
2.9914 -0.04760001 -0.0956
3.3429 1.0934999 -2.3253
6.3478 3.6527998 -3.2004004
6.6814 6.6174994 -5.3604007
4.2668 1.0665995 -6.1665
2.0037 4.1415997 -6.1717005
3.5926 2.0528002 2.7949998
0.0376 8.6066 -6.0017004
0.0406 1.5612996 -6.0758
-4.7106 -8.2139 -4.9096994
-3.7538 5.0325994 -6.1793003
-4.7403 4.2279997 -6.1768003
-4.2029 2.9667006 6.1793
-6.818 2.9447002 4.0446
-4.1577 1.4644003 2.9062
-9.0842 2.3877997 -4.5821
-0.7168 -8.9411 -3.8672993
5.1034 -7.9651003 -4.9253993
2.2581 8.5287 -5.8995004
-7.2187 2.7853997 -3.2692003
2.7534 5.3131 -3.0680006
1.7972 6.6657996 -3.1591005
7.4899 0.37720034 4.1817
7.8072 2.1183996 -6.0722
-4.9197 3.0395005 6.1516
-2.0852 -4.0854993 6.1764007
6.9133 0.45369953 -6.156
-2.6239 -2.5746005 -6.148
-5.1421 -0.059799533 6.1793
0.9108 7.6816006 5.1105995
-7.1025 -3.0729995 5.0949
-3.2571 -2.2794998 2.7265003
-4.6039 -5.1347995 3.4387004
-1.3717 -2.784 1.0732002
-1.1899 -4.393 2.9381003
-0.6162 -6.2275996 3.2188005
0.5568 -5.352 -2.9950995
1.9712 -4.9131 -2.9826996
3.6536 -6.3484006 -3.2004995
2.0291 -2.3144004 -6.1327
5.2091 -3.6758006 -6.1758995
2.8168 -1.4408004 -6.1349
5.3415 -1.5498998 3.114
5.0576 -1.0017997 3.0565
3.1035 0.16550009 1.1054
3.1462 0.6832999 -1.7955
5.6026 3.2167997 -3.1138003
7.0066 6.3693995 -4.9169006
2.8598 3.3108995 -6.1658006
2.4889 5.6764994 -6.1789002
2.6551 -7.2085996 4.6624002
-0.1667 9.0865 -5.7772007
1.1862 -7.4839997 5.5901003
4.8574 -5.9484997 4.6515007
-4.482 6.0834994 -6.1338005
-5.6433 5.0158997 -6.1340003
-3.0605 2.1909006 6.1713
-6.9681 3.2489002 4.6773996
-6.3564 1.3271003 3.2773
-5.4606 1.7864995 -6.177
-8.7874 2.3032997 -4.0257
-5.3207 -2.4802997 3.1581001
8.7863 0.47839954 -5.9105
-6.4818 4.2255993 -3.2692003
5.5797 2.1178997 -3.0664003
3.1486 6.1509995 -3.1597004
9.2955 1.3161997 -4.5694
8.0833 -0.40260044 -6.0717
-3.2564 4.7768006 6.1516995
-2.591 -3.6332996 6.1757007
6.2079 -3.0679004 -6.1561
-3.7053 -0.63070047 -6.1501
-0.3459 7.5549006 5.6124997
0.7971 -4.0280004 -6.1588993
-6.538 -2.8353996 5.9648
-9.1607 -2.2577004 -5.2398
5.377 5.3618007 5.5657997
-1.7277 -3.1641998 2.4207003
-1.5432 -5.1613 3.0892005
-0.7307 -6.8744993 3.4484005
0.1788 -4.7291 -2.8936996
1.4489 -4.4327 -2.8714998
3.2331 -5.6159 -3.1156995
3.3363 -3.9054005 -6.1743994
6.1421 -4.3989005 -6.1338997
-0.5592 -7.5600996 5.5878005
5.8164 -1.8220998 3.1904001
5.4638 -0.43629977 3.1025
3.4736 0.34930018 2.2636
2.9992 0.52199996 -1.1185
4.5739 2.8491998 -2.9972003
6.9783 6.1196995 -4.3197002
3.7054 5.1656995 -6.1766005
3.0234 6.9142995 -6.1342006
1.238 4.3699994 -6.1702003
-0.5109 9.4053 -5.2968006
-1.3337 6.0860996 -6.1791005
-1.1447 2.7291994 -6.1296
-5.0603 6.9323997 -6.0051003
-6.3901 5.7575994 -6.0027003
-5.8841 -4.7617993 5.6021004
-7.092 3.0655005 5.1731
-7.3772 1.5366004 4.2328
-2.2015 -9.1222 -5.4437995
-8.0872 4.1523995 -4.0348005
-0.5423 2.1284995 -6.1004
8.5494 -2.2403004 -5.8923
-4.2031 6.4964995 -3.2692006
5.9379 0.77369976 -3.0682
5.3714 4.3297997 -3.1586003
1.1468 1.4137005 6.1013
2.1071 -7.8453007 -6.0674996
1.943 5.4320006 6.1521997
-4.4998 0.4523005 6.176
0.4511 -6.8895006 -6.1567993
2.487 -2.9994004 -6.1537
-7.0391 2.7075005 5.6439
-5.1304 2.8725002 3.1592999
-5.8134 -2.8164995 6.1019
-4.3368 -3.3588998 3.1032002
-4.9631 -5.5246997 4.0383005
7.8033 5.3694997 -4.9882007
-1.8323 -5.7695994 3.1842005
-6.763 -3.4059994 5.5982003
0.3803 -4.0559 -2.6963997
0.9953 -3.9359002 -2.6930997
2.6667 -4.9355 -3.0309994
4.2398 -4.6151004 -6.1791997
6.986 -4.9298005 -6.0089993
5.7726 -2.4754004 -6.1792
6.399 -2.0704997 3.3378003
6.2136 -0.61389977 3.2153
4.9042 0.16680023 3.0164
2.8874 0.75219995 -0.44240007
3.127 1.6443999 -2.3479002
6.5885 5.8886995 -3.7347004
4.4018 6.1433997 -6.1338005
3.4981 7.9046993 -5.9885006
1.2135 6.1566997 -6.1793003
-0.0338 9.4669 -4.8996005
-1.6193 7.3851995 -6.1337004
-7.5356 0.44110042 5.6341
-5.3262 7.3576994 -5.7825003
-6.9916 5.8219995 -5.7703004
-3.018 -0.4596001 -1.1762
-6.4812 2.9373004 5.9715
-7.5549 1.6120003 5.2035
-5.8707 7.2888994 -5.4697003
-4.7098 7.6557994 -3.8934004
4.856 8.1341 -4.9731007
-2.3975 -8.6879 -5.8102994
-3.5014 6.9008994 -3.2693005
-5.5991 -0.20840046 -6.1764
6.819 1.0678997 -3.1589
6.4411 -4.0683994 5.5292006
-0.4242 -8.1793 -6.0581994
3.0343 4.9161005 6.1517997
-3.4091 2.9797006 6.176
-1.0044 -6.8377004 -6.1565995
-0.1521 3.8563995 -6.1527004
-2.9905 -0.17660046 -6.1306
7.5352 5.5574994 -5.4763002
-4.6462 -2.1212995 6.1791
-4.8605 -3.6063998 3.1842003
-5.1832 -5.7259994 4.8830004
-3.2243 -5.6072993 3.2709005
-2.0733 -6.3704996 3.3283005
-0.7989 -7.3905997 4.0518003
0.4117 -3.5470998 2.3857002
1.1813 -3.2545002 -2.2368999
2.1532 -4.0452 -2.8488998
5.0946 -5.5852003 -6.1336994
7.297 -5.9345007 -5.3532996
6.9256 -3.0301006 -6.1337
6.8806 -2.3118997 3.7791002
6.8743 -0.73199975 3.4484
5.1659 0.7391002 3.0658
2.9717 0.45540002 0.38819999
2.8447 1.1568999 -1.2432001
6.1359 5.5142994 -3.3880005
5.0515 6.9692993 -6.0018005
3.6934 8.4305 -5.6626005
1.5205 7.4021997 -6.1338005
0.1262 9.2812 -4.3211007
-1.8042 8.4153 -6.0019007
-2.6394 5.8147993 -6.1756005
0.8329 -9.4332 -4.9542994
-7.4022 5.8584995 -5.2127004
4.672 -0.43189976 2.9683
-3.0634 1.1387995 -6.1376
-6.9454 1.5284004 5.9738
7.1615 6.0509996 -5.4527006
-1.1585 8.896 -3.8690007
5.8476 -0.06770023 -3.0542
-1.4051 8.7199 -5.8949003
4.3152 6.4207997 -3.2688005
5.4202 -2.7414002 -3.0767999
6.6684 -1.8103002 -3.1596997
1.6289 0.9037005 6.1033
-7.8745 -2.1309004 -6.0627
5.4411 -1.9535996 6.1517
-2.7272 3.6108005 6.1759996
-6.8874 -0.4453005 -6.1569
0.2485 -3.6135006 -6.1465993
-6.1729 -0.67300045 -6.179
-5.9187 -1.9830005 -6.1791
-2.344 -8.2534 -3.5276992
-5.4135 -3.9410996 3.3276002
-4.8261 -5.2653995 5.9555006
-7.0145 6.2552996 -5.4263005
-2.3175 -6.8784995 3.7792006
-0.8375 -7.6776996 4.8850007
0.6957 -6.4625998 3.2788005
0.745 -3.0979002 -1.6788998
-2.3135 5.3004994 -6.1771007
5.8016 -6.6734004 -5.8925996
7.5904 -5.4399004 -4.4399996
7.9457 -3.6933005 -5.9305997
7.1962 -2.4559999 4.4243
0.0653 -5.7797003 -6.1770997
6.4407 0.69610023 3.2734
2.9724 0.87630004 1.0357999
2.7331 1.2485 0.2612999
5.4497 4.8921995 -3.2003005
5.4151 7.3912997 -5.7119007
3.2454 8.8422 -5.3017006
1.786 8.4368 -5.9984007
0.0339 8.8376 -3.7358007
-1.8982 8.9586 -5.7197003
-3.1185 6.8796997 -6.1339006
1.8225 2.6226997 -1.7058003
-7.0635 6.3080997 -4.9230003
-4.0755 2.6205995 -6.1731
-5.983 2.4212005 6.1027
-6.3574 1.1308005 6.1023
2.1519 0.82619953 -6.1046
2.5494 8.8119 -4.1432004
-4.0696 -1.8478998 2.9191003
-1.5579 0.20839953 -6.0762
6.4967 4.2078996 -3.2697003
4.9703 -3.1722002 -3.0593998
6.4428 -2.4876003 -3.1592999
1.7398 0.25320044 6.0984
-8.0898 1.2732996 -6.0583
4.918 -3.0421996 6.1516
-1.9203 4.0955005 6.1759996
-6.8947 0.27599952 -6.157
0.6277 3.7575996 -6.1514006
-7.4981 -0.8394005 -6.1342
-7.1699 -2.3829005 -6.1338
0.7972 -4.6358 -2.8851998
-5.9151 -4.2049994 3.7778003
-6.3619 7.0147996 -5.1325006
-3.5882 -6.7622995 4.5737004
-2.4482 -7.1970997 4.4190006
-5.4711 7.7209997 -4.8954005
0.7054 -7.1619997 3.7010005
0.6205 -2.9197 -0.3557998
1.0384 -2.8502 -0.9957998
6.484 -6.7395005 -5.4796996
6.886 -5.3191004 -3.6205995
8.5703 -3.6707006 -5.5193996
7.3798 -2.3344996 5.0915
7.3907 -0.7992997 4.0521
7.1594 0.7059003 3.6978
3.3988 0.9170002 2.338
3.0311 1.2219001 1.7349999
4.8056 4.2868 -3.1119003
-7.2916 -5.9784007 -4.7187996
3.776 8.6964 -5.0097003
2.0427 8.9995 -5.6305003
0.0087 8.2508 -3.3885007
0.7431 2.9432995 -6.1316
-3.4467 7.8940997 -6.0005007
-5.3876 7.6970997 -5.4192004
-6.8007 6.2950997 -4.2880006
-5.3886 3.0944996 -6.179
-4.724 2.0339005 6.1793
-5.0424 1.0101005 6.1793
4.7553 -8.0616 -5.4791994
4.0844 8.0105 -3.9013007
-3.1453 -8.935 -4.9873996
5.5971 6.8218994 -5.8989005
7.2137 -2.7892003 -3.2685997
2.2609 -5.5431 -3.0680995
6.1478 -3.1449003 -3.1591997
1.4245 -1.0441995 6.0987
-7.6362 2.9004996 -6.0612
3.2563 -4.7768993 6.1517005
4.2824 1.3942004 6.1759
-6.8378 1.0086995 -6.1566
3.4706 1.2605995 -6.1484
-8.5928 -0.9127005 -5.9902
-8.1781 -2.6636004 -6.0027
-1.1302 -0.36130044 -6.0588
-6.2197 -4.3744993 4.4254003
-4.1605 -4.9538994 6.1002007
-3.7203 -6.7768993 5.1248007
-2.3204 -7.3850994 5.0824003
-0.81 -7.0966997 5.9554005
0.9103 -7.5522995 4.4333005
0.5888 -3.0458 1.0531002
1.6198 -2.8567998 1.7851002
2.5908 8.3291 -3.6359007
6.6328 -4.8089004 -3.3645995
4.503 0.11609953 -6.1692
6.7588 -2.2607994 5.9646
4.0456 -0.56469977 2.774
7.5522 0.91050035 4.433
4.8844 1.4084003 3.0467
3.7818 1.2975003 2.7361
3.1994 0.011199537 -6.1357
5.6992 7.5396996 -5.1852007
3.872 8.4901 -4.4266005
1.976 9.0736 -4.3229003
0.0107 7.3241997 -3.2004006
-2.0407 9.2344 -5.1773005
-3.9458 8.3511 -5.6180005
-5.3687 7.5288997 -4.2396007
-6.5202 5.9426994 -3.7226005
-6.5696 3.7375996 -6.1337004
8.3294 -1.3275002 -3.4684
0.5386 8.5896 -3.5388007
5.3097 -7.7304006 -5.4507995
7.608 4.9929996 -4.0469003
-3.3766 8.8218 -4.8330007
8.7199 1.4461995 -5.8919
6.4858 -4.2239003 -3.2695997
0.9316 -5.8751 -3.0644996
4.3354 -5.3739004 -3.1590996
0.836 -1.4725995 6.0953
1.2456 8.0679 -6.0619006
-1.9427 -5.4321995 6.1522007
4.4942 0.49060047 6.176
-4.9547 4.8435993 -6.1560006
3.5931 -1.1225004 -6.1502
-9.1551 -0.9851004 -5.6598
-8.7537 -2.7561004 -5.6922
2.2518 -4.4803004 -6.1737995
-6.2284 -4.5954995 5.0923004
-3.3511 -3.8683996 6.1791005
-3.6009 -6.1714997 5.9548006
-2.2583 -6.7613997 5.9638004
1.3328 5.5686994 -6.1769004
0.9103 -7.6823997 5.1063004
0.9917 -3.0975997 1.6632003
1.9999 -4.0376 2.9280002
6.2978 -6.8332005 -4.3432994
5.9195 -4.3133006 -3.2003999
0.5162 -5.1929 3.0650005
6.2075 -1.7954996 6.1015
7.6777 -0.83779967 4.8853
7.6824 0.9103004 5.1063
5.2608 1.8836002 3.1175997
4.7417 2.1473002 3.0631998
3.0172 2.7241998 -2.6933002
5.5398 7.3383994 -4.1671004
3.3132 7.9874997 -3.5717008
1.9018 8.6792 -3.7792008
0.0158 6.4639 -3.1142006
-1.7454 9.0378 -4.1809006
-0.4436 -0.36540043 -6.0298
-5.1488 7.1614995 -3.7207005
-6.1156 5.5290995 -3.3861005
-7.4518 4.2861996 -6.0032005
4.1038 -8.4437 -4.5682993
-2.4234 0.21670046 6.1298
-3.6524 2.0205002 2.8115997
8.9873 1.4792997 -4.0578
1.4646 6.9296002 3.5575995
6.9821 -5.5373006 -5.8579993
4.2071 -6.4968004 -3.2695994
-0.3593 -5.9675 -3.0673995
3.1272 -6.1586003 -3.1593995
-3.8921 3.2892003 3.0483997
2.8802 7.5642996 -6.0716004
-3.0342 -4.9161997 6.1518006
4.4999 -0.4517995 6.176
-2.5655 6.4455996 -6.1556005
-3.5255 -1.3662004 -6.1507
-9.2693 -1.5818003 -5.3652
8.3752 4.3317995 -4.7186003
7.3227 1.9282005 5.598
-5.8017 -4.1385994 5.9649005
6.7419 5.3474994 -3.5383005
-3.0429 -5.7028995 6.1011004
-1.7938 -6.2072997 6.1016006
-0.4551 -6.4551997 6.0999002
0.7091 -7.1095996 5.9548006
1.0083 -3.5942998 2.5469003
0.2461 7.5784006 4.3775997
5.5612 -6.6463003 -3.5901995
5.217 -3.7973003 -3.1129997
8.5174 -3.6511002 -4.2878995
4.9998 -1.5551995 6.1755
7.0966 -0.81009954 5.9554
7.1096 0.70900047 5.9548
5.7809 1.9429002 3.1908998
4.7848 2.8431003 3.1140997
2.3711 2.2079997 -1.8491001
5.1835 7.0917997 -3.6875005
3.2647 7.4792995 -3.3526006
1.7621 8.0859 -3.3994007
0.1081 5.3887 -2.9971006
-1.7958 8.6369 -3.7216008
-3.9092 8.6267 -4.9360003
-4.8336 6.6789994 -3.3861005
-5.4355 4.9088993 -3.2004006
-7.903 4.5402994 -5.7677007
-1.1635 0.82170045 6.0826
7.0382 2.5855002 4.1781
9.2744 -1.5190004 -5.3852
9.1615 0.3043997 -4.1342
7.3958 5.8984995 -4.9263005
1.348 -8.9054 -5.8129997
3.5059 -6.9010005 -3.2696996
-2.6152 -5.5836 -3.0853996
1.0688 -6.8188004 -3.1588995
0.3102 -1.7924995 6.1013
7.9936 -1.2346004 -6.0724
-5.7654 -0.43039954 6.1517
3.4091 -2.9744995 6.176
0.276 6.9306993 -6.1557007
-0.7151 5.3969994 -6.1757007
-9.4258 -1.0474004 -5.0202
-8.9797 -2.9921005 -5.1458
-5.4944 -3.2402005 -6.1757994
-5.0993 -3.9672995 6.1017003
8.7527 3.4149997 -4.5876007
-2.5315 -4.4743996 6.1793003
-1.467 -4.9129996 6.1792006
-0.4527 -5.1231995 6.1793003
0.8892 -6.4035997 6.1009007
0.9172 9.2968 -5.5012007
2.9217 -4.8274 3.1252005
5.4654 -6.0861006 -3.3593996
4.3479 -2.7409003 -2.9590998
7.7836 -3.8105001 -3.5904999
3.6673 -0.80359954 6.171
-5.458 -1.4794005 -6.1766
6.4037 0.88860047 6.1009
6.4004 2.0775003 3.3395998
5.3955 3.1536002 3.2165997
2.1397 2.0913 -0.037200157
4.8385 6.6459994 -3.3762004
2.989 6.6974998 -3.2014005
1.5345 7.1620994 -3.2005005
0.2245 4.0678 -2.6975002
-1.7178 8.0724 -3.3893008
-3.666 8.5234 -4.3122005
-4.2962 5.9316998 -3.2004006
-4.7938 4.3368 -3.1142004
-8.1894 4.6913996 -5.2656007
-9.3589 0.67139965 -4.5566
-5.7774 1.0581002 3.1588
1.6942 -9.2286 -5.4451995
8.7929 -2.2808003 -4.0249
-4.472 -2.4051006 -6.1741
0.5405 -8.9003 -5.8553996
-4.2257 -6.4821005 -3.2691996
-5.5708 -2.1707003 -3.0674999
-1.7851 -6.6407 -3.1562996
-0.3456 -1.6855996 6.0965
7.6476 -2.9301004 -6.0583
-4.5756 3.5369005 6.1515994
2.7269 -3.5992994 6.1760006
3.7118 5.8504996 -6.1560006
5.0401 0.6795995 -6.1741
-9.2895 -0.8863004 -4.4279
-8.7963 -2.8019001 -4.2108
-6.5164 -3.8189006 -6.1338997
-4.1488 -3.1416996 6.1769
-0.7717 -0.38519955 6.0525
-1.7734 -3.5342996 6.1730003
-1.0373 -3.6245995 6.1716003
-0.281 -3.7448995 6.1711006
0.6177 -5.1054997 6.1793003
1.3185 -4.0107 2.8310003
3.1629 -5.4008994 3.2190006
4.8929 -5.4500003 -3.2003996
3.6261 -3.1076002 -2.9029999
7.4623 -3.3342001 -3.3566997
2.1232 2.2998 -1.4603001
6.4551 -0.45569956 6.0999
5.2 0.61190045 6.1755
6.9458 2.1329002 3.7902997
5.9956 3.4456003 3.4496999
2.3017 2.1028 1.1515999
4.3222 5.9187994 -3.2009006
2.6421 5.8963 -3.1139004
1.3439 6.324 -3.1142006
-0.05 3.5413997 -2.3522003
-1.513 7.1658998 -3.2004006
-3.5669 8.0866 -3.7362008
-3.7872 5.2396 -3.1143005
-4.0363 3.6276999 -3.0021002
-7.8549 4.7999997 -4.1841006
-1.9464 7.3101006 5.6092997
-3.0783 0.47249952 -6.1336
-1.6851 3.1718998 -2.3876002
8.1338 -4.0865006 -4.0503993
9.234 -2.1242006 -4.9906
-5.7219 -6.9572005 -5.8124995
-6.4969 -4.2038007 -3.2692997
-5.914 -0.92580026 -3.0682
-3.1484 -6.0957 -3.1546996
-7.2776 1.9655005 5.6493
-1.2667 -8.0239 -6.0674996
-0.431 5.7646003 6.1516995
1.9193 -4.0856996 6.1760006
4.836 4.9576993 -6.1561003
5.0614 -0.5399005 -6.1741
-8.5741 -1.1243002 -3.5719
-8.4595 -2.6888003 -3.7714999
-7.4732 -4.2667003 -6.0017996
3.8365 7.5115995 -3.4684005
-0.7919 4.2320995 -6.1641006
-4.1115 6.3588004 5.5980997
5.8173 4.7059007 4.1521997
2.7307 7.0610003 5.6004996
0.4918 -3.7144995 6.1708007
1.8653 -5.208 3.1097004
3.4474 -5.9951997 3.4500005
4.3131 -4.8144 -3.1140995
3.1164 -2.5326002 -2.6763997
6.6861 -2.9892004 -3.2003999
2.9957 -0.65610045 -6.1323
5.2138 -0.48189953 6.1755
3.6792 0.7403005 6.171
7.371 2.3621004 5.1001
6.4592 3.6903002 4.0620995
3.708 2.8681002 2.9678998
3.8126 5.2194 -3.1141005
2.3188 4.886 -3.0000005
-6.7562 2.3445003 3.6495998
0.4161 3.2161999 -1.8556002
-1.3411 6.311 -3.1129005
-3.3487 7.5406995 -3.3885005
-3.0532 4.4082 -2.9929001
-2.1254 2.7653997 -2.2802002
-7.5954 4.4688997 -3.7149003
-6.0806 1.9287995 -6.1758
-4.5294 0.4393995 -6.1703
-8.2581 -4.4325004 -5.4564996
4.7497 -7.6620007 -3.9295995
-1.8775 4.7148995 -6.1741004
-8.8985 -1.4859005 -5.806
-7.7949 -0.48310024 -3.2817
-1.5944 5.7218 -3.0636005
-5.3718 -4.3366003 -3.1590998
-1.1393 -1.5263995 6.1052
-2.8989 -7.6337004 -6.0615997
3.5245 4.5717006 6.1519995
-4.2823 -1.3943995 6.1759
6.4482 2.5653994 -6.1556
0.4707 -5.2869005 -6.1750994
-8.1096 -0.9123002 -3.3526
-7.8831 -2.5167003 -3.3990998
-7.7873 -4.6795006 -5.7786994
-2.7104 -7.0751996 5.5914006
-1.8086 -2.3976004 -6.1308
-2.327 -1.1919005 -6.1166
-1.198 -7.4987993 5.5653005
-1.934 2.8734996 -6.1426
-7.8515 -5.1601005 -4.5875998
1.9203 -5.7545996 3.1861005
6.7626 3.4057004 5.5987997
3.6213 -4.155 -3.0155997
2.8754 -2.0112002 -2.3151999
5.9116 -2.6436002 -3.1152997
2.4416 1.7322 -0.05680013
3.7559 -0.035199534 6.1711
2.3461 0.7263005 6.1305
6.7984 2.1367004 5.9648
6.7032 3.8412006 4.8996997
3.751 3.5910003 3.0619998
3.2513 4.3329 -3.0011003
-2.8049 -8.9325 -5.4753995
0.8603 3.9437997 -2.6850002
0.214 2.9734 -0.40660024
-1.1873 5.1993 -2.9882004
-2.9699 6.6952996 -3.2004006
-2.2124 3.2607996 -2.6247003
-2.0746 2.2256 -1.0820001
-7.1302 4.1378994 -3.3859003
-7.2034 2.2889996 -6.1337
-6.1732 0.6104995 -6.179
-9.3864 -0.43220043 -5.3923
1.2182 -8.9318 -3.9291992
0.8583 3.4039001 2.3150997
-8.8374 0.41399956 -5.888
-7.4692 2.0157998 -3.2690003
5.7861 1.5024998 -3.0674
-6.8218 -1.0683002 -3.1592
0.3771 -7.4900994 4.1822004
-6.3104 5.0974994 -6.0691004
5.7669 0.43070048 6.1516
-4.4941 -0.4903995 6.176
6.9276 -0.2781005 -6.1558
-5.4085 -0.7723005 -6.1758
-7.2948 -0.76020026 -3.2014
-6.9696 -2.2522001 -3.2004998
-7.8885 -5.1407003 -5.3109994
5.5696 1.1294996 -6.1767
-3.7099 -5.1979003 -6.1754994
-1.1059 -2.5220006 -6.1219
-7.3251 -1.9430995 5.5886
-4.0384 -6.4522996 5.5397005
0.2507 -2.8411005 -6.1258
2.0728 -6.3981996 3.3377004
3.6906 -6.4589996 4.0620003
3.0264 -3.7362003 -2.9082997
2.4708 -2.0316002 -1.7303998
4.9791 -2.4178002 -3.0195997
6.2529 -1.2343005 -6.1759
-0.5236 9.3853 -4.5980005
1.2105 -0.17509954 6.0731
6.0773 2.1934004 6.1017
6.2048 3.5051005 5.9647994
4.7994 4.3458004 3.2724998
2.4703 3.2406998 -2.6972003
1.5899 2.8396003 1.6752998
1.4571 4.6223 3.0021996
0.2351 3.0924 1.0533998
-0.6149 3.5381997 -2.3874002
-2.6449 5.9144 -3.1156006
-1.5465 2.6562 -1.2415003
-1.993 2.3058 0.67249984
-6.3373 3.6714997 -3.2004004
-8.2053 2.5729995 -6.0024
-7.521 0.7412995 -6.1338
2.9934 1.2530999 -1.8590001
-4.2929 -7.8732004 -3.8640995
-1.8494 -5.3067007 -6.1764994
-8.7105 1.3710995 -5.9018
-0.3921 7.7284994 -3.2693005
1.6001 -5.7102 -3.0626996
6.1561 3.1225998 -3.1590002
-1.4425 -0.90019953 6.0956
5.1208 6.3469996 -6.0631003
4.5738 -3.5404994 6.1515007
3.1979 3.2495005 6.1761994
6.8667 -0.99700046 -6.1556
-4.8612 2.4194996 -6.1756
-6.4294 -0.66520023 -3.1141
-6.148 -1.9919002 -3.1139998
6.7049 -6.6309004 -4.7244997
-2.4564 -1.8417004 -6.1325
-4.3994 -6.1393003 -6.1338997
-1.0258 9.4116 -4.9029007
-1.2613 -6.2240005 -6.1767993
1.3665 -3.6427004 -6.1534996
0.4475 7.5494003 5.6127996
2.1325 -6.9458995 3.7903004
3.8412 -6.7030997 4.8997006
2.8938 -3.0378003 -2.7333999
2.1544 -2.1373 -1.0148998
4.2818 -2.0447001 -2.8970997
7.3999 -1.5192004 -6.1339
5.2584 7.8082995 -4.6260004
-1.8869 -3.7558005 -6.1614995
4.9545 1.6749005 6.1758
5.4857 3.4100006 6.1018996
5.3694 4.7776003 3.6889994
1.7385 3.0976999 -2.3592002
2.2682 3.2224002 2.7112997
0.9369 5.1201 3.0636995
-0.0743 3.2754002 1.7618997
-0.0236 3.0717 -1.2370002
-1.8557 -4.5391 3.0156002
-1.6564 2.4935 -0.5510002
-2.0451 2.5790002 1.8241998
-5.59 3.2434998 -3.1140003
-8.7236 2.5415995 -5.7765
-8.5645 0.8832995 -6.0014
4.0725 -3.9677005 -6.1766996
-7.5926 -4.9953003 -4.0312996
2.4529 -5.3124 3.1552005
-6.5162 6.3372993 -5.7743006
2.0283 7.4715996 -3.2700005
-5.7843 -1.5363002 -3.0681
-6.1539 -3.1257002 -3.1588998
-3.5304 -8.6951 -4.5599995
6.3657 -5.1155005 -6.0614996
0.4335 -5.7667994 6.1516004
-3.1978 -3.2495995 6.1762004
4.9601 -4.8320003 -6.1560993
-4.7482 -0.99260026 -2.914
-5.3928 -0.59390026 -3.002
-5.144 -1.6619003 -2.9988997
-8.1724 -4.7771006 -4.8995996
-3.2794 -2.8313005 -6.1648
-5.0875 -6.9379005 -6.0020995
-2.4754 -5.7273006 -6.1790996
-1.5216 -7.3955007 -6.1339993
-0.2627 -1.3447005 -6.0676
1.3956 -6.1618004 -6.1778994
2.3621 -7.3709993 5.1001005
3.5052 -6.2048993 5.9647007
1.9618 -2.5127003 -1.6871997
2.3568 -1.8267 -0.34619984
3.2458 -1.5893003 -2.4027998
8.3821 -1.6674005 -6.0096
4.954 1.2858995 -6.1743
2.8645 0.56149954 -6.1283
3.4391 1.4602004 6.1705
4.3612 2.6603005 6.1791
5.5594 5.1671004 4.3878994
1.9222 2.3474 -1.0063001
2.2387 4.8652 3.0844996
1.3098 6.3181005 3.2671995
0.379 3.6395001 2.4701998
-0.1527 3.0018 0.36869976
-1.7309 3.7375998 -2.7100003
5.7987 0.6956002 3.1536
-2.742 2.9923003 2.7613997
-4.6573 2.7093997 -2.9962003
-9.0987 2.4773996 -5.2523
-9.1185 0.9679996 -5.7053
-7.653 -5.5768003 -4.9087996
-8.966 -1.4069004 -4.0143
0.1745 5.1577997 -6.1745005
-4.0562 7.8179994 -5.9066005
2.7857 7.2178993 -3.2691004
-4.2085 4.2456 -3.0674002
-6.8994 0.37329975 -3.1596
-1.6422 -0.20209953 6.0934
-5.071 -6.3029003 -6.0721993
-3.5245 -4.5716996 6.1520004
-3.9398 2.2278004 6.176
2.5639 -6.4339004 -6.1560993
3.789 3.6144996 -6.1748004
-4.1957 -0.51460016 -2.7424
-3.832 -1.0828003 -2.6533
-8.0974 -4.5332003 -4.3163996
-4.5753 -4.1970005 -6.1789994
-5.2055 -7.4458003 -5.7785997
-3.0293 -6.9269004 -6.1336994
-1.8245 -8.4081 -6.0020995
-1.8833 -1.6537005 -6.1123
1.6192 -7.3736005 -6.1340995
2.1367 -6.7983994 5.9648004
3.172 -2.8796997 2.8577003
1.8601 -2.3318 -0.30209982
2.1427 -2.1083 0.37480015
2.597 -1.5820001 -1.0701998
-3.2103 -0.5380999 1.6868
-1.938 -7.2259994 4.1505003
7.484 1.1862005 5.5901
-7.4377 1.9369004 4.6912
3.1004 2.1017005 6.1708
5.7513 5.1876006 5.0251994
1.9409 2.3093 0.4616998
2.5149 5.6961007 3.2106996
1.3367 7.5282006 4.5477996
-4.844 1.6586995 -6.1743
-0.7653 3.1897001 1.7784997
-0.847 2.977 -1.3358003
-1.732 2.5988 1.1849997
-3.309 3.0965002 2.9332998
-3.5153 2.1467998 -2.7104003
5.6933 0.4192995 -6.1768
-9.4019 1.0849997 -5.1443
-3.4049 2.7087998 -2.7800002
-8.9796 -0.4668003 -3.9014
3.6045 -4.4082003 -6.1767993
0.5341 8.983 -5.8167005
6.9002 3.5037997 -3.2694001
-2.7916 5.4227 -3.0792005
-6.8173 1.0918998 -3.1591
-2.7047 7.0520005 5.6271996
-5.157 6.3196993 -6.0628004
-3.7373 4.4109006 6.1516995
3.857 2.0946004 6.1753
-0.2819 -6.9000006 -6.1567993
4.5694 -2.6263006 -6.1749
-3.2033 -0.01740013 -1.7348
-3.3317 -1.0002002 -2.2636
-7.6694 -4.3899007 -3.7349997
-5.5858 -5.0950003 -6.1336994
-5.1051 -7.9117002 -5.3106995
-3.4956 -7.8889003 -5.9958997
-1.6506 -8.9717 -5.7498994
-1.1492 7.4828005 5.6006994
1.7553 -8.4217 -6.0022993
2.194 -6.0773997 6.1016006
3.4102 -5.4879994 6.1016006
1.9043 -2.4528 1.0826002
2.4793 -1.8843999 1.1389002
2.6169 -1.4831 0.3480001
9.0306 -2.2614005 -5.5292
-5.7876 4.8960004 5.5878997
6.1214 1.4678996 -6.1787
1.9453 1.4432005 6.1295
5.3384 4.7316003 5.9609995
-4.9919 8.0224 -5.1814003
2.7927 6.3091006 3.4404995
1.6389 7.5578003 5.1424994
0.1678 4.9664 3.0300996
-0.5609 5.1475 3.0592995
-1.1206 2.903 1.1327997
-2.4473 5.2906 3.1519995
-4.1551 3.8103004 3.1241999
-2.862 1.4510999 -1.7691001
-9.0114 2.8996994 -4.8935
-9.12 1.1304996 -4.1607
-9.4717 0.21419963 -4.9956
-8.8076 1.6399997 -3.8529003
-3.2855 4.7028995 -6.1770005
1.3124 8.8177 -5.8563004
7.7318 0.37979975 -3.2698
4.2366 4.1677 -3.0640001
0.3737 6.8950996 -3.1592004
1.7876 -0.41189957 6.1019
6.265 5.1149993 -6.0724006
4.4048 3.7389004 6.1517997
3.9398 -2.2271996 6.176
-3.7128 -5.8566003 -6.1557994
-0.395 -2.9772 0.27190024
-3.1025 -0.106799915 1.0772
-3.1263 -0.7496001 -1.7876
-7.1496 -4.1179004 -3.3883998
-6.3919 -5.7780004 -6.0004997
2.4704 9.0968 -4.6998005
-3.7478 -8.3806 -5.6923995
-1.5848 -9.2888 -5.2834997
0.0675 -6.3200006 -6.1778994
2.1486 -8.8659 -5.7493997
1.665 -4.8648996 6.1793003
2.6399 -4.4123993 6.1793003
2.1483 -2.7273998 2.2287002
2.5619 -2.1525998 1.9462001
2.8839 -1.5733999 1.7965001
9.1528 -1.8454003 -4.4404
6.2944 0.06839953 -6.1788
7.3776 1.6222996 -6.1339
4.6401 2.3309996 -6.1746
-6.2819 4.0927005 4.1784997
4.6567 4.4810004 6.1013994
3.2209 3.9098003 3.0442998
-7.0753 -2.6756995 5.6101
1.5477 6.9536004 5.9662995
-0.163 5.5562 3.1134996
-1.2213 5.4217 3.1128995
-1.7329 3.0497003 2.3014998
-2.8248 4.1878 3.0421999
-4.6783 4.1908007 3.2241998
-2.643 1.3824 -0.30640012
-8.7705 3.0084999 -4.3013
-8.7329 0.9434997 -3.6871
-3.3621 8.7832 -5.3566003
1.3589 9.0174 -4.0725007
-2.6702 -1.3858 -0.71829987
6.2478 6.4674997 -5.8203006
7.4395 -2.1200001 -3.2686996
5.3142 2.7082999 -3.0661001
1.0912 6.8186994 -3.1592004
0.3852 1.6542004 6.0955
5.1202 -6.3150005 -6.0665994
3.7372 -4.4113994 6.1516004
-3.8569 -2.0947995 6.1753
-4.8301 -4.9536004 -6.1562996
-3.5401 3.7727995 -6.1745005
-1.2543 -4.9461007 -6.1741996
-2.8895 -0.8191001 -0.65949994
-6.3473 -3.6530004 -3.2002997
-6.8345 -6.1236005 -5.6964993
-5.5152 -7.6930003 -4.8993998
9.4071 0.5727996 -4.6863
-1.9279 -9.266 -4.8847995
0.0492 -7.5571003 -6.1337996
2.3371 -9.1291 -5.2811995
1.2518 -3.4956994 6.1698003
1.9635 -3.1059995 6.1686
4.3628 -4.8188996 3.2790005
2.9648 -2.1067998 2.4503002
3.9912 -2.0281997 2.9217002
8.3985 -2.0286002 -3.5655997
7.5533 0.051699538 -6.1339
8.3311 1.8862995 -6.0102
-4.706 5.8172007 4.1522994
2.5831 -4.3731 -2.9490998
3.788 3.4906006 6.1791997
3.04 4.5656 3.1032999
3.011 6.7926006 4.0444994
1.1382 6.3599005 6.1016994
-0.0615 6.0938005 3.1901996
-1.3304 6.1058006 3.2164996
-1.6615 4.344 2.9600997
-3.5041 4.3439 3.1167998
-5.1342 4.6374006 3.4515998
-2.868 1.6164001 1.8167999
-8.3744 2.7786999 -3.7238002
-8.1748 0.86729974 -3.3761
8.9992 2.6186996 -5.4565
3.2633 8.4674 -4.0126004
7.6232 -5.4397006 -5.4731994
7.8628 4.0322995 -5.8930006
0.3959 -7.7303004 -3.2696996
4.1985 -4.2591 -3.0675998
6.8251 -0.37870023 -3.1522
6.2809 -4.0963993 4.1805005
-6.3653 -5.1639004 -6.0572996
-4.4047 -3.7388995 6.1518006
0.108 2.4525995 -6.1104
-6.4266 -2.5603006 -6.1563
1.8378 5.0723996 -6.1755004
-5.6709 -0.5517998 3.1328
-2.9352 -0.5982 -0.012599955
-5.5989 -3.2277002 -3.1139998
-7.0187 -6.3489003 -5.1591997
-5.5513 -7.4368005 -4.3165994
-3.8123 -8.6615 -5.1585994
-2.0759 -9.0399 -4.3081994
0.0072 -8.6177 -6.0003996
-4.2222 -8.4309 -4.7173996
7.0651 -2.7251995 5.5976
-5.9638 7.2975993 -4.6879005
4.7789 -5.3716993 3.6922004
3.4681 -2.2752998 2.8013003
5.2466 0.07129953 -6.1748
7.8758 -1.7545003 -3.3253999
8.6282 -0.05880045 -5.995
9.1788 1.7437997 -5.4937
8.6452 3.8637996 -4.9088006
5.0289 3.7180996 -6.1792006
2.7434 2.7295005 6.1726
3.5276 4.9714003 3.1904995
3.1289 7.0638003 4.8965993
0.9996 5.1388006 6.1754994
0.0006 6.7244005 3.3367996
-1.4239 6.7669005 3.4496996
-2.2947 4.6379 3.0595999
-3.6499 4.8994007 3.1924996
7.0738 2.6729004 5.6137
-0.9516 -2.8686 0.4827002
-7.8352 2.5625997 -3.3857002
-7.2869 0.7834998 -3.2009
3.2161 3.2836003 2.9479997
8.8804 -1.4089003 -3.901
-1.5031 -4.2112994 6.1757007
9.0332 -0.39630044 -5.7965
-2.0154 -7.4696007 -3.2689996
2.7983 -5.4216 -3.0794995
6.776 -1.1118002 -3.1553
-7.8547 2.0900996 -6.0668
-2.1945 5.3485003 6.1516995
-1.3475 2.8694005 6.1528
-4.9622 -2.9062004 -6.177
-5.8392 3.7102995 -6.1563005
4.204 2.4630003 3.0077999
-6.4295 -0.67449975 3.2699
-2.9853 -0.50929993 0.54710007
-3.2569 -1.6129003 -2.4168997
-6.9571 -6.0231004 -4.1775994
-5.2206 -7.1298003 -3.7348995
-3.9103 -8.3268 -4.1739993
-1.8938 -8.6214 -3.7272992
-0.1027 -9.1952 -5.6697993
2.0088 -9.249 -4.8862996
7.2267 -1.9397997 4.1525
3.07 -0.16820009 -1.259
5.1668 -5.5597997 4.3881006
4.5109 -3.0861998 3.1004002
5.206 -2.1892998 3.1260002
7.2322 -1.5558002 -3.2086
9.1805 0.15149957 -5.6839
9.1195 1.9991996 -4.4347
4.8961 5.7875004 5.5877995
6.0803 4.4803996 -6.1339006
1.055 0.8227995 -6.0661
3.9468 5.4466004 3.3381996
2.9541 6.4883003 5.9633994
7.6969 3.7867997 -3.5270002
0.1271 7.2505007 3.7730994
2.6729 -7.0737996 5.6137004
-2.6517 5.9085007 3.2728996
-3.9609 5.4372005 3.3384995
-5.5097 4.9908004 4.0523996
-3.8901 2.6918004 2.9771998
-6.962 2.2735999 -3.2004004
-6.4239 0.68239975 -3.1137
1.2667 -5.5278006 -6.1766996
8.2755 -3.4363003 -3.8550997
4.6703 -0.6493002 -2.8884
8.8727 -1.5669005 -5.812
-2.7858 -7.2169003 -3.2688994
-4.2517 -4.227 -3.0690997
-0.3743 -6.8942003 -3.1590996
2.0911 7.8905997 -6.0620003
5.3473 2.1850004 6.1519
1.3021 -2.6241996 6.1454
-4.2768 8.3599 -4.5769005
-4.4214 5.3301997 -6.1561003
4.6334 1.6992996 -6.1735
-7.1671 -0.7049997 3.7073
-5.1448 0.11499953 -6.1744
-2.7661 -1.7793999 1.8157002
-6.582 -5.8727007 -3.7211995
-4.8562 -6.6699004 -3.3882995
-3.6404 -8.0234 -3.7127993
-1.7309 -8.0614 -3.3862994
-9.0824 -2.5166001 -4.6865
1.7977 -9.1052 -4.3195996
-0.0727 -3.8961997 2.6928003
-2.9223 -1.4539005 -6.1375
5.187 -5.7517996 5.0248003
4.8957 -3.5091999 3.1798003
5.7324 -2.5096998 3.2187002
6.3333 -1.4336002 -3.1173
-2.5744 -4.8324003 -6.1757994
8.5687 1.5529997 -3.6272
5.7434 2.5852995 -6.1787
6.8485 5.1279993 -6.0083003
2.1098 1.5789995 -6.1173
4.3307 5.8292003 3.7833996
2.4341 5.9840007 6.1017995
0.0037 2.4149005 6.1292
0.1233 7.7409005 5.0653996
-1.5128 7.2837005 4.0622997
-2.8846 6.5847006 3.6910994
-4.207 5.9146004 3.7785995
-5.719 5.1906004 4.8852997
-4.6422 2.5040002 3.0734997
-6.1422 2.0111997 -3.1141002
-5.3525 0.44759977 -2.9943
0.2551 9.3705 -5.4557004
-1.3778 -8.9976 -4.0500994
2.9482 -0.51890004 -0.54749995
6.2644 -6.2326007 -5.8928995
-6.9014 -3.5042002 -3.2695997
-5.3952 -2.7579002 -3.0752997
-1.0915 -6.8152003 -3.1588995
7.8897 -2.0856004 -6.0623
2.1918 -5.3493996 6.1517005
-2.9163 0.9146005 6.1492
-1.3318 -1.7869005 -6.1016
4.2983 5.4394994 -6.1558003
-7.4802 0.30140033 4.158
-7.5492 -0.98269963 4.4553
-3.4072 -0.7481998 2.2584
-4.6721 -2.2363997 3.0602002
-6.132 -5.5238004 -3.3892996
-4.3143 -5.9184003 -3.2003996
-3.3685 -7.5238004 -3.3855996
-1.5321 -7.1586003 -3.2000995
-0.1704 -9.2047 -4.1827993
1.7998 -8.6547 -3.7378993
1.222 7.4595003 5.6182995
-0.7047 -1.9371005 -6.0952
4.7309 -5.3409996 5.9600005
5.4174 -3.9322999 3.3270001
6.3134 -2.8185997 3.4488003
5.3116 -1.0966003 -3.0018
8.1919 -0.09530025 -3.3662
8.0154 1.7058997 -3.3654003
6.888 3.1192994 -6.1336
2.1288 -7.3014994 4.4385004
5.7818 -4.9098997 5.5814004
4.5895 6.0751004 4.4539995
2.0204 4.7185006 6.1791997
-2.7019 -3.3476005 -6.1639996
0.0711 7.1248007 5.9653997
-1.5801 7.5628004 4.9027996
-3.1937 6.8924003 4.4046993
-4.3761 6.2175007 4.4227996
-5.2652 4.8266006 5.9553995
-5.6317 3.2280002 3.2766998
-5.1062 1.7553997 -2.9985003
-3.4672 0.41629982 -2.2854
2.0193 9.2629 -4.9956007
-3.248 -8.4856 -4.0280995
3.5822 2.7374005 6.1759
4.121 -7.8914003 -5.8620996
-7.7181 0.52659976 -3.2688
-5.9724 -0.31210023 -3.0677
-5.7836 3.7708998 -3.1591003
-2.0696 -7.8206005 -6.0721993
-5.3473 -2.1849995 6.1519
-2.6324 1.5640005 6.1494
-0.4353 -4.7832 -2.9069996
5.3267 4.4213996 -6.1562004
1.7782 -5.0266004 -6.1751995
-7.6844 -0.9419996 5.04
-0.4194 2.9882 -0.81620026
-4.7455 -2.9029999 3.1140003
-5.4497 -4.8935003 -3.2003996
-3.8182 -5.2252 -3.1148996
-2.9872 -6.6740003 -3.1991994
-1.3413 -6.3448 -3.1161995
-0.0395 -8.8217 -3.7217994
1.7068 -8.0728 -3.3886993
2.6541 -5.7899003 -6.1760993
-8.2904 3.4677997 -3.8889003
4.4803 -4.6619997 6.1008005
5.8274 -4.3306994 3.7816002
-2.3695 -1.8546 -0.72219986
4.5414 -1.2974002 -2.8909
7.3143 -0.012500241 -3.1994
7.1664 1.5121998 -3.2004
8.1393 3.4552996 -5.8928003
-2.8048 9.0505 -4.9828005
4.1363 4.7302995 -6.1791005
4.6091 6.1884003 5.2332997
-8.4235 -0.43320027 -3.4685
0.4426 4.5007997 -6.1696005
-0.2088 6.4575005 6.1016994
-1.4249 6.9755006 5.9690995
-3.1301 7.0801005 5.0974994
-4.5966 6.2279005 5.0905995
-4.9547 4.1625004 6.0998993
-6.2149 3.6219003 3.6956997
-3.8032 1.4878998 -2.7004
-3.254 0.26930013 1.7197
4.6691 -3.2896004 -6.1767993
-2.4018 8.7773 -4.0468006
-2.5351 -2.5419002 -2.3867998
-0.4784 -8.81 -5.8992996
-6.8877 3.5254998 -3.2692003
-5.5738 2.1751997 -3.0679002
-5.3578 4.3549995 -3.1591003
-6.864 4.4471993 -6.0598006
-5.7273 0.77720046 6.1517
-2.3806 2.1110005 6.1531
-2.1263 -0.46330044 -6.0995
5.8615 -3.7044005 -6.1557994
2.4585 -3.3289998 2.7956002
-7.097 -0.6955995 5.9626
-4.8255 -1.5080998 3.0423
-5.3917 -3.1609998 3.2168002
-4.8108 -4.3201 -3.1142998
-3.2411 -4.3261 -2.9992998
1.5032 4.2113004 6.1756997
2.3793 1.8583 0.47889984
0.0017 -8.2532 -3.3892994
1.5127 -7.1658006 -3.2003996
3.1203 -6.8879004 -6.1335998
7.5601 -0.5592996 5.5878
3.4984 -3.7700996 6.1793003
6.0735 -4.5907993 4.4528003
6.7877 -3.0387998 4.0567
3.984 -0.82860017 -2.6947
6.3322 0.057599764 -3.1015
6.3286 1.3202997 -3.1143
8.4111 4.0894995 -5.4792004
7.861 5.1008997 -5.4558005
5.0161 5.6462994 -6.1339006
4.2733 5.8189006 5.9114995
-6.7612 -6.5113006 -4.5650997
0.5477 6.2659993 -6.1789002
-0.0812 5.2355003 6.1754994
-1.5575 6.2639003 6.1026998
-2.8515 6.5236006 5.9692993
-4.1392 5.8016005 5.9646997
-3.9428 3.4472005 6.1754994
-6.6411 3.6853004 4.4028997
-3.3356 1.0789999 -2.3055
-3.9771 0.7709002 2.7589
-5.7109 -7.4389005 -5.4508996
8.7555 2.1495998 -3.9306002
-1.0878 4.7293 3.0038998
-6.2337 -6.3592005 -5.8609996
-1.9945 7.4789996 -3.2697005
-3.2274 5.052 -3.0690005
3.7743 5.7880993 -3.1597004
4.4188 6.8613997 -6.0622005
-5.6154 1.3724005 6.1517
-1.8422 2.4624004 6.1498
-2.2824 0.27519956 -6.1043
4.4174 -5.3263006 -6.1562996
-4.2665 -3.3209004 -6.1754994
-6.4013 -0.8874995 6.1014
-5.2461 -1.9163997 3.1173003
-5.9952 -3.4461997 3.4497004
-0.811 4.6337 -2.8852003
-2.5793 -3.1266003 -2.6912997
-2.0786 -4.9724 -2.9970996
-0.8786 -4.203 -2.7614996
-0.0103 -7.3243003 -3.2003996
1.3414 -6.3102 -3.1127994
3.5159 -7.8622003 -6.0009995
3.6983 -5.0278006 -6.1790996
2.5874 -2.6706996 6.17
6.1818 -4.6186996 5.2273006
7.0631 -3.1303995 4.8955
3.1576 -0.6604001 -1.819
5.3822 0.30219975 -2.9976
5.3428 1.0122998 -3.0045
4.2787 3.9527001 3.1513999
7.5208 5.5344996 -4.4381003
5.7809 6.2845993 -6.0107007
3.6204 5.3655005 6.0995994
4.0561 6.4432006 5.5365996
0.7383 7.5171995 -6.1339006
-3.0027 8.0644 -3.5383008
-1.1679 5.1040006 6.1754994
-2.822 5.8116007 6.1016994
-3.967 5.1010003 6.1014996
8.3353 2.1418998 -3.5387003
-6.7945 3.6967006 5.0937996
-2.8549 1.0350999 -1.0318002
-5.1431 0.65460026 3.0607
6.346 -7.0284004 -4.9090996
2.4051 -8.7807 -4.0523996
1.7986 5.1328 -3.0046005
-8.0582 -3.9925005 -5.8196993
0.4161 7.7290998 -3.2697005
-0.2849 5.9588 -3.0662005
4.3551 5.3568997 -3.1591005
6.7988 -4.3847003 -6.0720997
-2.7389 5.0912004 6.1516995
-0.6897 2.9865005 6.1495
-4.8545 8.0143 -4.5214005
-4.2964 -5.4444003 -6.1556997
-5.1569 -2.1004004 -6.1762
-5.1999 -0.61179954 6.1755
-5.7763 -1.9498998 3.1906002
5.36 -5.3807993 5.5638003
-3.0754 -2.4386003 -2.6144998
-2.0478 -2.8535001 -2.3178997
-1.4276 -3.2027001 -2.3062997
-0.8476 -3.0934002 -1.7633997
-0.016 -6.4627 -3.1139996
1.1889 -5.186 -2.9862995
3.6968 -8.3849 -5.7108994
4.4779 -6.0803003 -6.1339993
6.36 4.1083007 5.5991993
5.8108 -4.3093996 5.9020004
-0.4679 4.5815 2.9487998
-3.6522 3.1635995 -6.1730003
4.7478 -0.013100219 -2.8967
4.8666 0.5661998 -2.9217
8.4447 3.8779998 -4.3429003
7.1862 4.9056997 -3.6205006
6.0353 7.0452995 -5.5699005
2.9861 4.2622004 6.1768994
4.7059 -5.8175993 4.1527004
0.7748 8.5149 -6.0090003
-1.7698 -3.8737998 2.8473003
7.9501 -3.1740003 -3.5196998
-2.2033 4.7501006 6.1754994
-3.142 4.1890006 6.1754994
-0.5894 0.97290045 6.0684
-6.1663 3.5989006 5.9579997
-2.8253 1.0283 0.3824999
-6.868 0.75430024 3.4468
-6.2386 0.59700024 3.2213
-8.4281 4.0330997 -5.4914002
-8.8981 -2.2027001 -4.1344
-3.42 2.3474996 -6.1601
7.4236 4.9227996 -5.8598003
7.4793 1.9926997 -3.2697003
2.1686 5.552 -3.0657005
5.7842 -3.7688003 -3.1590998
-4.4185 -6.8188004 -6.0671997
0.7762 5.7286005 6.1516995
0.5889 3.0021005 6.1494
-1.8392 1.3799995 -6.1043
-5.3263 -4.4093003 -6.1564994
-5.2929 0.9261995 -6.1754
-3.6784 -0.74039954 6.1709
-6.3977 -2.0792997 3.3384001
-6.4588 -3.6904998 4.0617003
-2.6535 -2.2810998 2.2874002
-1.9399 -2.2662 -0.32299984
-1.6087 -2.5678 -0.9590998
-1.058 -2.7874 -0.33849978
-0.07 -5.3974 -2.9980996
0.5221 -3.4650002 -2.3102999
3.8642 -8.6346 -5.1778994
5.0272 -6.9873004 -6.0014997
3.1998 -3.3236005 -6.1719995
5.3605 -3.6351995 6.0990005
6.4873 -2.9568994 5.9632
3.0626 -0.5044999 1.0769
4.0479 -0.16300021 -2.6906
3.2239 0.53350013 1.7351
8.0395 3.2351997 -3.5902002
6.623 4.8221993 -3.3646004
-4.1323 -1.1577004 -6.1638
2.1292 3.0373006 6.1696
1.853 5.9533997 -6.1791005
3.3677 3.1576996 -6.172
-1.9527 -7.4267993 4.6475005
-0.9812 2.2180004 6.1295
2.9613 -8.0516 -3.5272992
-8.4352 1.4512998 -3.5193
7.5969 0.5047004 5.5365
-5.7019 3.0405004 6.1015
-3.1227 0.9834001 1.7468998
-2.2858 -2.2886002 -1.8432999
-6.4554 -0.22159953 6.1019
4.1673 8.3964 -5.4531007
-7.3741 5.0981994 -3.8602004
-0.1093 0.5174005 6.0331
-4.8138 7.3356996 -5.9224005
7.7239 -0.41910022 -3.2688
5.08 3.2389998 -3.0720003
5.3575 -4.3535004 -3.1589997
6.832 4.4735994 -6.0615005
1.3655 5.6156006 6.1517997
1.3984 2.8499005 6.153
0.7333 2.1233995 -6.1023
-5.4283 4.3058996 -6.1560006
-4.5422 3.1571996 -6.1761
6.6158 6.6853995 -4.6102004
-6.9375 -2.1403997 3.7829003
-6.703 -3.8412995 4.8991003
-3.943 -2.7518997 2.9942002
-1.9869 -2.3816 1.0588002
-1.591 -2.5517 0.39350018
-0.6033 -3.0434 1.0523002
-0.2468 -4.1097 -2.7102997
0.2916 -3.0263 -1.0449997
3.5771 -8.4773 -4.1762996
5.4742 -7.2546005 -5.7770996
4.7513 -4.1145005 -6.1789994
4.2024 -2.9669995 6.1793
5.9849 -2.4355996 6.1015
3.5142 -0.73929983 2.404
4.3586 3.6245995 -6.1767006
3.8529 0.56960016 2.6928
7.4771 3.3171997 -3.3594003
5.9311 4.2961993 -3.2004004
6.2899 7.0976996 -5.0252004
0.8879 2.2202005 6.1283
2.2849 7.1975994 -6.1340003
1.5122 9.2853 -5.3449006
7.2086 2.6550002 4.6624
-0.0289 1.1674005 6.0702
-1.0902 -3.8434005 -6.1561995
-1.7939 1.6907005 6.1308
-3.3252 -6.4205995 3.7523005
-4.5701 2.5575004 6.1755
-3.4372 1.2880002 2.486
-7.3575 0.8809003 4.0173
7.9921 -4.9152007 -5.4454994
4.8879 7.6601996 -4.0289006
-0.6893 5.8264 3.1574996
-3.1304 8.451 -5.8106003
6.8879 -3.5244002 -3.2690997
1.0452 -9.3115 -5.4681997
-3.7791 -5.7781005 -3.1590996
-6.8156 -4.4320006 -6.0665994
5.0752 2.7328005 6.1524
1.6071 2.0781004 6.1359
1.5634 1.1478995 -6.0904
5.4488 -4.2907004 -6.1556997
-2.6706 4.6161995 -6.1752005
-7.3701 -2.3775995 5.08
-6.2048 -3.5051994 5.9648004
-3.7497 -3.5789998 3.0607002
-1.8206 -2.7195997 1.7533002
-1.1193 -3.1050997 1.8437003
-0.4393 -3.4628997 2.2678003
-0.0477 -3.6019003 -2.3931997
0.2838 -2.9914 0.26540023
3.5513 -8.075 -3.7214992
5.9395 -7.3063006 -5.3102994
5.6537 -5.0223002 -6.1335998
3.0662 -2.1848996 6.1713
4.7238 -2.0344994 6.1793
4.1277 -7.6597004 -3.6205995
3.7104 -0.072099805 2.5238
4.426 0.85610026 2.928
6.695 2.9691997 -3.2004004
5.2341 3.7647998 -3.1126003
6.1347 6.9840994 -4.3507004
-6.4727 4.1778007 4.8149996
2.7193 8.1978 -5.9911003
0.8924 9.3008 -4.4535003
5.3739 1.9157995 -6.1768
9.0234 -2.5849001 -4.565
-0.6583 1.2719995 -6.0706
2.5872 1.9756995 -6.1372
1.7048 7.2535005 4.0916996
-3.4145 1.5383005 6.1707
-4.7319 1.7995002 3.0438998
-7.5911 1.1930003 4.6826
-6.677 6.6195993 -5.3675003
7.4527 -5.0715003 -3.9293995
2.4453 -5.2012005 -6.1769996
4.8491 -7.5918007 -5.8122997
1.9904 -7.4781003 -3.2693994
5.5856 -2.1867003 -3.0693998
-4.3561 -5.3584003 -3.1591995
-7.285 3.6852996 -6.0618005
5.729 -0.77779955 6.1516
2.3316 2.0724006 6.1512
2.1149 -0.84540045 -6.1036
-3.2135 6.1392994 -6.1559005
4.7108 3.0271995 -6.1764
1.9282 -7.3226995 5.5980005
-6.7993 -2.1384995 5.964
5.1414 2.5695996 -6.177
-4.7965 -4.3490996 3.2726002
-2.2328 -2.7481997 2.3593001
-2.3906 -3.4477997 2.8210003
-0.8618 -5.0939 3.0584004
-0.0878 -3.2220001 -1.8194997
-2.7671 -1.9535002 -2.1033998
3.3585 -7.5390005 -3.3892996
-0.4123 -9.4339 -4.8105993
6.4156 -5.7533007 -6.0002995
7.2159 -6.0474005 -4.6283994
-4.5709 7.2602997 -3.5275004
6.3574 -1.3302997 3.2777
4.2899 0.12820022 2.8626
5.5103 1.2938002 3.1278
5.9064 2.6159997 -3.1137002
4.0199 3.4811997 -2.9860003
6.0246 6.2243996 -3.5871005
3.1315 5.3939996 -6.1791005
2.6897 8.8043 -5.6552005
1.1702 8.6307 -3.6284008
-0.3511 4.6447997 -6.1723003
-3.006 -0.7545999 1.0424
-2.1295 4.0616994 -6.1713004
-5.9481 -4.8577995 4.6513004
-2.2103 1.8609995 -6.1272
-2.1788 0.98950046 6.1283
-5.2932 1.4410002 3.1034
-7.6789 0.85030043 5.1868
4.3242 -3.2964003 -3.0043998
-4.9043 -7.6517005 -4.0312996
-7.6595 0.43120036 4.6199
3.1576 -8.2364 -5.9002995
-0.4158 -7.7276006 -3.2693994
3.2396 -5.0554 -3.0699995
-4.8732 4.8910995 -3.1591005
-4.4658 6.8256993 -6.0629005
5.6153 -1.3748995 6.1517
3.0618 0.3097005 6.1499
-0.0321 -2.1008005 -6.0967
-1.8727 6.6645994 -6.1562004
3.3421 4.5467997 -6.1765003
-6.0917 -1.3267004 -6.1791
-6.0774 -2.1934996 6.1016
-5.4857 -3.4099996 6.1019006
-5.3652 -4.7797995 3.6867006
-3.0981 -3.9328997 3.0360003
-2.4674 -4.4031 3.0412002
-1.3294 -6.3395996 3.2732005
-0.4844 -3.0002 -1.0633998
0.6063 -4.0416 2.7751002
2.9702 -6.6953006 -3.2003996
5.6111 -7.6235003 -4.8992996
6.8032 -6.1648006 -5.6910996
-7.7036 -0.34129965 4.8625
4.1083 -6.3599997 5.5991006
7.0236 -1.5363997 3.692
5.4824 0.19230025 3.1033
6.1141 1.3379003 3.219
4.9169 2.1976998 -2.9958003
3.755 2.8180997 -2.8817003
5.4763 6.0665994 -3.3565004
3.7328 6.5648994 -6.1340003
-0.7141 -3.5581002 -2.4112997
0.8545 8.1504 -3.3655007
-0.6325 6.2228994 -6.1792006
-1.1598 4.7114997 -6.1731005
-3.1143 5.3602996 -6.1789002
-1.7436 2.1976995 -6.124
-5.0456 3.7050996 -6.1792006
6.7537 -3.4392996 5.5878005
-5.8152 1.7980002 3.1892998
-7.0672 0.8000005 5.9733
-8.7596 3.2281995 -5.4982004
-5.9984 -7.3147006 -4.9250994
-1.5817 1.0901005 6.1061
-8.2284 -3.2277005 -5.8919997
-7.4847 -1.9792002 -3.2699997
0.2887 -5.96 -3.0662994
4.8897 4.8693995 -3.1588004
3.6438 7.2213993 -6.0723004
2.7381 -5.0913997 6.1517005
2.9177 -0.9068995 6.1492
5.953 -7.2687006 -4.5875998
6.1361 3.2131996 -6.1560006
-4.0416 -3.5956001 -2.9995997
-7.3753 -1.6189004 -6.134
-4.9545 -1.6748996 6.1758
-4.3612 -2.6603994 6.1791
-5.5563 -5.1692996 4.3863006
-3.1284 -4.5999 3.1141002
-2.2262 -5.1311 3.1178005
-1.536 -7.0211997 3.6891005
-0.1318 -2.9772 -0.38069975
0.9048 -4.6357 2.9753003
2.6458 -5.9136 -3.1155996
5.3572 -7.5778003 -4.3166995
8.805 -3.3684003 -4.7072997
-1.8153 0.71389955 -6.0909
0.7391 -0.69509953 6.0613
7.4481 -1.4605997 4.3882
6.045 0.058400244 3.1831
6.7692 1.4233003 3.451
4.4285 1.6374998 -2.8905003
3.4469 2.1865997 -2.6998003
4.9088 5.4346995 -3.2003005
4.1721 7.4665995 -6.0086007
2.6221 7.7616997 -3.3663006
0.7764 7.2833996 -3.2005005
-0.8366 7.5140996 -6.1337004
-2.0312 5.9517994 -6.1790004
-3.8215 6.5192995 -6.1338005
-3.0189 3.5244994 -6.1722007
-6.1408 4.4036994 -6.1338005
-1.2735 0.9423995 -6.0766
-6.3603 2.0709002 3.3257997
5.6264 -1.1252005 -6.177
-5.6495 0.27869952 -6.1766
3.4796 2.5960996 -6.165
2.6273 -2.6343997 2.5350003
-5.5814 6.8535995 -5.8919005
3.4791 6.9920993 -3.2817004
-7.2805 -2.1551998 4.4025
4.873 -4.8909006 -3.1590996
7.2402 -3.6838005 -6.0674996
-0.7738 -5.7295995 6.1516004
2.6464 -1.5883995 6.1502
-7.3476 5.8327994 -4.5559006
6.6764 1.8914995 -6.1556
1.0271 -4.7873006 -6.1732993
-8.4428 -1.7351005 -5.9993
-3.4385 -1.4614996 6.1705
-3.0999 -2.1026995 6.1708
-5.7505 -5.1882997 5.0249004
-3.5275 -4.9639997 3.1896005
-2.5279 -5.7274995 3.2192004
-1.4596 -7.4478993 4.3872004
0.0248 -3.1624 1.3237002
1.2268 -5.3977 3.1098006
3.9388 4.1341996 -6.1768003
5.1676 -7.1683006 -3.7348995
6.9795 -6.3830004 -5.1742997
3.9984 -2.3678005 -6.1722
0.5047 -7.5968995 5.5365005
7.5774 -1.6034997 5.0251
6.6975 0.0052002515 3.3279
2.01 2.5425005 6.1551
3.7186 1.6332997 -2.6924002
2.7989 2.1298997 -2.3303003
4.334 4.7851 -3.1134005
2.6841 -3.8581004 -6.1724997
2.2748 6.9621997 -3.2005005
0.6876 6.4382 -3.1152005
-0.7726 8.8097 -5.8923006
-2.3824 7.1679997 -6.1339006
-4.3375 7.4242997 -6.0028005
-4.264 4.6082997 -6.1793003
-6.982 5.2209997 -5.9516006
-2.489 1.4068996 -6.126
-7.2067 2.6243002 4.6117
-6.4383 0.45540044 6.1027
-4.1968 8.0809 -4.0543003
0.9471 -3.1253004 -6.1375
1.7942 -2.9916003 -2.2793999
7.0704 5.5964994 -5.8082004
-3.5246 -6.8868003 -3.2689996
-5.037 -3.2095003 -3.0668998
-4.8908 -4.8747005 -3.1591995
4.4275 -6.7715006 -6.0720997
-1.3648 -5.6159997 6.1517005
2.4782 -2.0902996 6.1551
-7.8535 5.2365994 -4.7836003
3.2165 -6.1405005 -6.1557994
3.9521 -2.9933004 -6.1736
-8.9427 -2.0614004 -5.689
-2.3189 3.4726996 -6.1608005
-1.9247 -1.4568995 6.1292
-5.3383 -4.7316995 5.9610004
-3.904 -5.4016995 3.3199005
-2.8722 -6.3055997 3.4591005
-1.601 -7.5774994 5.0229006
-1.1308 -5.72 3.1523004
1.3283 -6.1172996 3.2191005
1.6308 -3.6629002 -2.6683998
4.843 -6.6796002 -3.3883996
6.7203 -6.2906003 -4.1815996
5.465 -3.1048005 -6.1792
-3.4146 -6.7667994 5.5871005
6.9659 -1.5377995 5.9609
7.2604 -0.078199714 3.7822
7.2876 1.5026003 4.0663
3.1798 1.5585002 2.3592
2.7192 1.7147999 -1.7905002
3.7231 4.0304 -3.0117002
5.1418 7.8714995 -5.3678007
1.9993 6.1351 -3.1130004
0.7622 5.4813 -3.0195005
-1.3026 9.2595 -5.4811006
-2.7489 8.087 -6.0103006
-4.7416 7.8793993 -5.6666007
-5.0904 5.5787997 -6.1340003
-7.5675 5.2654996 -5.6388006
-4.2117 1.9551995 -6.1722
-7.3546 2.3722005 5.1827
-5.2135 0.48190048 6.1755
8.1003 3.8497999 -3.8656003
-8.4724 -4.2072005 -4.9212995
3.5958 0.41249982 -2.4046
-6.8526 -5.5788007 -5.8929996
-4.8585 6.0220995 -3.2692006
-5.887 0.9274998 -3.0656
-3.751 5.7983994 -3.1593006
-3.7091 -7.3083005 -6.0573997
-5.0752 -2.7327995 6.1524
0.6484 -2.9520996 6.1482
2.1219 0.082999535 -6.0976
1.876 -6.6583004 -6.1563997
2.9758 -4.6187005 -6.1758995
-4.5689 -0.46570048 -6.1713
5.7206 -0.30690047 -6.1769
-6.4474 4.0458007 5.5397997
-4.6567 -4.4809995 6.1014004
-4.2289 -5.8445997 3.7206004
-5.3618 5.3771005 5.5657997
-1.5373 -6.9664993 5.9607005
-0.1739 -5.0855 3.0474005
1.4217 -6.7728996 3.4530005
1.2946 -2.6893 -0.2664998
4.2966 -5.9318004 -3.2003996
6.5288 -5.9323006 -3.7214994
6.565 -3.7331004 -6.1339993
0.2135 -4.5718 2.9437003
6.3632 -1.1348995 6.1012
7.6125 -0.14229965 4.4541
7.5633 1.5760003 4.9019
5.929 2.6572003 3.2780998
2.6099 1.4642 -0.51450014
3.2678 3.4977999 -2.9046001
4.5883 8.1363 -4.4486003
1.2633 4.9825 -2.9592004
0.6233 4.7024 -2.8967001
-0.0656 4.1733 2.8112998
-2.6068 8.9283 -5.5401006
-3.832 0.079099536 -6.152
-5.8569 6.3214993 -5.9988003
-7.55 5.3629994 -4.2719007
-5.7381 2.4614995 -6.1791
-6.7455 2.2263005 5.9791
-3.7551 0.037200466 6.171
4.171 -8.0883 -4.0473995
-8.7757 3.5269995 -4.9062004
-3.025 -4.0366006 -6.1739993
-2.3508 8.5152 -5.8944006
6.0212 4.8629994 -3.2696004
0.9329 6.0015 -3.0768006
5.7952 3.7466998 -3.1588001
-1.2892 8.0937 -6.0574007
-5.7776 0.17440046 6.1517
-0.588 -3.0047996 6.1494
1.6502 -1.6128005 -6.1047
-6.1362 -3.2252004 -6.1557994
-9.277 1.8988997 -4.9272
-8.0328 -1.6100003 -3.3662999
-4.7211 -1.4396005 -6.1735
4.1571 2.2158997 -2.8871002
-3.788 -3.4905996 6.1792006
-4.5307 -6.1137996 4.4356003
-3.0686 -6.7862997 4.0781007
-1.1339 -6.3632994 6.1012006
0.1505 -5.5951 3.1188004
3.4057 -6.7625995 5.5988007
1.2735 -2.8395 1.1072003
3.7885 -5.2408 -3.1143994
6.1345 -5.5211005 -3.3892996
7.4331 -4.3306003 -6.0022993
1.1275 -3.2619998 2.1789002
5.0423 -1.0102996 6.1793
7.7157 -0.091499604 5.2333
4.3627 -0.8022005 -6.1674
6.6057 2.8614001 3.7050998
2.6909 1.5511001 1.0627999
-4.6908 0.59089977 -2.8918
4.5247 7.3606997 -3.5657005
1.8333 4.416 -2.9040003
0.5069 3.5790997 -2.4034002
-1.0823 9.2364 -4.3587003
-2.9591 8.8517 -4.4302006
-4.0635 7.6587996 -3.5937004
-6.1642 6.7905993 -5.7020006
-6.8154 5.3482995 -3.5879004
-6.925 3.0278995 -6.1337
-6.2054 1.7823005 6.1024
-2.6752 6.9910007 4.1573997
-8.1172 -3.9230003 -3.9305997
-2.8431 1.8639995 -6.1409
2.3515 2.6286998 -2.3411002
8.7122 2.2297995 -5.8197
4.86 -6.0219007 -3.2693994
-1.2247 2.7315 -0.09650021
3.7512 -5.7984004 -3.1592996
8.0517 1.3049995 -6.0629
-1.6233 5.5475006 6.1516995
-1.3958 -2.8518996 6.153
0.6964 -2.2082005 -6.1049
-6.6599 -1.8669004 -6.1564
-3.7815 -4.0454006 -6.1760993
-7.1669 -1.5110003 -3.2005
6.4658 -4.1885996 4.8156004
-2.203 3.2248003 2.6969998
-2.743 -2.7297995 6.1726
-4.5939 -6.2002997 5.2353005
-3.0767 -7.0834994 4.8942003
-0.9992 -5.1387997 6.1755004
0.0589 -6.1009994 3.1912005
1.5023 -7.2879996 4.0668006
1.5547 -4.6987 3.0246003
3.1394 -4.4267 -3.0024998
5.4361 -4.9085007 -3.2003996
8.0263 -4.3356004 -5.7494993
4.1888 -1.6279005 -6.1689
1.2588 -8.5131 -3.5384994
7.2196 -0.03709955 5.9114
6.9865 1.4222004 5.963
6.9333 3.1354003 4.4313
2.7072 1.8464001 1.7668998
2.4023 1.8909999 -1.1922001
4.1024 6.9485993 -3.3255005
1.4481 3.7469997 -2.6773002
0.6892 2.9629 -1.0776002
-0.592 8.6465 -3.5909007
-2.4452 8.3503 -3.6205008
-4.0785 7.0898995 -3.3592005
2.5463 3.8077002 2.9444997
-6.6073 4.8192997 -3.3588004
-7.8623 3.4776995 -6.0031004
-5 1.5546005 6.1755
-0.2758 7.4857006 4.1651998
-6.1801 6.5221996 -3.8881004
-2.5134 -9.1182 -4.9151998
5.097 -2.8494997 3.1535003
-8.4912 -2.2955005 -5.912
-6.0209 -4.8619003 -3.2693994
-1.0992 -5.8866 -3.0681996
-5.7935 -3.7510002 -3.1588998
1.2907 -7.9859004 -6.0721993
0.1731 5.7785006 6.1516995
-1.6024 -2.0910995 6.1361
-1.6498 -1.0716004 -6.0915
-6.501 2.4052994 -6.1559
3.1328 0.27659988 -1.5189
-6.3252 -1.3329003 -3.1142
-2.9536 -0.8726005 -6.1327
2.6638 9.0639 -5.1916003
-4.1173 -6.5155997 4.8351007
-4.2705 -5.8204994 5.9118004
-2.9497 -6.4925995 5.9623003
-0.5699 -8.5597 -3.5271993
0.0069 -6.7272997 3.3387005
1.576 -7.5632997 4.9019003
2.2499 -4.7182 3.0668004
2.2974 -3.2935002 -2.6747997
4.7907 -4.3345 -3.1137998
8.3481 -4.3717003 -5.2812996
6.0189 -1.8226005 -6.1789
2.4435 -0.18809953 6.1304
6.4705 0.22340046 6.0993
6.2739 1.5474005 6.1015
7.1024 3.0710006 5.0999
2.8079 2.1379004 2.3461998
2.2087 2.4649003 1.8562998
3.7141 6.4027996 -3.2094004
1.0251 3.3556998 -2.3149002
0.5985 2.9481 0.3606998
-0.8442 8.1363 -3.3595006
-2.5396 7.7890997 -3.3646004
-3.6529 6.3483996 -3.2004006
-6.3288 6.8536997 -4.4241004
-5.9188 4.3137994 -3.2004004
-8.2951 3.6424994 -5.7928004
-3.6668 0.8065005 6.171
-0.2647 7.6753006 4.6440997
5.8241 6.8091993 -3.8546004
2.6801 3.9252994 -6.1727004
5.3296 2.4640002 3.1581998
-8.2964 3.1212995 -5.8801
-1.2001 7.6451993 -3.2694004
-5.7594 1.5671997 -3.0665
-6.9011 -0.34960023 -3.1597
-7.9896 -1.2862005 -6.0718
5.5497 1.6166005 6.1517
-2.3292 -2.0752995 6.1512
-1.1748 1.7863995 -6.0982
2.4008 6.4826994 -6.1565003
-1.8992 -4.5269003 -6.1733994
-5.4124 -1.1361003 -3.018
-3.9712 -1.8704004 -6.1662
-3.8087 -2.6213005 -6.1721
-3.4428 -3.3825004 -6.1729994
-3.6199 -5.3658996 6.0996003
-2.4331 -5.9849997 6.1017003
-0.0252 -2.4321995 6.1298
-0.0779 -7.2617993 3.7839005
1.4222 -6.9864993 5.9630003
2.651 -5.9172997 3.2748005
2.4146 -2.5957003 -2.3546999
3.9203 -3.7152002 -2.9988997
8.2176 -4.6958003 -4.8862996
7.2069 -2.2884004 -6.1336
5.1424 0.059900466 6.1793
5.0157 1.1251005 6.1793
6.5376 2.8352005 5.965
3.0463 2.5961003 2.7384999
2.4354 2.7277002 2.4683998
3.2467 5.5905 -3.1142006
1.1682 2.9780998 -1.7313002
0.5635 3.2302003 1.7763997
-0.7551 7.2847996 -3.2004006
-2.2541 6.9686995 -3.2004006
-3.232 5.6156 -3.1156006
-5.5613 6.6487994 -3.5921004
-5.2205 3.8111997 -3.1141002
4.7183 -2.0496004 -6.1744
-0.3811 -3.8636005 -6.1531997
7.4984 -1.1984996 5.5658
6.3874 6.4658995 -4.0318003
-5.0463 -0.05969977 3.0411
0.5077 0.10890046 6.0325
3.159 8.4873 -5.7899003
7.6494 1.1956998 -3.27
1.4811 5.7074 -3.0594006
-0.3489 6.8948994 -3.1591005
-2.9235 7.5420995 -6.0723004
5.6894 1.0278004 6.1516
-3.0568 -0.30529952 6.1497
1.4794 1.8583995 -6.1073
6.499 -2.3953004 -6.156
4.4646 -0.9752998 2.9411
3.9789 -1.2529998 2.8099
-5.6724 -2.6445005 -6.1792
-5.0524 -3.6593006 -6.1790996
-4.1121 -4.7354007 -6.1792994
-2.9861 -4.2621994 6.1769004
-2.0204 -4.7185993 6.1792006
-0.4884 -2.6416004 -6.1194
-0.1423 -7.6124997 4.4542003
1.1042 9.4145 -5.0047007
2.8613 -6.6045995 3.7037005
1.6354 -2.5517 -0.9704998
-1.201 -5.6195006 -6.1769996
7.9694 -4.7566004 -4.3194995
8.1875 -2.6496005 -6.002
1.399 -0.27590045 -6.0703
5.4744 6.5799994 -3.5194004
-5.4829 -6.6324005 -3.5382996
5.8134 2.8165004 6.1019
4.3013 3.2495003 3.0895998
2.749 3.0893002 2.7940998
2.8325 4.7463 -3.0180004
1.3686 2.7088 -1.0169002
0.7044 4.4156 2.9204998
-0.6634 6.4237 -3.1135006
-2.0098 6.1381 -3.1136005
-2.6086 4.9444 -3.0282004
-5.4622 6.0875998 -3.3591006
-4.4449 3.2620997 -3.0155003
-8.5119 3.8142998 -4.4115005
-7.2032 -2.6627998 4.6468
-7.5482 -0.051600464 -6.1341
6.1646 -6.5142007 -3.8657994
4.3467 8.4049 -4.9428005
2.1221 2.3371994 -6.1346
8.2316 -3.1644006 -5.9011993
1.2009 -7.6463003 -3.2695994
5.7991 -1.5482002 -3.0698
6.8674 0.35419977 -3.1563
7.5881 2.9182994 -6.0666
5.7803 -0.17419954 6.1516
-3.1539 0.3377005 6.1528
0.7252 5.6546993 -6.1768003
-2.3948 -6.4940004 -6.1561995
-2.222 4.3755 -2.9235003
-2.9588 -1.3698001 -1.8841999
-6.8785 -3.1185005 -6.1339
-6.0886 -4.4814005 -6.1336994
-5.0165 -5.6474004 -6.1338997
-2.1286 -3.0375996 6.1696
-0.591 -1.0155995 6.0706
-0.7034 -4.5134006 -6.1707997
-0.0915 -7.7156997 5.2333007
1.548 -6.2737994 6.1015005
3.1355 -6.9330997 4.4311004
1.5822 -2.5613 0.41760018
2.1724 -2.4093997 1.6292002
7.6357 -4.4531007 -3.7374997
8.6964 -2.8531005 -5.7244
-0.3831 3.0013995 -6.1313
5.98 -6.1500006 -3.5269995
1.9233 7.4394007 4.6782994
4.6462 2.1213005 6.1791
4.8612 3.5887003 3.1825998
2.0196 -3.7173004 -6.1621995
2.5726 4.0914 -2.9121003
1.0053 2.8075 -0.3432002
0.4764 5.6261 3.1257994
-0.5538 5.3488 -2.9945004
-1.9023 5.0293 -2.9955006
-1.4006 2.9631002 1.7666998
-4.8926 5.4500995 -3.2004006
-3.4459 3.3098998 -2.9036002
-7.7784 3.8226998 -3.5912004
-4.4143 1.1808995 -6.1709
-8.5481 -0.10980046 -6.0093
-5.8193 -6.8848004 -3.9294996
1.7017 -3.3250997 2.5494003
-7.1238 2.1381001 4.0689
-3.1067 -8.342 -5.8624997
-7.6437 -1.1964003 -3.2691
-2.6535 3.9148996 -6.1726003
0.3489 -6.8949003 -3.1590996
2.9402 -7.6443005 -6.0581994
1.6198 -5.5495996 6.1517005
-0.0648 3.1661005 6.1526995
-6.7144 1.7240995 -6.1558
-0.9016 3.5761995 -6.1483006
4.8834 -1.3603004 -6.1741
-6.7442 3.4060004 5.6233997
-7.7568 -3.5772004 -6.0101995
-7.243 -5.0720005 -5.8927994
-5.6344 -6.4311004 -6.0089993
-0.876 -2.2360995 6.1288
0.1881 3.2120996 -6.1363006
-0.6006 -6.1102004 -6.1786995
-0.0371 -7.2195997 5.9114003
1.1673 -5.1040998 6.1755004
3.071 -7.1023993 5.0999002
3.8288 -3.5075004 -6.1745996
3.9393 -3.6025999 3.0819001
7.1406 -4.1326003 -3.3882997
-3.5536 -1.3554997 2.616
6.2851 -0.62560046 -6.1781
5.9484 4.8575006 4.6514997
-3.3816 -4.6837006 -6.1770997
-7.9632 3.1935997 -3.5276003
5.4142 3.9391003 3.3273997
3.6929 4.2679 3.1253998
2.0017 3.7033997 -2.7376003
1.3444 2.6889 0.3819998
0.6139 6.2228003 3.2175996
-0.1603 4.7136 -2.8888001
-1.4651 4.4813 -2.8868003
-1.6409 3.6164002 2.7238998
-4.3134 4.8131 -3.1141005
-3.0569 2.4696999 -2.6180003
-7.4654 3.3404999 -3.3591003
-6.1002 1.3149996 -6.1791
4.2661 1.6757002 2.9451997
-6.4035 -6.4659004 -4.0469995
1.8217 3.5507002 2.7339997
9.4304 0.30119962 -5.2385
-6.0042 4.8804994 -3.2692006
-3.7306 4.6566 -3.0663002
-2.4676 6.4490995 -3.1592004
-1.6748 0.5138005 6.098
-7.6042 -2.9503005 -6.0629
-0.1691 -5.7805996 6.1516004
2.6844 1.4748005 6.1495
-3.8336 5.7602997 -6.1563005
1.3741 3.5163996 -6.1506004
2.6962 -2.2129004 -6.1432
5.138 -2.5381005 -6.1769
7.3015 2.1288002 4.4384
-7.3771 -5.7487006 -5.4792995
-6.6252 -6.6180005 -5.4633994
-0.9331 -1.1578004 -6.0729
7.6934 0.41340035 4.8191
-0.7432 -7.5196004 -6.1337996
0.224 -6.4704995 6.0993004
-7.1207 4.7784996 -3.5259004
2.8352 -6.5376997 5.9650006
-2.7681 3.5378003 2.9248998
4.6404 -4.1562996 3.2115002
6.3377 -3.6711001 -3.2003999
-9.3094 1.3900996 -4.6254
7.5135 -0.7374005 -6.134
2.6661 -0.16620046 -6.1188
1.5169 0.44349957 -6.0765
-1.556 5.3842998 -6.1764007
5.9155 4.2047005 3.7779999
4.1572 4.6735005 3.2179997
-3.3907 3.7362003 3.0405998
1.0129 2.9463 1.1456997
0.7312 6.8496003 3.4338996
-0.4251 4.0606 -2.6985002
-1.0259 3.9302998 -2.6939003
-2.2143 3.8861003 2.9196997
-3.5791 4.0447 -2.9984002
-2.731 2.1550999 -2.2663002
-6.6863 2.9888997 -3.2004004
-7.4038 1.5255995 -6.1337
-9.3383 -0.084100336 -4.4428
-9.0745 0.4054997 -4.0245
-8.738 -3.6333005 -4.9260993
-1.8415 2.3644 0.096599825
4.8818 5.9987993 -3.2686005
4.6549 3.6254997 -3.0597003
6.4498 2.4623997 -3.1591003
-1.3913 2.9324996 -1.8606002
-5.7409 5.6999993 -6.0721006
-5.5497 -1.6166996 6.1517
3.0277 0.9463005 6.1529
-1.1537 6.8220997 -6.1563005
2.1551 3.2062995 -6.1528006
7.5762 -5.6848006 -4.9650993
-3.8034 -0.54179984 2.6532
-8.6155 -3.6143005 -5.4936996
-6.1986 -7.0137005 -5.4783998
-6.2044 -6.9787006 -4.4384995
-2.4164 -4.0641003 -6.1725993
-1.3684 -4.3335004 -6.1700997
-1.064 -8.696 -5.9310994
0.0819 -5.2358994 6.1755004
0.7182 -2.2319996 6.126
2.8173 -5.8146996 6.1016006
2.7105 -4.1486 3.0272002
5.1292 -4.6333995 3.4478002
5.5993 -3.2323003 -3.1141999
9.0067 -2.8811004 -5.1875
8.5943 -0.89110047 -5.9905
0.3488 -3.2885997 1.8498002
6.0479 2.0660994 -6.1753
-0.0298 -0.5300995 6.0339
6.2198 4.3744006 4.4254994
4.6315 5.1318007 3.4480996
1.6981 2.4534 -0.30900016
1.1454 3.1394002 1.9365997
-1.9577 -7.3138995 5.5993004
-0.5045 3.2151997 -1.8779002
-1.1243 3.3304996 -2.3245003
-2.9388 4.8296 3.1268995
-2.734 3.7497997 -2.8647003
-2.0655 2.4448998 -1.7351003
-5.899 2.6423998 -3.1141002
-8.5368 1.9440995 -5.9341
-8.6367 0.23829973 -3.5655
0.4095 0.7905995 -6.0448
-7.0863 5.6764994 -4.0194006
-9.4428 -0.44680035 -4.8826
-0.8293 -3.2126005 -6.1388993
7.229 2.7610998 -3.2693002
3.7401 -4.6697 -3.0678997
2.4676 -6.4490004 -3.1591995
4.6697 1.0672997 -2.9051
-3.7257 7.2573996 -6.0627003
-5.6891 -1.0276995 6.1517
3.1573 -0.32829952 6.1529
1.7063 6.7059994 -6.1563005
-1.4718 -3.1962004 -6.1438994
4.6298 8.1405 -5.4743004
-4.4345 -0.34709978 2.915
-8.5046 -3.8516002 -4.4346995
-7.4538 -5.5490003 -4.3428993
-6.0092 -6.2926006 -3.6204996
-3.1352 -5.4213004 -6.1791997
-1.8252 -6.0060005 -6.1792994
-0.9243 -9.2599 -5.5438995
1.1339 5.7254 3.1530995
0.1887 -1.1712996 6.0713
2.2029 -4.7493997 6.1755004
3.4267 -4.2834 3.1034002
-3.4216 6.7538004 5.5997996
3.4854 -2.0365002 -2.6849997
8.6874 -3.0035002 -4.1636
9.1535 -0.9354004 -5.6675
6.2363 0.7724995 -6.1791
7.1685 2.3825996 -6.1339
-2.7705 7.1658006 4.6715994
6.2285 4.5954003 5.0923996
4.9904 5.5095005 4.0517993
1.7397 2.5766 1.1091998
1.3164 3.4201002 2.4803998
0.8952 7.3473005 4.0034995
-0.5508 2.935 -0.23320022
-1.0371 2.8273 -0.75070024
-3.1633 5.3994007 3.2187996
-2.8135 2.9439998 -2.6966002
-2.1958 2.0179 -0.39340016
-5.013 2.2916996 -3.0155003
-9.1057 1.7852995 -5.5704
-8.0689 0.07849975 -3.3255
1.2631 -1.9027995 6.1232
-5.7728 7.0342994 -4.0465007
-0.9163 4.0175 2.7884998
2.9098 5.1758003 3.1675994
6.0096 -4.8784003 -3.2696996
-4.6524 -3.7431002 -3.0666997
-6.4486 -2.4649003 -3.1589997
-1.8715 -5.5407 -3.0541995
5.7043 5.7306995 -6.0727005
-5.2075 2.5094004 6.1517
0.0589 -3.1628995 6.1526003
3.073 6.1933994 -6.1565003
-2.0971 -3.0626004 -6.1489
0.2309 -0.00050045457 -6.0207
-4.9847 -0.77969974 3.0415
-8.0586 -3.3006003 -3.6271996
-7.1912 -4.8360004 -3.5901995
-5.4758 -6.0939007 -3.3645995
-3.7379 -6.5707006 -6.1336994
-2.285 -7.1992006 -6.1338997
-8.5078 -1.9207002 -3.6351998
-7.7078 -3.8281002 -3.5386999
-7.4913 -1.1938995 5.5774
-1.223 8.4908 -3.5272007
3.6402 -4.8898997 3.1905005
5.5089 -4.9910994 4.0518003
3.9408 -2.7743998 2.9965003
8.3464 -2.7387002 -3.6875997
9.3963 -0.3836004 -5.3617
7.5103 0.8422995 -6.1338
8.197 2.6197996 -6.0018
2.7168 1.3525995 -6.1316
5.8017 4.1385007 5.9648995
5.1907 5.7190003 4.8852997
1.786 3.0173001 2.2997997
1.1784 3.9106002 2.7732997
0.727 7.6274004 4.5755997
-0.4686 3.0667 1.0658997
-1.1133 3.4032001 2.3936996
-3.4502 5.9905005 3.4482994
-2.3892 2.6842003 2.4069998
-2.3513 2.0915 1.2633998
-4.3499 2.0700998 -2.9095001
-9.1082 1.8213997 -4.3342
-7.402 0.0149997575 -3.2094
-0.2545 0.69949955 -6.0378
-3.0542 8.4807 -3.9285007
9.3317 -1.4991003 -4.8696
5.7517 -1.1283997 3.1567
-4.8788 -6.0087004 -3.2695994
-4.6359 3.7864997 -3.0682003
-1.7782 6.6690993 -3.1589005
-8.8187 -3.2203002 -4.5693994
7.2999 3.7278996 -6.0573006
-4.1799 3.9948006 6.1515994
-2.6803 -1.4791995 6.1494
5.7605 3.8361995 -6.1562004
-2.8294 2.4051995 -6.149
-6.1943 -0.057000466 -6.1789
-5.4593 -1.3101997 3.1213
-7.4856 -3.3351002 -3.3653998
-6.624 -4.7992005 -3.3593996
-4.9087 -5.4363003 -3.2004995
-4.5306 -7.5789003 -5.8989997
-2.5325 -8.1667 -6.0089993
-0.8359 -9.2346 -4.3004994
7.4263 -1.9565996 4.6513
-3.5699 -6.0378995 3.5098004
-5.9777 6.1543994 -3.5276005
3.9601 -5.4368997 3.3381004
5.7165 -5.1927996 4.8839006
4.5818 -2.4659998 3.0635002
7.816 -2.5481002 -3.3761997
-1.5661 9.2993 -4.7242002
8.554 0.9046995 -6.0026
8.59 2.9581995 -5.7787
3.9889 2.0415995 -6.1686
5.0993 3.9673004 6.1016994
-3.8103 -6.4047995 4.0903006
3.232 5.6387005 3.2786996
1.5505 5.2461 3.1009996
0.8146 7.0781007 5.9655995
-0.4091 3.5541003 2.3919997
-1.7827 5.0804 3.0887995
7.3112 -1.9610995 5.602
-1.4656 2.6541 0.56039983
3.7484 -2.5332003 -2.8314998
-3.2077 1.6536998 -2.3996003
-8.3998 2.1079998 -3.5851002
-6.4621 0.007899765 -3.1139
8.467 -4.1415005 -4.6875997
7.1237 5.5243998 -3.9296005
1.4139 -9.3523 -4.9169993
-2.8673 -5.1238995 3.1581004
-7.2338 -2.7600002 -3.2699997
3.2904 5.0015 -3.0683005
6.6725 1.7743998 -3.1591003
-7.5918 -0.37419957 5.5545
5.8013 -5.7905006 -6.0572996
-1.0337 5.6867003 6.1516995
-3.0241 -0.9492995 6.1528
6.8266 1.1834996 -6.156
3.1807 1.9970995 -6.15
-9.3212 0.3581996 -5.5069
-6.092 -1.3225998 3.2126
-6.695 -2.9695003 -3.2003999
-5.9309 -4.2966003 -3.2003999
-4.3378 -4.7988 -3.1145995
-4.3743 -8.274 -5.4707994
-3.3323 -8.7382 -5.4778996
-1.2241 -8.581 -3.5919993
0.4134 -7.6933994 4.8191004
1.998 -5.8534007 -6.1788993
-1.4247 4.0973997 -6.1649003
4.206 -5.9164996 3.7799006
-3.5821 -2.7375996 6.1759
5.6181 -3.2215998 3.2729003
6.9643 -2.2824001 -3.2008998
9.4371 -0.9308004 -5.0155
9.1363 0.8742996 -5.6914
8.785 3.3882995 -5.3110003
5.4068 3.1573994 -6.1792
4.1489 3.1417005 6.1769
4.8265 5.2651005 5.9554996
3.6306 6.2100005 3.6965995
1.822 5.7373004 3.1792996
0.4677 6.4442005 6.1015997
0.0094 5.7966995 -6.1772003
-1.9133 5.7315006 3.1825995
-3.7017 6.4471006 4.0523996
-4.3698 4.8261003 3.2814996
-2.6311 2.1687002 2.0895998
-2.5214 1.6903999 -1.0218002
-7.9911 1.7099998 -3.3562002
-3.5209 -0.3512002 -2.349
0.8414 0.20879954 -6.0437
8.4653 3.3074996 -4.0313005
0.681 -5.8432994 3.1597004
4.025 -4.3618994 3.1673002
-2.7645 7.2294993 -3.2696004
3.7911 4.6206 -3.0673003
1.7782 -6.6690006 -3.1588995
-2.3854 0.9006995 -6.1141
3.7333 -7.2618003 -6.0616994
2.5056 5.1990004 6.1520996
-1.0275 4.4047003 6.1759996
6.7221 -1.7012005 -6.1558
3.2772 -2.6786005 -6.1623
-5.5075 -0.06480023 -3.0149
-6.7668 -1.4243997 3.4497
-5.9069 -2.6326003 -3.1143997
-5.2308 -3.7891002 -3.1135998
-3.7365 -4.0709 -3.0175998
3.0836 -3.5890996 2.9775002
-2.8506 -8.8856 -4.4222994
-0.8669 -8.1335 -3.3593993
0.149 -4.5272007 -6.1697993
2.3821 -7.1739006 -6.1336994
0.5051 -1.3732005 -6.072
4.3745 -6.2197995 4.4257007
5.2618 -4.8401995 5.9512005
6.2072 -3.6336997 3.6957002
6.1495 -2.0179002 -3.1149998
9.2703 -1.0589004 -4.4249
9.4058 1.0587996 -5.1457
5.8638 7.3731995 -4.6598005
6.5239 3.8228996 -6.1336007
4.6135 -7.2640004 -3.5382996
-2.7732 1.3896002 1.0625999
3.6923 6.6487007 4.4294996
2.0297 6.3456006 3.3193996
0.4533 5.1230006 6.1792994
-0.6942 6.4595003 3.2779996
-2.0734 6.3669004 3.3274996
-3.8557 6.6942005 4.8901997
-4.7793 5.3719006 3.6926994
-3.0878 2.4359002 2.7090998
-2.4026 1.8104 0.39319986
-7.1613 1.5336998 -3.2004
-2.999 0.18100002 0.3295
9.4241 -0.23620036 -4.6821
9.0623 -0.4875003 -4.0139
-0.8577 2.8877 0.42809978
-4.0706 4.4040003 3.1762998
2.7634 -7.2287006 -3.2693994
4.609 -3.7780004 -3.0655997
-6.6719 -1.7757002 -3.1590998
1.4219 -2.8330002 -1.6204997
-5.7529 -5.7951007 -6.0615997
3.9855 4.1729007 6.1520996
0.8144 4.4494004 6.1759996
3.8315 -5.7618003 -6.1562996
-3.2428 -2.0639005 -6.1523
-4.8421 -0.20870022 -2.9142
-5.3763 -5.3625994 5.5658007
-4.8882 -2.4461002 -3.0091999
-4.4368 -3.0771003 -2.9985998
-3.2889 -3.4683003 -2.9036999
-4.5509 -8.1018 -4.3426995
-2.9833 -8.1361 -3.5900993
-0.7761 -7.2825003 -3.2003996
0.7276 -6.0871005 -6.1786995
2.5722 -8.3763 -5.9304996
1.3455 -2.3236005 -6.1192
4.5953 -6.2285995 5.0924006
4.9514 -4.1761994 6.0989003
6.6472 -3.6948998 4.4290004
5.1039 -1.7617003 -2.9984999
8.6205 -0.6828003 -3.5718
9.1866 0.9116997 -4.2107
8.987 2.9735994 -4.8996
7.4539 4.3228993 -6.0004005
-8.4952 4.1575994 -4.9069004
4.1607 4.9538007 6.1001997
3.7729 6.7535005 5.1055994
2.218 6.8716006 3.7287996
0.2808 3.7456005 6.1710997
-0.6786 7.1645007 3.7023995
-2.1704 6.9262004 3.7788994
-3.5096 6.2018003 5.9651995
-5.1671 5.5596004 4.3881993
-4.4921 3.1443002 3.1025999
3.0235 -0.14409995 0.5374
-6.317 1.3538997 -3.1138
-3.9045 0.1005002 2.697
2.5873 -9.0636 -4.6880994
7.1024 -5.6939006 -4.0507994
-6.6759 6.6792994 -4.8170004
-7.888 3.9756994 -5.8945003
-7.6359 1.2283998 -3.2686
-3.2624 -5.0394 -3.0698996
2.4851 6.4411993 -3.1591005
-7.0285 -2.5917997 4.1662
-7.1961 -3.6951005 -6.0721993
4.7637 3.2583005 6.1520996
1.0266 -4.4009995 6.1760006
1.173 -6.8052006 -6.1567993
-3.775 0.75439954 -6.1524
-4.1157 0.1262998 -2.7102
-7.2808 -1.5339997 4.0632
-4.3863 -1.7602003 -2.8918998
-3.802 -2.8153002 -2.8919997
-2.083 -2.2394 -1.1898999
-4.6031 -7.3421006 -3.5899994
-2.5415 -7.7736006 -3.3589995
-0.7 -6.4269 -3.1142995
0.8408 -7.5025005 -6.1339993
3.006 -8.8268 -5.5178995
1.5396 -4.2986007 -6.1707997
4.1384 -5.8021994 5.9647007
3.9424 -3.4474995 6.1755004
6.7531 -3.7754996 5.1005006
3.7989 -1.4685003 -2.6972
8.1219 -0.7937002 -3.3525
8.8336 0.8712997 -3.7715
8.863 2.7505999 -4.3164
7.9588 4.5698996 -5.6955004
-2.8236 2.9053996 -6.1576
3.3511 3.8684006 6.1790996
3.6045 6.1687007 5.9549994
2.4117 7.2049003 4.4035997
0.4974 0.9468005 6.0645
-0.8334 7.5624003 4.4276996
-2.2353 7.2698007 4.4302998
2.5708 4.7936997 -6.1757007
-5.1875 5.7513003 5.0249996
-4.938 3.5507002 3.1881998
-3.1448 1.8420002 2.4568996
-5.2728 1.1118997 -2.9963
-4.4969 0.3385002 2.9287
3.1369 8.8871 -4.6646004
5.7617 -7.0288005 -4.0312996
2.2265 2.007 -0.5528002
4.1831 7.9927998 -5.8063006
-5.4618 5.4807997 -3.2692006
-3.7924 -4.6399 -3.0687997
-2.469 -6.3734 -3.1520996
2.5855 -7.0380993 4.1780005
-8.0756 -0.45380044 -6.0724
5.2071 -2.5123994 6.1516
-0.8143 -4.4493995 6.1760006
-1.7056 -6.7158003 -6.1559997
-3.6293 1.4970995 -6.1544
-3.0252 0.3258999 -1.0619
-7.5435 -1.6413996 4.8651
3.4337 6.7547007 5.5903997
-3.7173 -1.9918002 -2.7399998
-2.2121 -2.0485 0.43790016
-4.1011 -7.0760007 -3.3589995
-2.2707 -6.9524007 -3.1993995
-0.6895 -5.3961 -3.0047996
1.0094 -8.4908 -6.0089993
8.7212 0.10979973 -3.6352
3.1384 -5.4174004 -6.1791997
3.9668 -5.1015997 6.1014004
7.1687 -4.7607007 -3.5383995
6.1634 -3.6195996 5.9528003
3.3624 -1.0499002 -2.3372
7.2812 -0.77530026 -3.2002
8.234 0.8226998 -3.3991
8.4145 2.6993997 -3.7350001
-7.7204 0.19130039 5.1714
1.0608 -1.6665004 -6.0919
-6.7414 -5.3043003 -3.5269995
3.0435 5.7023005 6.1011996
2.3509 7.3725004 5.1092997
-0.7123 7.7053003 5.0949993
-2.438 7.3431005 5.1132994
-3.4111 5.4874005 6.1015997
-4.7317 5.3386006 5.9608994
-5.4447 3.9502003 3.3382998
-4.2135 2.1179001 2.9743998
-4.5496 1.2930998 -2.8929
-6.7032 0.0037002515 3.3293
-1.3247 -9.3332 -4.6948996
2.9814 -8.4596 -3.8669994
-2.063 -4.2465 -2.8901997
2.9955 0.16279995 -0.6248
1.2267 7.6447997 -3.2701006
-5.9632 0.29789975 -3.0667
-6.6656 1.7987998 -3.1591003
5.3668 -1.8902005 -6.1768
-0.4307 8.1186 -6.0666003
4.1792 -3.9971995 6.1516004
-4.3092 1.3738005 6.176
-3.0715 -6.2017007 -6.1561995
-1.6175 3.4562995 -6.1515007
-2.9873 -0.09550004 -0.4929
-0.423 -5.2655005 -6.1749997
-2.9295 -1.2245998 1.3784001
-2.8631 -1.1320001 -1.2744999
-2.3269 -2.2953997 1.7379001
-3.6719 -6.3313003 -3.1998994
-1.902 -6.0402 -3.1014996
-0.9687 -4.8078 -2.9223995
0.3754 -9.4161 -5.2813997
-4.282 -3.9670997 3.1532001
3.8194 -6.5166006 -6.1338997
3.1419 -4.1882997 6.1755004
-8.2405 4.5274997 -4.5933003
5.7004 -3.0487995 6.101
2.9186 -1.4003001 -1.8460999
6.1182 -0.7621002 -3.0854
7.2824 0.75389975 -3.2001
7.8495 2.5413997 -3.3884003
3.3848 -8.7989 -4.7084994
4.0219 2.9950995 -6.1738
-6.36 -4.1082997 5.5991006
2.5315 4.4744005 6.1792994
2.2647 6.7553005 5.9657993
-5.8168 -4.7061996 4.1519003
-0.6768 7.0925007 5.9656997
-2.1668 6.7704005 5.9759994
-2.6401 4.4136004 6.1792994
-4.4812 4.6581006 6.1011996
-5.8301 4.3300004 3.7836998
-4.2037 3.8315995 -6.1767006
-3.9959 0.8228998 -2.6979
-3.9841 2.8107998 -2.9181004
-4.7123 1.0685003 2.9992
1.8698 4.1197 2.9310997
-7.1228 -5.4498005 -3.8655996
0.5502 9.4454 -4.9371004
-3.9809 -7.9241004 -5.8782997
5.4802 5.4616995 -3.2691004
-5.3159 2.7331998 -3.0673003
-6.4413 2.4860997 -3.1591003
9.3025 1.7369996 -4.9261
8.1468 0.44719955 -6.0625
1.0327 -5.6886997 6.1516004
-0.0927 4.5227003 6.1759996
-5.7724 -3.8371005 -6.1558995
2.7509 2.6754994 -6.1521
-3.4823 -0.09549983 2.2534
-6.9873 -1.4239995 5.9623
-3.1611 -1.2476999 2.0643
-3.1291 4.1260996 -6.1745005
-2.6945 -2.7510998 2.6622002
-3.32 -5.5801 -3.1172996
-1.3766 -5.2133 -2.9977996
-2.0087 -2.5439994 6.1551
1.0382 -9.2791 -4.4368997
2.9844 -8.7753 -4.2919993
4.3754 -7.3463006 -6.0089993
-4.0051 -7.5824003 -3.5257995
1.7237 -3.0005004 -6.1424
4.5697 -2.5579996 6.1755
2.7321 -1.1994 -0.4059999
5.3697 -0.44020024 -2.9968
6.4487 0.68499976 -3.1162
6.969 2.2530997 -3.2004004
8.1856 4.7511997 -5.1574006
4.6156 4.2552996 -6.1793003
1.0993 0.6140005 6.0748
1.7738 3.5341005 6.1729994
1.796 6.2054005 6.1017995
1.431 2.6668994 -6.1314
-0.8853 6.3980002 6.1019998
-2.2066 6.0688004 6.1021996
-1.9651 3.2031004 6.1711993
-3.4985 3.7707005 6.1792994
-6.0757 4.5886006 4.4536996
-5.2282 2.1643002 3.1276999
-3.1092 0.7380999 -1.7136
-2.5764 -8.6089 -3.8887992
0.6583 -0.53910047 -6.0429
-8.4833 -3.3155003 -4.0577993
-1.062 1.4130005 6.0988
0.4562 -8.1533 -6.0615997
-2.5055 -5.1990995 6.1521006
2.0852 4.0854006 6.1763997
3.6888 0.47269952 -6.1491
-5.6499 0.30730024 3.1279
-6.2739 -1.5475996 6.1015
-3.1319 -3.1477997 2.9137003
-2.6831 -4.7164 -3.0021996
0.655 -8.6764 -3.6205993
2.3755 -8.3381 -3.5937994
-2.5705 -1.7316002 -1.3515999
3.4152 -1.5377995 6.1707
2.8673 -1.1792998 1.0464001
8.0573 4.4449997 -4.1775002
-2.3426 2.3919995 -6.1396
1.4671 4.9130006 6.1791997
-2.579 2.7400005 6.1713
-0.267 0.005300455 6.0243
-7.1131 0.038600452 5.9732
3 1294 2532 2443
3 2256 803 759
3 2473 927 839
3 524 1579 1491
3 1207 2578 2533
3 2347 979 935
3 2384 1235 1191
3 349 1756 1712
3 65 1251 1207
3 1288 2437 2347
3 1368 2429 2384
3 1889 437 349
3 1384 109 65
3 1113 2528 2483
3 2483 1332 1288
3 295 2520 1368
3 1890 526 482
3 482 1933 1889
3 286 1429 1384
3 2533 1338 1294
3 1293 2622 2576
3 935 2301 2256
3 1945 758 714
3 1414 2564 2520
3 1191 2518 2473
3 2113 926 882
3 1712 568 524
3 215 1578 1534
3 1268 1432 2650
3 2575 1247 1203
3 2305 1026 982
3 2573 1157 1113
3 537 1900 1856
3 529 2111 2067
3 440 1803 1759
3 483 1934 1890
3 2650 1695 1607
3 1607 375 331
3 331 1826 1782
3 1782 374 286
3 2443 1337 1293
3 1203 2350 2305
3 982 2619 2573
3 759 1989 1945
3 1856 624 536
3 536 1767 1723
3 1723 491 447
3 447 1459 1414
3 839 2157 2113
3 2067 528 440
3 1759 527 483
3 1491 259 215
3 2576 1292 1248
3 1248 2621 2575
3 714 1901 1857
3 1857 581 537
3 882 2024 1937
3 1937 573 529
3 1534 2637 2598
3 2598 1312 1268
3 2093 1009 2404
3 2538 1010 966
3 2261 853 2406
3 1796 156 858
3 7 1049 1005
3 1741 2194 2136
3 1873 2378 422
3 466 1821 1242
3 2181 2134 947
3 2586 1511 1980
3 2004 1773 290
3 158 91 92
3 723 2174 2219
3 853 764 1907
3 806 2092 1867
3 2271 974 642
3 2314 1941 1897
3 1415 96 2446
3 174 1451 1076
3 502 836 2108
3 2359 2629 2237
3 2449 1100 1012
3 2451 1911 393
3 2001 2456 127
3 26 1108 2591
3 191 2501 2025
3 1624 1668 1559
3 1860 540 623
3 804 659 2122
3 1633 1649 379
3 1325 1605 2475
3 1624 1559 2574
3 2255 1515 2326
3 1957 2380 2022
3 1649 1514 68
3 1383 1435 1470
3 1580 2574 392
3 1983 2066 791
3 1111 2179 102
3 216 1143 112
3 1542 1503 135
3 1647 1370 1003
3 1205 2210 1827
3 1335 1865 2270
3 2120 2359 1111
3 1405 40 1237
3 1627 888 351
3 2596 1653 2326
3 138 2629 1986
3 1719 532 576
3 2444 136 1021
3 402 358 2006
3 1275 2640 45
3 7 993 40
3 2058 2337 657
3 836 24 2382
3 394 1888 2302
3 1487 1155 376
3 1183 2196 2241
3 2108 435 502
3 2250 1104 2071
3 1957 344 2380
3 1915 1871 2486
3 848 892 2075
3 1076 959 1452
3 96 2644 930
3 1103 194 1377
3 435 68 502
3 58 2580 1691
3 149 2269 1514
3 2215 510 2126
3 1059 1377 2338
3 102 2179 149
3 2399 1021 1162
3 1532 977 2570
3 2152 1202 801
3 1846 1722 438
3 1591 1101 315
3 2508 1180 2463
3 1830 371 540
3 449 2109 163
3 2471 2426 1567
3 1886 702 1146
3 2430 1842 1042
3 1969 1487 102
3 1806 13 2026
3 853 2216 2406
3 2199 2154 1258
3 547 1954 1998
3 97 1884 1102
3 372 350 328
3 168 1202 832
3 2393 101 75
3 848 2075 659
3 1986 2359 2120
3 141 318 2446
3 1136 125 81
3 678 1822 1866
3 412 1864 1908
3 1738 257 242
3 1915 2530 1159
3 1469 551 1858
3 1671 1424 888
3 441 2335 735
3 1635 2290 1101
3 887 2599 1181
3 1673 490 1629
3 291 244 718
3 1823 288 1655
3 1699 332 302
3 898 2217 1225
3 1539 175 88
3 1750 376 845
3 1734 415 936
3 1957 10 344
3 305 2418 1668
3 1512 844 1135
3 1326 97 1102
3 1523 464 420
3 2222 2177 775
3 2508 2463 1657
3 158 420 464
3 784 200 1781
3 155 508 1475
3 1653 1423 2570
3 1329 716 2079
3 552 931 1126
3 2158 2377 2203
3 555 596 1482
3 9 1672 2163
3 1213 782 1067
3 684 2149 1346
3 52 1102 1169
3 728 2327 115
3 319 772 1727
3 1633 379 1309
3 442 124 1497
3 2388 2093 2343
3 88 1766 1760
3 2215 531 2260
3 2043 904 2219
3 521 477 687
3 411 1211 1887
3 2016 1094 1541
3 756 236 790
3 991 1777 1480
3 1035 1064 1831
3 2560 1492 85
3 384 775 2177
3 566 216 478
3 222 1718 266
3 1123 837 2425
3 680 640 723
3 906 816 268
3 907 1167 574
3 1465 1375 453
3 2403 1093 960
3 2252 2207 1082
3 154 675 2049
3 916 1255 1708
3 643 1299 2150
3 1004 1928 2153
3 1618 1343 488
3 1913 1388 2452
3 2497 1433 2192
3 479 2472 2035
3 2541 1169 1102
3 34 782 2482
3 256 2035 2609
3 784 1737 896
3 506 92 91
3 479 1685 1752
3 1600 2351 564
3 71 1477 1037
3 1560 1603 1398
3 350 1520 819
3 1843 2129 2085
3 144 100 994
3 1051 2107 6
3 1887 964 2494
3 1341 2356 944
3 1608 1913 1919
3 366 322 1962
3 210 826 481
3 1776 2226 1369
3 2281 1390 2481
3 2461 2045 2506
3 634 1696 1822
3 1353 1696 1133
3 1740 55 1114
3 2645 1740 1373
3 1498 1784 1503
3 91 1784 506
3 1828 919 2245
3 875 1828 2194
3 1872 460 2292
3 416 1872 1911
3 1916 541 1987
3 497 1916 1508
3 276 1959 1552
3 1508 1959 1446
3 2003 1764 2031
3 1720 2003 488
3 2047 1096 1988
3 1052 2047 2151
3 1139 2091 2196
3 2151 2091 1289
3 990 2135 2178
3 2134 2135 594
3 460 2180 1824
3 2180 1662 1780
3 503 2225 1954
3 1911 2225 1058
3 2270 634 1335
3 590 2270 1821
3 2315 276 525
3 232 2315 1330
3 2524 2360 1418
3 1373 2360 569
3 2404 2405 2387
3 1764 2450 401
3 357 2450 1545
3 1675 2495 532
3 488 2495 1618
3 2539 1498 1426
3 1455 2539 2606
3 2585 1139 2527
3 1095 2585 2195
3 654 2630 2239
3 2194 2630 2276
3 368 25 1864
3 1820 25 756
3 69 368 463
3 324 69 1511
3 1231 113 2640
3 2605 113 31
3 157 1231 1891
3 1187 157 2289
3 1033 201 2312
3 2267 201 156
3 681 245 2044
3 2436 2000 2563
3 289 503 1546
3 459 289 1353
3 333 545 2247
3 501 333 1820
3 377 499 444
3 2351 1290 2013
3 1817 421 656
3 454 421 1773
3 55 465 1374
3 1330 465 63
3 2478 509 1152
3 1108 509 207
3 553 2478 2516
3 2448 2148 2193
3 2251 597 1018
3 974 597 1513
3 2028 641 578
3 534 641 2314
3 685 1675 2391
3 1631 685 91
3 729 1188 1855
3 1144 729 2605
3 2628 1098 347
3 1054 2628 2378
3 773 1141 2608
3 1097 773 2422
3 919 817 2240
3 2195 817 705
3 580 740 1798
3 112 861 609
3 2178 905 1245
3 609 905 2134
3 948 990 1427
3 946 948 2267
3 1234 1033 2077
3 989 1234 2000
3 499 992 1555
3 1511 992 64
3 1496 1598 1453
3 2494 1036 454
3 1018 1080 462
3 2387 1080 974
3 1124 2251 1380
3 2206 1124 534
3 1098 1168 2334
3 2289 1168 2538
3 1141 1212 2423
3 2378 1212 823
3 545 1256 1865
3 1821 1256 16
3 1300 2524 1339
3 2479 1300 1108
3 1188 1344 2641
3 2606 1344 2449
3 1389 654 2244
3 1434 681 2112
3 637 1434 1780
3 541 1478 1817
3 1773 1478 800
3 1521 2028 2519
3 1984 1521 357
3 1096 1565 2467
3 2422 1565 106
3 2004 1433 410
3 1818 1345 1774
3 2107 2150 6
3 936 41 1734
3 901 2582 2266
3 520 1420 212
3 26 1035 2434
3 1741 2149 684
3 1785 1388 1608
3 2494 410 366
3 1560 1829 2646
3 1443 2620 1969
3 2333 718 422
3 2271 552 2342
3 2554 2016 2642
3 2208 744 933
3 1407 959 1076
3 2616 1674 1243
3 2193 1960 2493
3 290 1729 2192
3 2141 640 680
3 1047 49 484
3 1988 2196 2047
3 1785 1608 945
3 1714 2291 306
3 1874 2295 1105
3 1609 1299 1008
3 2327 728 947
3 1935 2156 559
3 1530 1794 138
3 231 1595 1799
3 931 552 642
3 1364 222 391
3 2559 1482 327
3 112 565 521
3 1673 2361 490
3 828 873 2417
3 1520 2451 393
3 553 2516 2405
3 623 849 1860
3 1317 2540 2639
3 721 2084 1315
3 574 2586 1980
3 0 2465 2510
3 188 144 1446
3 1255 1457 816
3 720 1225 2216
3 26 1064 1035
3 2404 2342 2252
3 313 1037 2147
3 47 420 92
3 146 2488 1917
3 949 58 151
3 451 1505 1462
3 2216 1225 2217
3 443 1810 486
3 2316 596 1100
3 2586 574 1167
3 923 2199 966
3 377 444 1036
3 1777 991 1242
3 114 1477 1941
3 626 2105 1725
3 1286 302 262
3 2182 1957 1471
3 928 443 1806
3 1311 1089 598
3 2213 1904 628
3 2480 2615 1285
3 214 2472 1664
3 961 285 917
3 1342 595 1562
3 615 1081 2504
3 2388 1064 2591
3 1978 1190 1574
3 566 2149 2136
3 522 1373 1065
3 584 1274 711
3 787 488 1343
3 466 991 546
3 2471 1410 2569
3 2451 1520 372
3 1007 1051 2106
3 2127 1315 2128
3 943 2124 515
3 845 452 2119
3 274 1771 363
3 369 457 1732
3 1628 398 1497
3 1379 131 175
3 534 2314 1632
3 1143 1389 112
3 1379 175 810
3 928 2026 885
3 965 1053 2332
3 2213 893 2081
3 48 1423 189
3 1532 1461 1066
3 2297 1820 790
3 147 672 1091
3 107 1386 1476
3 183 139 184
3 2191 746 2182
3 2559 1543 1099
3 2222 903 1796
3 899 2309 768
3 1780 1662 1706
3 332 1699 100
3 1799 1595 1639
3 391 222 266
3 1766 1629 490
3 1465 453 2389
3 2389 1508 1465
3 98 2186 1638
3 554 332 188
3 2612 1125 1194
3 402 2161 1632
3 832 1932 1931
3 1588 1676 400
3 52 1169 2611
3 2606 2449 2569
3 2586 1167 280
3 2289 2538 1543
3 1741 684 831
3 2181 728 565
3 70 2193 2148
3 2129 1029 2085
3 158 464 1587
3 2117 2267 1796
3 1873 244 1010
3 2472 1223 1664
3 676 809 1863
3 2584 2259 763
3 593 1706 1736
3 2371 1677 1708
3 1754 1061 902
3 1370 2481 1390
3 1056 2422 150
3 984 1479 940
3 2493 1342 2583
3 713 934 339
3 82 1711 779
3 409 2195 860
3 1472 1610 2631
3 416 372 1662
3 413 1045 2065
3 497 1508 2389
3 1664 2380 214
3 1676 1545 787
3 1052 2151 1609
3 1385 2401 988
3 593 2436 2563
3 454 1773 2004
3 641 1984 2314
3 1103 1147 194
3 1097 2422 1056
3 156 1796 2267
3 393 1058 288
3 1677 916 1708
3 232 1330 554
3 1285 1065 2344
3 1631 1587 1618
3 1939 1698 1895
3 1095 2195 409
3 946 2267 2117
3 989 2000 1785
3 929 2027 928
3 964 1211 455
3 487 1267 2158
3 454 410 2494
3 2152 801 1928
3 2387 974 2271
3 459 396 1058
3 2206 534 1632
3 1168 1054 2538
3 1053 823 1056
3 1947 1904 2258
3 989 945 156
3 1932 1786 1840
3 964 455 377
3 2161 1513 1632
3 805 1830 761
3 1054 2378 1873
3 609 2134 2181
3 903 594 2117
3 1226 202 1182
3 1180 1224 1589
3 501 1820 2297
3 1701 1172 1050
3 324 280 756
3 936 415 396
3 324 1511 2586
3 2339 826 1844
3 2388 207 1009
3 1009 2433 553
3 2125 762 2213
3 2387 2342 2404
3 1778 2461 639
3 1144 2605 2316
3 854 723 640
3 2559 31 1543
3 829 1929 828
3 1187 2289 1543
3 1634 1961 2165
3 609 565 112
3 637 1780 1706
3 2073 1181 2599
3 2262 2085 2226
3 453 800 2389
3 900 2400 1120
3 2645 1373 522
3 1548 1504 1462
3 1984 357 114
3 539 1918 495
3 1410 506 2569
3 2638 1449 172
3 1052 1008 106
3 672 1946 1079
3 875 2194 1741
3 416 1911 2451
3 2282 293 345
3 457 16 2297
3 495 2090 1091
3 232 188 1446
3 2005 1155 1969
3 2479 1108 26
3 2127 2083 1315
3 1720 488 787
3 1282 1238 1125
3 1344 1144 2449
3 2581 2536 1816
3 1051 1289 409
3 86 42 2540
3 1143 610 1389
3 459 1353 396
3 883 1060 2250
3 590 1821 466
3 2227 1024 850
3 2615 63 522
3 228 2272 184
3 2479 2434 569
3 1626 2317 1582
3 1631 91 158
3 2362 2203 2071
3 1455 2606 2569
3 943 2407 1030
3 875 831 705
3 566 2276 1143
3 549 2452 1388
3 1869 2452 1527
3 812 985 2041
3 278 2497 1641
3 1732 790 236
3 358 1853 1809
3 2332 2587 965
3 922 2587 1747
3 1736 1 549
3 505 1 1262
3 365 27 1729
3 1641 27 1306
3 2224 2156 1132
3 1809 71 269
3 705 860 2195
3 2287 877 833
3 59 1273 2414
3 433 115 2046
3 569 1065 1373
3 2177 814 770
3 1554 159 411
3 367 159 1130
3 1107 203 2343
3 2298 203 2592
3 2029 247 931
3 843 247 1174
3 571 1081 1977
3 879 291 2288
3 1692 284 240
3 1732 335 369
3 106 150 2422
3 1688 192 148
3 1375 423 365
3 321 423 780
3 2343 467 1064
3 1020 467 1835
3 1588 511 313
3 269 511 824
3 788 880 701
3 925 555 2515
3 1099 599 2559
3 2515 599 2632
3 858 814 2222
3 833 643 2063
3 400 1343 1499
3 1665 687 433
3 859 731 2327
3 2046 731 32
3 2222 775 859
3 1410 47 92
3 240 819 1779
3 458 863 1734
3 1690 863 2187
3 148 907 1378
3 950 411 367
3 1378 950 472
3 2172 2141 2171
3 1331 994 56
3 1285 1038 2480
3 1061 652 446
3 1063 1082 2162
3 2216 1833 2406
3 2162 1126 843
3 400 1170 1588
3 1365 1214 47
3 2607 1214 2367
3 2199 1258 1099
3 2154 923 879
3 1007 1302 2107
3 2063 1302 2412
3 1145 88 44
3 655 1346 2061
3 2480 1391 1286
3 1154 1391 1440
3 2400 900 856
3 2062 699 655
3 1734 1436 283
3 239 1436 1571
3 2022 2153 1471
3 414 1480 1733
3 1241 2299 2254
3 1411 1523 2607
3 2471 1567 1365
3 478 1611 2149
3 2061 1611 2098
3 283 1655 288
3 1779 1655 912
3 88 175 44
3 100 1699 56
3 356 1456 1411
3 2106 1743 1007
3 369 1787 1777
3 1733 1787 76
3 2254 1831 1020
3 1541 1094 1359
3 2426 968 925
3 1709 1875 478
3 434 1875 340
3 770 1919 428
3 68 379 1649
3 1510 1962 278
3 402 2006 2029
3 965 2050 2333
3 2288 2050 692
3 548 2094 1912
3 1868 2094 504
3 1640 2138 629
3 585 2138 1596
3 2614 2183 1506
3 1463 2183 2568
3 1852 2228 489
3 445 2228 1808
3 2286 2273 1184
3 1140 2273 2241
3 742 2318 2329
3 2284 2318 698
3 1952 2363 722
3 678 2363 1909
3 90 2408 1586
3 1542 2408 46
3 2402 2453 1078
3 1034 2453 2357
3 2042 2498 548
3 504 2498 1998
3 587 2542 1643
3 1599 2542 543
3 364 2588 1640
3 1596 2588 320
3 1106 2 2522
3 2477 2 462
3 620 28 1852
3 1808 28 576
3 1186 72 2424
3 2379 72 1142
3 1227 116 2286
3 2241 116 1183
3 2132 160 1121
3 1077 160 2088
3 1912 204 769
3 725 204 1868
3 1910 248 591
3 547 248 1866
3 722 292 1910
3 1866 292 678
3 629 336 1905
3 1861 336 585
3 143 380 1464
3 1419 380 99
3 666 424 2341
3 2296 424 622
3 489 468 2116
3 2072 468 445
3 179 512 1763
3 1719 512 135
3 1586 556 179
3 135 556 1542
3 1184 600 2556
3 2512 600 1140
3 1006 644 2330
3 2285 644 962
3 2268 688 741
3 697 688 1245
3 1121 732 2402
3 2357 732 1077
3 456 776 1951
3 1908 776 412
3 1686 820 587
3 543 820 1642
3 586 864 1686
3 1642 864 542
3 1506 908 143
3 99 908 1463
3 1239 951 2567
3 2523 951 1195
3 2341 995 1106
3 1062 995 2296
3 1319 1039 89
3 45 1039 1275
3 2513 1083 1186
3 1142 1083 2468
3 1229 1127 2513
3 2468 1127 1185
3 2329 1171 1006
3 962 1171 2284
3 1078 1215 2268
3 2223 1215 1034
3 769 1259 2132
3 2088 1259 725
3 633 1303 1952
3 1909 1303 589
3 1643 1347 456
3 412 1347 1599
3 1240 1392 2614
3 2568 1392 1196
3 2522 1437 1239
3 1195 1437 2477
3 2116 1481 666
3 622 1481 2072
3 1276 1524 90
3 46 1524 1232
3 2424 1568 1319
3 1275 1568 2379
3 1841 1612 742
3 698 1612 1797
3 1905 1656 586
3 542 1656 656
3 2556 1700 1229
3 1185 1700 2512
3 591 1744 2042
3 1998 1744 547
3 1464 1788 364
3 320 1788 1419
3 1763 1832 620
3 576 1832 1719
3 2330 1876 1227
3 1183 1876 2285
3 1951 1920 633
3 589 1920 1908
3 2567 1963 1240
3 1196 1963 2523
3 89 2007 1276
3 1232 2007 45
3 741 2051 1841
3 1797 2051 697
3 679 2095 2130
3 2086 2095 635
3 2434 2344 569
3 408 2139 1507
3 1851 2184 708
3 664 2184 1807
3 2229 2420 1701
3 1271 2229 2375
3 636 2274 1999
3 1955 2274 592
3 717 2319 1992
3 1948 2319 673
3 1728 2364 717
3 673 2364 1684
3 1940 2409 1564
3 533 2409 1896
3 1272 2454 2639
3 2602 2454 1228
3 2376 2499 1272
3 1228 2499 2331
3 1166 2543 2372
3 2313 2543 1122
3 857 2589 2221
3 2176 2589 813
3 1999 3 857
3 813 3 1955
3 29 2040 689
3 766 29 1996
3 2039 73 721
3 677 73 1995
3 1731 117 544
3 500 117 1687
3 1992 161 674
3 630 161 1948
3 54 205 1594
3 1550 205 14
3 2613 249 1283
3 1284 249 2613
3 1327 2612 334
3 811 1833 2217
3 337 754 381
3 710 337 2160
3 1237 2642 2466
3 2160 381 533
3 425 178 777
3 1630 425 134
3 177 469 1364
3 1320 469 133
3 2514 513 1408
3 1363 513 2469
3 2639 557 1317
3 2647 1273 1201
3 830 601 2419
3 2374 601 786
3 829 645 1929
3 1885 645 785
3 721 689 2040
3 1996 689 677
3 1328 733 54
3 14 733 1284
3 1364 777 178
3 134 777 1320
3 1929 821 830
3 786 821 1885
3 2130 865 636
3 592 865 2086
3 909 1997 29
3 1953 909 766
3 1551 952 1728
3 1684 952 408
3 1594 996 231
3 187 996 1550
3 708 1040 1940
3 1896 1040 664
3 1084 267 425
3 223 1084 1630
3 2229 1128 1620
3 2331 1128 1271
3 1050 1172 2374
3 2372 1216 829
3 785 1216 2313
3 2221 1260 1209
3 1165 1260 2176
3 1997 1304 679
3 635 1304 1953
3 544 1348 2039
3 1995 1348 500
3 674 1393 1345
3 1730 1393 630
3 231 1438 2139
3 1507 1438 187
3 2566 1283 334
3 2316 1482 596
3 754 1525 2431
3 2386 1525 710
3 267 1569 1851
3 1807 1569 223
3 1408 1613 177
3 133 1613 1363
3 2603 1317 2231
3 728 115 477
3 2419 1701 2420
3 2375 1701 1050
3 2492 1745 1166
3 1122 1745 2447
3 1789 1731 1964
3 1687 1789 631
3 1194 2566 2612
3 552 1126 2207
3 1230 1877 2557
3 2469 1877 1230
3 1209 1921 2492
3 2447 1921 1165
3 631 1964 1730
3 2431 2008 1194
3 1150 2008 2386
3 557 2557 2231
3 1647 2052 1710
3 1996 2096 766
3 722 2096 1952
3 14 2140 1550
3 1506 2140 2614
3 134 2185 1630
3 1586 2185 90
3 786 2230 2374
3 2329 2230 742
3 677 2275 1996
3 1952 2275 633
3 1284 2320 14
3 2614 2320 1240
3 1320 2365 134
3 90 2365 1276
3 1885 2410 786
3 742 2410 1841
3 630 2455 1730
3 1686 2455 586
3 557 2500 2557
3 2513 2500 1229
3 1165 2544 2447
3 2402 2544 1121
3 2176 2590 1165
3 1121 2590 2132
3 813 4 2176
3 2132 4 769
3 635 30 2086
3 2042 30 591
3 766 74 1953
3 1910 74 722
3 1995 118 677
3 633 118 1951
3 1730 162 631
3 587 162 1686
3 1948 206 630
3 586 206 1905
3 1507 250 408
3 364 250 1464
3 2613 294 1284
3 1240 294 2567
3 2386 338 1150
3 1106 338 2341
3 710 382 2386
3 2341 382 666
3 2160 426 710
3 666 426 2116
3 1807 470 664
3 620 470 1763
3 1630 514 223
3 179 514 1586
3 133 558 1320
3 1276 558 89
3 2557 602 1230
3 1186 602 2513
3 2602 646 557
3 1229 646 2556
3 2375 690 1271
3 1227 690 2330
3 785 734 1885
3 1841 734 741
3 1550 778 187
3 143 778 1506
3 2374 822 1050
3 1006 822 2329
3 1122 866 2313
3 2268 866 1078
3 2447 910 1122
3 1078 910 2402
3 1687 953 500
3 456 953 1643
3 631 997 1687
3 1643 997 587
3 2566 1041 1283
3 1239 1041 2522
3 1150 1085 2566
3 2522 1085 1106
3 2469 1129 1363
3 1319 1129 2424
3 1230 1173 2469
3 2424 1173 1186
3 1955 1217 813
3 769 1217 1912
3 592 1261 1955
3 1912 1261 548
3 673 1305 1948
3 1905 1305 629
3 1684 1349 673
3 629 1349 1640
3 533 1394 2160
3 2116 1394 489
3 1896 1439 533
3 489 1439 1852
3 1228 1483 2602
3 2556 1483 1184
3 2331 1526 1228
3 1184 1526 2286
3 2086 1570 592
3 548 1570 2042
3 408 1614 1684
3 1640 1614 364
3 664 1658 1896
3 1852 1658 620
3 1271 1702 2331
3 2286 1702 1227
3 1953 1746 635
3 591 1746 1910
3 187 1790 1507
3 1464 1790 143
3 223 1834 1807
3 1763 1834 179
3 1050 1878 2375
3 2330 1878 1006
3 2313 1922 785
3 741 1922 2268
3 500 1965 1995
3 1951 1965 456
3 1283 2009 2613
3 2567 2009 1239
3 1363 2053 133
3 89 2053 1319
3 1263 1307 375
3 2233 165 1429
3 209 1351 2532
3 1836 2323 1292
3 1396 1441 1026
3 2368 297 2528
3 2458 1485 803
3 1924 1967 1901
3 1528 1572 1767
3 2503 385 2564
3 429 1616 927
3 2055 2593 2024
3 1660 1704 1803
3 2633 517 526
3 77 1748 1579
3 2143 2188 2637
3 1307 121 1826
3 1087 1836 2622
3 1441 253 2619
3 1131 1924 758
3 1572 341 491
3 1175 2055 926
3 1704 473 527
3 1219 2143 1578
3 561 1792 1432
3 1792 1263 1695
3 121 2233 374
3 605 2278 1251
3 2278 913 2578
3 1351 1087 1337
3 2323 649 2621
3 649 1880 1247
3 1880 1396 2350
3 253 2368 1157
3 693 2413 2437
3 2413 956 979
3 1485 1131 1989
3 1967 737 581
3 737 2011 1900
3 2011 1528 624
3 341 2503 1459
3 781 2547 2429
3 2547 1000 1235
3 1616 1175 2157
3 2593 825 573
3 825 2099 2111
3 2099 1660 528
3 473 2633 1934
3 869 33 437
3 33 1044 1756
3 1748 1219 259
3 2188 561 1312
3 165 605 109
3 913 209 1338
3 297 693 1332
3 956 2458 2301
3 385 781 1413
3 1000 429 2518
3 517 869 1933
3 1044 77 568
3 405 163 1724
3 119 998 1158
3 383 954 1899
3 559 603 1935
3 2385 1042 1236
3 1249 911 2531
3 867 2097 507
3 1053 2333 422
3 1610 2097 550
3 1187 31 113
3 962 2240 2285
3 2348 75 1156
3 998 251 1466
3 2475 295 1842
3 251 339 934
3 906 1752 224
3 201 948 2312
3 2568 1418 1463
3 50 427 11
3 1232 2641 46
3 603 691 2064
3 397 735 1936
3 691 779 1711
3 1097 823 1212
3 613 2021 2165
3 2631 119 1425
3 589 1865 1909
3 83 2456 1447
3 2433 207 509
3 339 383 713
3 1505 2090 450
3 954 427 50
3 471 559 2156
3 610 2276 2630
3 1981 2501 794
3 287 647 1738
3 779 867 82
3 1224 2321 1589
3 2441 1871 1115
3 1425 119 1158
3 757 383 2617
3 1016 883 1654
3 873 874 2358
3 82 867 507
3 507 2097 1561
3 119 1470 998
3 2045 2461 683
3 130 1406 2466
3 1899 954 50
3 238 704 2550
3 1158 998 1466
3 1935 603 2064
3 550 2097 126
3 1455 506 1784
3 487 1894 1850
3 1472 1561 1610
3 1383 2631 550
3 1668 241 480
3 1930 1420 520
3 2420 2465 0
3 455 64 992
3 2645 63 465
3 1472 2631 1425
3 1147 20 2428
3 1635 1679 2290
3 2191 1471 801
3 763 2304 850
3 892 105 2211
3 1095 1289 2091
3 2489 103 1250
3 1497 124 959
3 680 2175 2141
3 501 16 1256
3 251 2485 2617
3 251 934 1486
3 480 2571 1448
3 318 141 274
3 245 2563 2000
3 2146 2596 2005
3 2174 2015 679
3 564 2121 237
3 713 383 1899
3 954 757 427
3 2428 1590 795
3 1694 890 1738
3 2224 11 427
3 180 2609 2427
3 1720 1545 2450
3 84 1138 2553
3 2211 1367 715
3 2201 471 1634
3 471 2156 2224
3 459 1058 2225
3 875 705 817
3 2021 603 2201
3 1984 114 1941
3 943 515 2445
3 1250 658 2398
3 691 2021 779
3 691 1711 1881
3 2479 569 2360
3 805 1949 371
3 344 1697 214
3 439 700 1846
3 1179 1566 1476
3 840 1939 753
3 989 1785 945
3 639 2366 1309
3 232 1446 1959
3 1814 551 626
3 1161 1827 2442
3 1470 119 1383
3 1052 106 1565
3 895 2032 1516
3 243 890 2049
3 324 756 25
3 2016 1541 2642
3 403 1057 1325
3 126 867 613
3 2337 2550 1558
3 1144 2316 1100
3 2529 660 1069
3 770 1086 2177
3 2133 1086 726
3 1510 1130 159
3 323 1130 1467
3 1985 1174 247
3 799 1174 1942
3 2288 1218 879
3 835 1218 2243
3 1692 1262 1
3 461 1262 1648
3 321 1306 27
3 1597 1306 277
3 269 1350 1809
3 1765 1350 225
3 833 1395 2287
3 2242 1395 789
3 2435 1440 1391
3 1110 1440 2390
3 655 1484 2062
3 2018 1484 611
3 505 1527 2452
3 1825 1527 461
3 1690 1571 1436
3 195 1571 1646
3 1641 1615 278
3 234 1615 1597
3 1809 1659 358
3 314 1659 1765
3 2607 1703 1411
3 1366 1703 2561
3 2287 1747 2587
3 878 1747 2242
3 1791 325 335
3 281 1791 1644
3 2298 1835 467
3 976 1835 2253
3 2515 1879 925
3 881 1879 2470
3 433 1923 1665
3 1621 1923 389
3 1733 1966 414
3 370 1966 1689
3 2254 2010 1241
3 1197 2010 2209
3 2054 1321 1567
3 1277 2054 2381
3 434 2098 1611
3 2017 2098 390
3 1779 2142 240
3 196 2142 1735
3 414 2187 863
3 1646 2187 370
3 56 2232 1331
3 1287 2232 15
3 2277 2435 1038
3 2390 2277 1197
3 2322 1544 1170
3 1500 2322 312
3 1321 2367 1214
3 2561 2367 1277
3 963 2412 1302
3 2019 2412 920
3 2061 2457 655
3 611 2457 2017
3 2046 2502 433
3 389 2502 2002
3 148 2546 1688
3 1644 2546 104
3 1063 2592 203
3 2253 2592 1019
3 1055 2632 599
3 2470 2632 1011
3 815 32 731
3 2002 32 771
3 325 76 1787
3 1689 76 281
3 1378 120 148
3 104 120 1334
3 1020 164 2254
3 2209 164 976
3 2162 208 1063
3 1019 208 2118
3 925 252 2426
3 2381 252 881
3 296 1055 1258
3 1011 296 2110
3 1665 340 1875
3 390 340 1621
3 384 815 775
3 771 384 2133
3 1869 428 1919
3 726 428 1825
3 367 472 950
3 1334 472 323
3 278 516 1510
3 1467 516 234
3 843 560 2162
3 2118 560 799
3 604 1985 2006
3 1942 604 314
3 879 648 2154
3 2110 648 835
3 922 692 2050
3 2243 692 878
3 240 736 1692
3 1648 736 196
3 1331 780 423
3 277 780 1287
3 1544 824 511
3 225 824 1500
3 2063 868 833
3 789 868 2019
3 239 912 1655
3 1735 912 195
3 1154 955 56
3 15 955 1110
3 1411 999 356
3 312 999 1366
3 1043 963 1743
3 920 1043 2018
3 19 1087 1381
3 1337 1087 2622
3 802 1131 2033
3 1989 1131 758
3 969 1175 2202
3 2157 1175 926
3 1622 1219 303
3 259 1219 1578
3 419 1263 1739
3 1695 1263 375
3 1870 1307 419
3 375 1307 1826
3 1381 1351 2577
3 2532 1351 1337
3 1070 1396 2395
3 2350 1396 1026
3 2647 1441 1070
3 1026 1441 2619
3 2033 1485 847
3 803 1485 1989
3 1811 1528 668
3 624 1528 1767
3 535 1572 1811
3 1767 1572 491
3 2202 1616 970
3 927 1616 2157
3 1847 1660 572
3 528 1660 1803
3 571 1704 1847
3 1803 1704 527
3 303 1748 1623
3 1579 1748 259
3 1739 1792 169
3 1432 1792 1695
3 1336 1836 19
3 2622 1836 1292
3 2395 1880 1291
3 1247 1880 2350
3 1944 1924 802
3 758 1924 1901
3 625 1967 1944
3 1901 1967 581
3 668 2011 1943
3 1900 2011 624
3 2068 2055 969
3 926 2055 2024
3 572 2099 2155
3 2111 2099 528
3 38 2143 1622
3 1578 2143 2637
3 1356 2188 38
3 2637 2188 1312
3 1474 2233 418
3 374 2233 1429
3 2624 2278 1295
3 1251 2278 2578
3 18 2323 1336
3 1292 2323 2621
3 2572 2368 1201
3 1157 2368 2528
3 1023 2413 2482
3 2437 2413 979
3 847 2458 2346
3 2301 2458 803
3 2610 2503 1502
3 1459 2503 2564
3 1279 2547 2474
3 2429 2547 1235
3 617 2593 2068
3 2024 2593 573
3 570 2633 1977
3 1934 2633 526
3 1800 33 481
3 437 33 1756
3 1623 77 612
3 568 77 1579
3 418 121 1870
3 1826 121 374
3 153 165 1474
3 1429 165 109
3 2577 209 1382
3 1338 209 2532
3 1201 253 2647
3 2619 253 1157
3 1376 297 2572
3 2528 297 1332
3 1502 341 535
3 491 341 1459
3 1458 385 2610
3 2564 385 1413
3 970 429 2562
3 2518 429 927
3 1977 473 571
3 527 473 1934
3 1976 517 570
3 526 517 1933
3 169 561 1356
3 1312 561 1432
3 1295 605 153
3 109 605 1251
3 1291 649 18
3 2621 649 1247
3 2482 693 1376
3 1332 693 2437
3 1943 737 625
3 581 737 1900
3 2474 781 1458
3 1413 781 2429
3 2155 825 617
3 573 825 2111
3 481 869 1976
3 1933 869 437
3 1382 913 2624
3 2578 913 1338
3 2346 956 1023
3 979 956 2301
3 2562 1000 1279
3 1235 1000 2518
3 612 1044 1800
3 1756 1044 568
3 386 2369 19
3 2647 2414 1273
3 650 2459 969
3 571 2504 1081
3 2369 2594 18
3 2594 2414 2395
3 2459 122 617
3 122 2504 572
3 254 2548 419
3 870 298 153
3 782 1213 1023
3 430 474 1944
3 518 78 1811
3 957 562 1458
3 826 2339 1800
3 694 738 38
3 298 342 2624
3 474 518 1943
3 562 606 1279
3 738 254 169
3 2548 870 418
3 342 386 2577
3 1376 2572 34
3 914 430 2033
3 78 957 1502
3 606 650 970
3 1976 570 210
3 1001 694 303
3 2012 1176 1914
3 1176 1220 1517
3 2100 2144 846
3 2144 1573 669
3 2189 1617 579
3 1617 1661 2643
3 2279 2324 1666
3 2324 1968 1401
3 1264 1308 2648
3 1421 1681 1067
3 1573 2189 712
3 1705 11 1323
3 2020 2604 1844
3 1968 2012 1783
3 1220 1264 197
3 1529 2100 891
3 1661 1705 1501
3 1925 2279 1667
3 1308 1088 2623
3 2618 1442 1421
3 11 1132 1014
3 614 1837 2020
3 1088 1352 62
3 1397 1442 59
3 1132 1749 1013
3 1793 1837 615
3 1352 2056 61
3 2056 1397 2440
3 1749 2234 661
3 2234 1793 616
3 387 431 727
3 2325 167 2208
3 739 783 2074
3 5 343 345
3 2145 79 1600
3 563 123 1290
3 2460 255 2425
3 915 299 2066
3 431 2057 2089
3 1444 475 152
3 475 1134 1691
3 1575 2145 237
3 123 2190 279
3 1178 651 1243
3 651 1222 2616
3 1663 2325 933
3 783 2370 755
3 1488 827 1457
3 827 1310 268
3 1751 2460 837
3 299 2505 791
3 1354 1002 1975
3 1002 1399 876
3 1839 5 1577
3 35 1090 417
3 1090 1444 1604
3 1134 2101 151
3 607 1178 233
3 1222 2280 1066
3 2280 1619 2345
3 211 1266 1721
3 1266 1488 181
3 1310 2415 1322
3 958 1354 745
3 1399 2595 1974
3 2595 1795 567
3 343 387 2282
3 2101 1531 1602
3 79 563 60
3 2235 607 1553
3 167 739 975
3 2415 1707 2517
3 255 915 967
3 2549 958 2197
3 1883 35 1781
3 1531 519 326
3 1927 2235 190
3 1619 695 1153
3 1970 211 270
3 1707 871 1233
3 2014 2549 834
3 1795 1046 1973
3 2057 1883 682
3 519 1575 1645
3 2190 1927 1422
3 695 1663 2164
3 2370 1970 1898
3 871 1751 2336
3 2505 2014 2198
3 1046 1839 346
3 2473 20 1191
3 2623 1088 62
3 713 2100 934
3 891 2100 846
3 415 288 396
3 1014 1132 1013
3 82 2279 1711
3 1667 2279 1666
3 1561 1176 507
3 1547 2272 272
3 214 2380 344
3 1914 1176 1517
3 506 1410 92
3 2432 462 1080
3 1472 1220 1561
3 1517 1220 197
3 524 241 1712
3 197 1264 2648
3 719 108 1775
3 1770 1918 583
3 1211 1468 64
3 2648 1308 2623
3 150 106 921
3 62 1352 61
3 1158 1352 1425
3 580 1355 346
3 2316 2605 327
3 2440 1397 59
3 1466 1397 1158
3 1294 103 2533
3 59 1442 2618
3 256 2371 1412
3 653 1245 905
3 16 457 1242
3 1442 1486 1681
3 1529 1067 1681
3 1491 2571 524
3 608 902 1061
3 2205 2310 798
3 1067 1529 891
3 1738 890 287
3 846 2144 669
3 1859 628 1904
3 50 1617 1899
3 2354 2407 987
3 486 1806 443
3 579 1617 2643
3 839 1590 2473
3 916 1956 2104
3 11 1661 50
3 2643 1661 1501
3 2147 1545 313
3 1501 1705 1323
3 499 1555 543
3 1946 147 1903
3 759 1367 2256
3 1323 11 1014
3 1414 1057 447
3 1013 1749 661
3 1935 1749 2156
3 872 48 1674
3 1113 660 2573
3 616 1793 615
3 2064 1793 1935
3 458 1734 41
3 114 357 2147
3 615 1837 614
3 1610 550 2631
3 363 362 318
3 2443 658 1294
3 1837 1881 2604
3 1383 126 1435
3 1925 1844 2604
3 1065 569 2344
3 131 1379 218
3 1721 1255 2104
3 1844 1925 1667
3 1710 2481 1647
3 1666 2324 1401
3 507 1968 82
3 199 595 1387
3 2487 1827 2210
3 1783 2012 1914
3 964 377 2494
3 2303 2227 894
3 1425 1308 1472
3 767 2175 724
3 2022 1471 1957
3 1651 2059 652
3 2256 105 935
3 61 2056 2440
3 1388 2436 593
3 1015 2362 2115
3 767 2141 2175
3 2396 1479 1028
3 1899 1573 713
3 669 1573 712
3 576 2031 1808
3 84 2553 94
3 756 280 236
3 712 2189 579
3 1753 1798 740
3 1998 2292 504
3 306 2317 1670
3 860 705 743
3 661 2234 616
3 2284 2245 962
3 1890 700 483
3 498 656 421
3 1785 2000 2436
3 353 2361 1717
3 1465 1446 144
3 1401 1968 1783
3 61 2369 62
3 19 2369 1336
3 59 2414 2440
3 2395 2414 1070
3 1463 1114 99
3 1070 2414 2647
3 669 430 846
3 802 430 1944
3 661 2459 1013
3 969 2459 2068
3 615 2504 616
3 572 2504 1847
3 2379 1891 1275
3 1847 2504 571
3 1401 694 1666
3 1622 694 38
3 1914 254 1783
3 1739 254 419
3 1599 463 412
3 419 2548 1870
3 197 870 1517
3 1474 870 153
3 46 1426 1542
3 1381 386 19
3 2440 2594 61
3 18 2594 1291
3 1909 1335 678
3 1291 2594 2395
3 59 2618 1273
3 2634 1201 1273
3 1421 34 2618
3 2634 34 2572
3 712 474 669
3 625 474 1943
3 579 518 712
3 668 518 1811
3 45 1855 1232
3 1811 78 535
3 1501 957 2643
3 2610 957 1458
3 1908 2247 589
3 2202 650 969
3 616 122 661
3 617 122 2155
3 1195 2516 2523
3 2155 122 572
3 615 614 1081
3 166 1977 1081
3 2020 210 614
3 166 210 570
3 1783 738 1401
3 1356 738 169
3 1797 2244 698
3 169 254 1739
3 1517 2548 1914
3 1870 2548 418
3 2648 298 197
3 153 298 1295
3 1196 1339 2568
3 1295 298 2624
3 2623 342 2648
3 2624 342 1382
3 62 386 2623
3 2577 386 1381
3 622 1380 2296
3 1336 2369 18
3 782 34 1067
3 1376 34 2482
3 891 846 914
3 847 914 2033
3 2088 2077 1077
3 2033 430 802
3 2241 1988 1140
3 1944 474 625
3 1596 1987 585
3 1943 518 668
3 2643 78 579
3 535 78 1502
3 1323 562 1501
3 1458 562 2474
3 445 2519 2072
3 2474 562 1279
3 1014 606 1323
3 1279 606 2562
3 1013 650 1014
3 970 650 2202
3 1868 2112 725
3 2068 2459 617
3 826 210 1844
3 1976 210 481
3 1667 1666 1001
3 1623 1001 303
3 2468 347 1142
3 303 694 1622
3 1642 444 543
3 38 738 1356
3 2285 2527 1183
3 2482 782 1023
3 2346 1023 1213
3 1419 525 320
3 481 826 1800
3 612 1800 2339
3 1062 462 2
3 418 870 1474
3 2357 1427 1034
3 1382 342 2577
3 135 2391 1719
3 914 847 1213
3 1866 1546 547
3 1502 957 2610
3 2512 2608 1185
3 2562 606 970
3 1861 656 1656
3 1001 1623 2339
3 2223 1245 688
3 1201 2634 2572
3 1977 166 570
3 246 1045 149
3 1762 1982 884
3 1343 1618 1499
3 836 1574 1190
3 1398 1649 1633
3 23 2507 2551
3 1265 435 1882
3 1265 1309 379
3 1706 1662 328
3 1443 1969 102
3 2120 1487 376
3 1750 1530 1986
3 1838 2382 2526
3 1662 372 328
3 1120 2445 515
3 1398 1926 1649
3 849 2168 2496
3 1443 149 1045
3 2220 2356 988
3 657 1601 1556
3 2551 285 1005
3 1133 546 41
3 1838 1574 2382
3 1609 2151 6
3 1882 2108 1177
3 554 1330 262
3 1045 246 2030
3 2054 1567 2426
3 149 1443 102
3 2255 845 376
3 2198 1983 791
3 749 1838 1697
3 752 1940 621
3 1317 8 2540
3 1693 2366 330
3 40 2511 94
3 2629 24 2237
3 930 929 885
3 1111 1487 2120
3 182 1530 667
3 1986 1530 138
3 1177 2108 1190
3 543 1555 1599
3 1801 2302 1888
3 639 1309 301
3 2296 1018 1062
3 981 1490 171
3 273 329 1548
3 8 2603 2558
3 1649 1926 1514
3 697 653 1797
3 1075 670 1902
3 1558 1710 2052
3 436 2574 1559
3 1077 2312 2357
3 1116 838 2069
3 2383 1377 194
3 618 1850 1629
3 2531 2210 1249
3 1185 2423 2468
3 2120 1750 1986
3 1651 652 1754
3 1142 2334 2379
3 2421 2465 1620
3 68 435 379
3 2200 2304 807
3 1794 180 2427
3 138 1794 2526
3 2508 2246 1224
3 2477 2432 1195
3 2023 2335 1678
3 1177 880 1882
3 2382 1574 836
3 1574 749 1978
3 1043 1743 2062
3 2166 659 2075
3 725 2044 2088
3 1812 2109 1428
3 2472 479 1223
3 2108 1882 435
3 213 1159 2530
3 1017 1972 139
3 1340 198 242
3 2545 270 2104
3 480 1559 1668
3 238 1926 1603
3 2428 194 1147
3 1994 1776 939
3 1111 102 1487
3 138 2526 2382
3 2523 1152 1196
3 1206 1021 136
3 2119 1750 845
3 2211 2075 892
3 1907 2125 2081
3 395 888 1424
3 1532 2570 1461
3 180 1794 93
3 1250 136 2489
3 542 498 1642
3 359 1101 2290
3 1845 1888 748
3 1882 880 702
3 2066 2552 360
3 788 702 880
3 1324 1842 295
3 301 1265 1886
3 286 257 1782
3 1560 1398 1693
3 2484 1516 2032
3 1034 2178 2223
3 1694 2049 890
3 320 1552 1596
3 1244 101 1333
3 2072 578 622
3 1339 1152 1300
3 93 1530 182
3 2444 2489 136
3 245 1234 2044
3 1177 701 880
3 1017 2295 2250
3 942 1073 2173
3 726 2057 2133
3 2089 2057 682
3 1646 2101 195
3 151 2101 1602
3 1644 2145 281
3 237 2145 1600
3 1467 2190 323
3 279 2190 1422
3 1597 2235 234
3 190 2235 1553
3 2390 2280 1110
3 1066 2280 2345
3 2253 2325 976
3 933 2325 2208
3 1942 2370 799
3 755 2370 1898
3 2561 2415 1366
3 1322 2415 2517
3 2470 2460 881
3 837 2460 2425
3 2243 2505 835
3 791 2505 2198
3 2242 2549 878
3 834 2549 2197
3 611 2595 2018
3 1974 2595 567
3 389 5 1621
3 1577 5 345
3 461 35 1825
3 1781 35 417
3 104 79 1644
3 1600 79 60
3 323 123 1334
3 1290 123 279
3 1019 167 2253
3 2208 167 975
3 1765 211 314
3 270 211 1721
3 1011 255 2470
3 2425 255 967
3 835 299 2110
3 2066 299 791
3 2002 343 389
3 345 343 2282
3 771 387 2002
3 2282 387 727
3 2133 431 771
3 727 431 2089
3 1735 475 196
3 152 475 1691
3 1689 519 370
3 326 519 1645
3 1334 563 104
3 60 563 1290
3 277 607 1597
3 1553 607 233
3 15 651 1287
3 1243 651 2616
3 2209 695 1197
3 1153 695 2164
3 2118 739 1019
3 975 739 2074
3 799 783 2118
3 2074 783 755
3 312 827 1500
3 1457 827 268
3 2381 871 1277
3 1233 871 2336
3 2110 915 1011
3 967 915 2066
3 789 958 2242
3 2197 958 745
3 920 1002 2019
3 1975 1002 876
3 390 1046 2017
3 1973 1046 346
3 1648 1090 461
3 417 1090 1604
3 195 1134 1735
3 1691 1134 151
3 1287 1178 277
3 233 1178 1243
3 1110 1222 15
3 2616 1222 1066
3 225 1266 1765
3 1721 1266 181
3 1366 1310 312
3 268 1310 1322
3 2019 1354 789
3 745 1354 1975
3 2018 1399 920
3 876 1399 1974
3 196 1444 1648
3 1604 1444 152
3 1500 1488 225
3 181 1488 1457
3 370 1531 1646
3 1602 1531 326
3 281 1575 1689
3 1645 1575 237
3 1197 1619 2390
3 2345 1619 1153
3 976 1663 2209
3 2164 1663 933
3 1277 1707 2561
3 2517 1707 1233
3 881 1751 2381
3 2336 1751 837
3 2017 1795 611
3 567 1795 1973
3 1621 1839 390
3 346 1839 1577
3 1825 1883 726
3 682 1883 1781
3 234 1927 1467
3 1422 1927 190
3 314 1970 1942
3 1898 1970 270
3 878 2014 2243
3 2198 2014 834
3 1135 977 1512
3 902 975 1754
3 1716 132 176
3 1854 2059 1956
3 1930 598 1798
3 1400 683 1137
3 1512 744 844
3 564 1601 2121
3 723 854 2174
3 1246 862 49
3 1535 1153 1512
3 233 1243 1576
3 590 546 1133
3 2106 860 743
3 740 580 1577
3 537 1856 1428
3 1004 2022 2552
3 1999 2582 636
3 1047 484 1422
3 279 2013 1290
3 1400 2045 683
3 529 2067 1678
3 862 564 2351
3 756 790 1820
3 224 1412 2070
3 2277 1038 1241
3 2380 696 2552
3 1311 1932 1840
3 2332 150 921
3 1447 1657 2463
3 2085 1029 2226
3 2076 1840 1786
3 784 1445 373
3 691 1881 2064
3 1133 41 1353
3 2615 1286 262
3 1384 65 1755
3 1846 438 394
3 251 1486 1466
3 896 1400 200
3 1047 235 49
3 1163 1758 2489
3 2045 896 1737
3 2281 1829 1390
3 2550 704 1710
3 2326 1515 2596
3 93 182 2103
3 2427 2609 1697
3 2191 2236 701
3 168 2416 788
3 2550 2058 238
3 388 2102 413
3 301 212 1778
3 1603 2646 704
3 810 1582 1379
3 2119 452 667
3 256 180 2103
3 2236 168 701
3 1693 330 1829
3 453 1729 800
3 388 413 2065
3 2326 432 2255
3 432 2635 845
3 36 476 667
3 476 80 182
3 1950 730 2169
3 1115 531 2215
3 492 1958 1679
3 520 212 1886
3 1893 193 485
3 238 2058 2030
3 1769 889 493
3 2255 432 845
3 1159 793 170
3 2427 1697 1838
3 838 1533 1893
3 899 768 2265
3 2161 931 642
3 639 2461 330
3 1560 1693 1829
3 146 2102 235
3 2146 146 1917
3 2300 145 432
3 2023 226 352
3 667 476 182
3 1563 137 287
3 585 1817 1861
3 442 1497 13
3 746 701 1177
3 1390 373 1370
3 936 396 1353
3 2427 1838 2526
3 1324 1199 2294
3 2620 2146 2005
3 2300 2326 1653
3 2255 1155 1515
3 36 1813 476
3 1405 1406 1407
3 1785 2436 1388
3 180 256 2609
3 244 291 923
3 811 724 2220
3 670 523 1769
3 2612 1371 1125
3 683 2461 1778
3 762 2258 1904
3 2506 1737 1390
3 2269 502 68
3 108 1818 1774
3 2281 2646 1829
3 2525 282 1563
3 238 1603 704
3 352 703 1715
3 1671 1715 1424
3 1246 300 1556
3 300 2065 2030
3 1296 1509 978
3 1676 313 1545
3 1244 1109 2257
3 1931 598 1930
3 486 2163 442
3 845 2635 452
3 1369 940 939
3 1677 80 1854
3 1693 1398 2366
3 898 1225 809
3 2260 170 895
3 1145 1766 88
3 293 1137 740
3 752 621 796
3 2089 200 1400
3 142 1742 98
3 1032 2265 2392
3 2416 832 1931
3 701 168 788
3 2416 1931 1930
3 788 2416 1146
3 212 1420 1753
3 1140 2467 2512
3 2519 401 1521
3 1808 401 445
3 1386 107 199
3 1812 1278 492
3 502 2269 2237
3 2257 217 892
3 917 1210 2358
3 1845 17 305
3 319 1771 274
3 1815 363 1274
3 1628 1454 398
3 1204 924 2530
3 411 1468 1211
3 960 887 1254
3 1513 642 974
3 2538 966 2199
3 185 318 362
3 1449 1226 1182
3 107 1476 243
3 2531 638 1204
3 1994 807 763
3 941 2406 2309
3 235 388 1246
3 2245 2239 1828
3 145 2300 1135
3 21 932 1163
3 504 1824 1868
3 36 667 452
3 1854 476 1813
3 800 290 1773
3 1732 1688 335
3 1268 2246 2598
3 1490 747 2508
3 1759 703 440
3 1930 1798 1420
3 2126 510 851
3 448 329 1971
3 2358 918 961
3 1600 564 237
3 154 2049 1694
3 366 1962 1554
3 1311 1974 1089
3 744 2208 902
3 2421 1620 2376
3 1673 1850 662
3 360 696 2425
3 2222 1796 858
3 1983 2552 2066
3 749 1697 344
3 345 740 1577
3 417 784 1781
3 114 2147 1037
3 190 1553 2488
3 21 1509 1755
3 872 1674 1461
3 916 2104 1255
3 1372 1327 1328
3 80 2103 182
3 1975 876 1840
3 1932 832 1202
3 554 302 332
3 1058 393 1911
3 1691 151 58
3 686 355 2121
3 1189 170 793
3 1645 237 2121
3 529 193 1937
3 190 1047 1422
3 828 2464 874
3 2616 1066 1461
3 463 1555 69
3 828 2417 829
3 145 1135 844
3 1898 270 2545
3 440 226 2067
3 1457 268 816
3 268 1322 906
3 536 1278 1856
3 2336 1223 1522
3 1223 2336 1123
3 2305 793 1203
3 2198 834 774
3 2276 2136 2194
3 1974 1311 876
3 1449 260 1226
3 1973 346 1355
3 2153 1928 801
3 1723 1958 536
3 2089 1400 727
3 256 2103 2371
3 1445 1604 2580
3 2580 1370 1445
3 151 1602 949
3 1602 326 355
3 1607 282 2650
3 349 17 1889
3 2013 279 484
3 2093 2388 1009
3 1674 1576 1243
3 2384 1199 1368
3 2345 1532 1066
3 1653 2570 2300
3 2345 1153 1535
3 2347 1109 1288
3 2164 933 1512
3 537 889 1857
3 2208 975 902
3 1207 932 65
3 1754 2074 1651
3 363 711 1274
3 181 1457 1255
3 1311 598 1931
3 2517 1752 1322
3 2517 1233 1522
3 982 1189 2305
3 2425 967 360
3 2575 924 1248
3 2598 747 1534
3 1873 718 244
3 130 2466 1431
3 2087 2131 2219
3 1857 523 714
3 2461 2506 330
3 346 1577 580
3 1937 1533 882
3 214 792 2472
3 1248 638 2576
3 279 1422 484
3 1553 233 1576
3 1651 1898 2545
3 2558 2603 2514
3 1983 2198 774
3 2336 1522 1233
3 2197 745 2076
3 417 1604 1445
3 1407 1584 1628
3 331 137 1607
3 231 1799 1594
3 1203 213 2575
3 1772 1595 1551
3 2472 792 2035
3 2255 376 1155
3 1364 391 177
3 155 1298 2583
3 1371 1327 1372
3 2130 2043 2174
3 1120 508 2535
3 772 319 186
3 2036 674 1818
3 403 2290 1679
3 2266 2582 857
3 2037 2081 2168
3 983 939 940
3 1710 1558 2550
3 829 2417 2372
3 830 2464 828
3 2417 1816 1166
3 84 94 2511
3 482 1722 1890
3 823 422 2378
3 1505 1548 1462
3 2479 26 2434
3 64 1980 1511
3 502 2237 24
3 1732 236 1688
3 2153 801 1471
3 2266 857 2221
3 458 41 546
3 1960 2193 2238
3 874 2510 1094
3 2164 1512 1153
3 311 222 178
3 1123 2425 696
3 2172 2171 765
3 798 2310 577
3 2236 801 1202
3 439 1424 1715
3 1633 2366 1398
3 1775 108 1774
3 1775 544 2083
3 54 1638 2186
3 9 2163 1495
3 1714 1473 2291
3 2036 1818 2080
3 2520 1605 1414
3 296 1258 2154
3 784 373 1737
3 2294 1358 1147
3 1677 1956 916
3 989 156 201
3 2380 2552 2022
3 471 2224 427
3 1093 1557 960
3 1100 2449 1144
3 1631 158 1587
3 895 1516 2215
3 454 2004 410
3 2403 23 2551
3 324 2586 280
3 1489 949 1602
3 609 2181 565
3 752 1851 708
3 2359 1986 2629
3 590 466 546
3 1975 2076 745
3 2179 1111 2359
3 1054 1873 1010
3 875 1741 831
3 2269 149 2179
3 1941 2314 1984
3 2168 1993 2037
3 1010 2538 1054
3 2269 68 1514
3 2387 2271 2342
3 884 797 841
3 1265 301 1309
3 232 554 188
3 1886 1265 702
3 416 1662 2180
3 1052 1609 1008
3 1190 1978 746
3 1631 1618 2495
3 1838 749 1574
3 590 1133 1696
3 207 2591 1108
3 852 2259 730
3 1530 93 1794
3 1360 1257 1316
3 1530 1750 2119
3 1721 2104 270
3 1407 1628 959
3 1969 1155 1487
3 1089 1973 1355
3 413 1443 1045
3 126 613 2649
3 1926 238 246
3 1385 988 23
3 1926 1398 1603
3 637 1706 2563
3 1309 2366 1633
3 2416 1930 520
3 1778 212 1753
3 901 904 2582
3 2322 1170 356
3 2416 168 832
3 168 2236 1202
3 2074 1754 975
3 1120 515 900
3 256 1685 2035
3 1983 774 1004
3 794 1198 1849
3 476 1854 80
3 2137 2401 768
3 36 2635 446
3 2635 432 145
3 2326 2300 432
3 189 1423 2596
3 855 1549 1593
3 2102 146 2146
3 388 235 2102
3 300 1246 388
3 300 2058 657
3 2058 2550 2337
3 2481 1710 704
3 2506 1390 1829
3 1737 2506 2045
3 1355 1798 598
3 580 1798 1355
3 1370 1647 2481
3 567 1973 1089
3 2496 1860 849
3 595 2636 1387
3 216 566 1143
3 381 1564 2409
3 1004 774 1928
3 641 1124 578
3 2449 1012 2471
3 604 2006 358
3 1489 2600 949
3 43 1598 1361
3 1223 1123 1664
3 1959 1916 1552
3 1752 1522 479
3 510 2439 2394
3 906 224 816
3 1708 1255 2070
3 1993 371 1949
3 1609 2150 1299
3 1431 2642 1541
3 1664 1123 696
3 2070 1412 1708
3 2229 1620 2420
3 60 2351 1600
3 2392 2265 2401
3 1532 1535 977
3 2215 2260 895
3 872 1461 2570
3 1904 1947 1903
3 2488 1576 1917
3 2281 2481 2646
3 114 1037 1477
3 1997 2015 2040
3 2219 2174 2043
3 1650 107 675
3 60 1290 2351
3 125 1589 1566
3 2302 1473 1802
3 2314 1897 402
3 1379 1538 218
3 2237 2269 2179
3 949 2600 58
3 152 2580 1604
3 140 1417 229
3 2417 1166 2372
3 682 1781 200
3 2541 1102 230
3 2152 1151 1786
3 2282 727 1652
3 343 2002 387
3 5 389 343
3 1839 1621 5
3 1046 390 1839
3 1795 2017 1046
3 2595 611 1795
3 1399 2018 2595
3 1002 920 1399
3 1354 2019 1002
3 958 789 1354
3 2549 2242 958
3 2014 878 2549
3 2505 2243 2014
3 299 835 2505
3 915 2110 299
3 255 1011 915
3 2460 2470 255
3 1751 881 2460
3 871 2381 1751
3 1707 1277 871
3 2415 2561 1707
3 1310 1366 2415
3 827 312 1310
3 1488 1500 827
3 1266 225 1488
3 211 1765 1266
3 1970 314 211
3 2370 1942 1970
3 783 799 2370
3 739 2118 783
3 167 1019 739
3 2325 2253 167
3 1663 976 2325
3 695 2209 1663
3 1619 1197 695
3 2280 2390 1619
3 1222 1110 2280
3 651 15 1222
3 1178 1287 651
3 607 277 1178
3 2235 1597 607
3 1927 234 2235
3 2190 1467 1927
3 123 323 2190
3 563 1334 123
3 79 104 563
3 2145 1644 79
3 1575 281 2145
3 519 1689 1575
3 1531 370 519
3 2101 1646 1531
3 1134 195 2101
3 475 1735 1134
3 1444 196 475
3 1090 1648 1444
3 35 461 1090
3 1883 1825 35
3 2057 726 1883
3 431 2133 2057
3 387 771 431
3 2002 2502 32
3 433 2502 1923
3 389 1923 2502
3 1665 1923 340
3 1621 340 1923
3 434 340 2098
3 390 2098 340
3 2061 2098 2457
3 2017 2457 2098
3 655 2457 1484
3 611 1484 2457
3 2062 1484 1043
3 2018 1043 1484
3 963 1043 2412
3 920 2412 1043
3 2063 2412 868
3 2019 868 2412
3 833 868 1395
3 789 1395 868
3 2287 1395 1747
3 2242 1747 1395
3 922 1747 692
3 878 692 1747
3 2288 692 1218
3 2243 1218 692
3 879 1218 648
3 835 648 1218
3 2154 648 296
3 2110 296 648
3 1055 296 2632
3 1011 2632 296
3 2515 2632 1879
3 2470 1879 2632
3 925 1879 252
3 881 252 1879
3 2426 252 2054
3 2381 2054 252
3 1321 2054 2367
3 1277 2367 2054
3 2607 2367 1703
3 2561 1703 2367
3 1411 1703 999
3 1366 999 1703
3 356 999 2322
3 312 2322 999
3 1544 2322 824
3 1500 824 2322
3 269 824 1350
3 225 1350 824
3 1809 1350 1659
3 1765 1659 1350
3 358 1659 604
3 314 604 1659
3 1985 604 1174
3 1942 1174 604
3 843 1174 560
3 799 560 1174
3 2162 560 208
3 2118 208 560
3 1063 208 2592
3 1019 2592 208
3 2298 2592 1835
3 2253 1835 2592
3 1020 1835 164
3 976 164 1835
3 2254 164 2010
3 2209 2010 164
3 1241 2010 2277
3 1197 2277 2010
3 2435 2277 1440
3 2390 1440 2277
3 1154 1440 955
3 1110 955 1440
3 56 955 2232
3 15 2232 955
3 1331 2232 780
3 1287 780 2232
3 321 780 1306
3 277 1306 780
3 1641 1306 1615
3 1597 1615 1306
3 278 1615 516
3 234 516 1615
3 1510 516 1130
3 1467 1130 516
3 367 1130 472
3 323 472 1130
3 1378 472 120
3 1334 120 472
3 148 120 2546
3 104 2546 120
3 1688 2546 1791
3 1644 1791 2546
3 325 1791 76
3 281 76 1791
3 1733 76 1966
3 1689 1966 76
3 414 1966 2187
3 370 2187 1966
3 1690 2187 1571
3 1646 1571 2187
3 239 1571 912
3 195 912 1571
3 1779 912 2142
3 1735 2142 912
3 240 2142 736
3 196 736 2142
3 1692 736 1262
3 1648 1262 736
3 505 1262 1527
3 461 1527 1262
3 1869 1527 428
3 1825 428 1527
3 770 428 1086
3 726 1086 428
3 2177 1086 384
3 2133 384 1086
3 815 384 32
3 771 32 384
3 2046 32 2502
3 2046 115 731
3 687 477 433
3 115 433 477
3 1875 1709 1665
3 687 1665 1709
3 1611 478 434
3 1875 434 478
3 2149 1611 1346
3 2061 1346 1611
3 124 1452 959
3 655 699 1346
3 699 2062 743
3 1302 1007 963
3 1743 963 1007
3 2107 1302 2150
3 2063 643 1302
3 284 1692 1736
3 833 877 643
3 877 2287 921
3 988 2401 2220
3 2050 965 922
3 2587 922 965
3 2333 2050 718
3 2288 291 2050
3 1843 856 2114
3 879 923 291
3 2199 923 2154
3 2494 366 1887
3 599 1099 1055
3 1258 1055 1099
3 2559 599 1482
3 2515 555 599
3 887 2553 2599
3 925 968 555
3 2471 968 2426
3 138 2382 2629
3 1214 1365 1321
3 1567 1321 1365
3 47 1214 420
3 2607 1523 1214
3 1778 639 301
3 1411 1456 1523
3 1456 356 1499
3 950 574 1468
3 511 1588 1544
3 1170 1544 1588
3 313 511 1037
3 269 71 511
3 2332 2287 2587
3 1809 1853 71
3 402 1853 358
3 1520 393 1823
3 247 2029 1985
3 2006 1985 2029
3 931 247 1126
3 843 1126 247
3 1145 1495 309
3 2162 1082 2207
3 203 1107 1063
3 1082 1063 1107
3 467 2343 2298
3 203 2298 2343
3 1064 467 1831
3 1020 1831 467
3 2254 2299 1831
3 2299 1241 2344
3 1391 2480 2435
3 1038 2435 2480
3 1286 1391 302
3 1154 1699 1391
3 994 100 56
3 1154 56 1699
3 1375 994 423
3 1331 423 994
3 27 365 321
3 423 321 365
3 1729 27 2192
3 1641 2497 27
3 980 1079 1867
3 278 1962 322
3 159 1554 1510
3 1962 1510 1554
3 159 367 411
3 950 907 574
3 1378 907 950
3 1265 379 435
3 148 192 907
3 192 1688 236
3 2224 1132 11
3 1787 369 325
3 335 325 369
3 1777 1787 1480
3 1733 1480 1787
3 863 458 414
3 1480 414 458
3 1436 1734 1690
3 863 1690 1734
3 1655 283 239
3 1436 239 283
3 819 1823 1779
3 1655 1779 1823
3 2073 2599 128
3 240 284 819
3 2452 549 505
3 1 505 549
3 1919 1913 1869
3 2452 1869 1913
3 837 1123 2336
3 770 814 1919
3 2222 814 2177
3 1003 58 2600
3 731 859 815
3 775 815 859
3 2327 731 115
3 637 2563 245
3 1416 1742 12
3 728 477 565
3 112 521 216
3 94 1557 1093
3 566 478 2149
3 1709 478 216
3 521 687 1709
3 1452 124 1672
3 2642 1431 2466
3 699 743 684
3 1964 1345 1393
3 1051 1007 2107
3 938 170 1189
3 1433 2497 322
3 877 921 1299
3 1898 1651 755
3 1267 487 2048
3 1053 965 2333
3 1947 1946 1903
3 2106 743 2062
3 1874 1104 2295
3 1645 355 326
3 923 966 244
3 2200 2038 2082
3 7 1005 993
3 2199 1099 1543
3 2332 921 2287
3 897 2041 2262
3 594 947 2134
3 968 1012 596
3 818 575 619
3 2191 701 746
3 1410 1365 47
3 2471 1365 1410
3 457 1777 1242
3 818 662 1894
3 1105 139 183
3 1456 1499 464
3 1874 1105 1149
3 2560 260 1492
3 1676 1588 313
3 142 98 1682
3 1535 1512 977
3 575 2158 2203
3 1853 1897 1477
3 1400 896 2045
3 1017 95 1972
3 2161 2029 931
3 402 2029 2161
3 2073 128 172
3 1994 852 1776
3 2038 939 983
3 552 2207 2342
3 2404 2252 2093
3 2388 2343 1064
3 1107 2343 2093
3 1400 1652 727
3 2626 1518 1562
3 2299 2344 1035
3 22 258 2626
3 443 971 2048
3 2615 2480 1286
3 2554 1005 285
3 964 1887 1211
3 502 24 836
3 100 144 332
3 1465 144 1375
3 1107 2093 2252
3 453 365 1729
3 1375 365 453
3 1915 2486 2530
3 328 284 1736
3 2420 0 2419
3 1433 322 410
3 2013 484 49
3 97 186 1884
3 2106 2062 1743
3 2128 854 2172
3 1469 1858 1902
3 1843 2114 2129
3 1960 2238 1048
3 192 236 1167
3 300 2030 2058
3 2609 2035 792
3 457 369 1777
3 2001 127 171
3 1716 1539 132
3 2427 2526 1794
3 1706 328 1736
3 274 2541 230
3 1851 1022 267
3 1522 1223 479
3 2260 531 1159
3 850 1867 2584
3 288 1823 393
3 686 2121 1601
3 284 328 350
3 1164 2535 1518
3 416 2451 372
3 2216 2217 1833
3 549 1388 593
3 95 1060 1016
3 1913 1608 1388
3 291 718 2050
3 814 858 1608
3 2346 1213 847
3 1753 740 1137
3 947 903 2327
3 2222 859 903
3 191 2025 2069
3 942 2173 2218
3 521 565 477
3 347 2423 2628
3 621 1564 577
3 1558 2052 1489
3 943 1030 2124
3 494 495 1918
3 743 831 684
3 2073 378 70
3 1164 1120 2535
3 555 1482 599
3 1804 490 2361
3 805 761 2080
3 531 1871 1915
3 921 1008 1299
3 1416 53 1742
3 1843 2264 856
3 1 1736 1692
3 43 1318 1598
3 2105 551 1469
3 966 1010 244
3 1699 302 1391
3 1462 406 451
3 2214 2092 2258
3 1823 819 1520
3 39 202 1270
3 1167 907 192
3 1198 2501 191
3 1012 1100 596
3 309 1585 1145
3 2638 1492 1449
3 446 1813 36
3 510 1516 2439
3 344 10 749
3 1499 1587 464
3 1355 598 1089
3 152 1691 2580
3 752 1022 1851
3 287 1519 1563
3 540 1727 1683
3 1657 2456 2001
3 1897 1941 1477
3 2180 1780 1434
3 893 584 2168
3 446 2635 145
3 1505 317 273
3 2506 1829 330
3 672 716 1990
3 1285 2344 1241
3 2252 2342 2207
3 2238 70 1269
3 2026 1762 884
3 2197 1151 834
3 855 1592 317
3 2258 806 1947
3 400 1499 356
3 2344 2434 1035
3 1991 806 1867
3 1960 2636 1342
3 1003 2600 1647
3 16 1242 1821
3 144 188 332
3 2005 1969 2620
3 2237 2179 2359
3 1558 1489 686
3 2510 2464 0
3 1265 1882 702
3 366 410 322
3 861 2244 653
3 283 415 1734
3 682 200 2089
3 48 1917 1576
3 1344 2539 2641
3 2419 0 2464
3 175 219 810
3 236 280 1167
3 1696 289 1822
3 96 1169 141
3 1282 1125 1416
3 290 2192 2004
3 86 2540 43
3 263 1716 1583
3 458 546 991
3 181 1255 1721
3 1168 157 2334
3 1380 578 1124
3 612 2339 1623
3 1427 2312 948
3 183 184 2272
3 372 1520 350
3 2360 1740 1418
3 1853 402 1897
3 2495 2003 532
3 1987 1552 1916
3 1566 1179 125
3 2146 1917 189
3 858 945 1608
3 1036 444 498
3 991 1480 458
3 25 333 1864
3 817 2585 2240
3 2405 2516 2432
3 1029 2307 1301
3 936 1353 41
3 2645 522 63
3 329 273 228
3 2565 52 886
3 2615 522 1285
3 1720 787 1545
3 2352 942 1117
3 672 1990 1091
3 2570 1423 872
3 1676 787 400
3 64 455 1211
3 373 1390 1737
3 1718 311 1895
3 2433 1009 207
3 8 2558 1318
3 7 40 94
3 1371 1372 53
3 1608 1919 814
3 610 1143 2276
3 850 2584 763
3 1097 1056 823
3 2465 2421 1359
3 1685 1412 224
3 2517 1522 1752
3 1053 1056 2332
3 1187 1543 31
3 2541 274 141
3 2199 1543 2538
3 2206 1632 1513
3 2148 2073 70
3 740 345 293
3 2026 13 1762
3 402 1632 2314
3 946 2117 594
3 540 1860 1727
3 893 1274 584
3 2117 1796 903
3 501 2297 16
3 1589 125 1180
3 1519 1566 1563
3 457 2297 1732
3 497 2389 800
3 1978 10 2182
3 1565 773 2467
3 1446 1465 1508
3 1455 2569 506
3 2077 2044 1234
3 774 834 1151
3 178 267 1022
3 1466 1486 1442
3 2471 2569 2449
3 1095 409 1289
3 1677 2371 80
3 1051 409 2106
3 1341 944 2627
3 2064 1881 1837
3 1837 2604 2020
3 1932 1202 1786
3 1752 906 1322
3 413 2102 2620
3 2137 1833 811
3 2236 2191 801
3 1587 1499 1618
3 1813 446 652
3 628 1274 893
3 2282 1652 293
3 235 1047 146
3 24 2629 2382
3 2200 807 2038
3 2220 2137 811
3 2266 1209 2536
3 1033 2312 1077
3 1601 2337 686
3 1166 1816 2492
3 368 1864 412
3 460 1824 504
3 818 1894 575
3 634 1822 678
3 681 2044 725
3 1141 2423 1185
3 1231 2640 1275
3 841 885 884
3 798 2431 1238
3 752 311 1022
3 1477 71 1853
3 107 243 2049
3 1554 411 1887
3 1855 2640 729
3 1098 2334 1142
3 919 2240 962
3 891 914 1213
3 464 1523 1456
3 94 2553 1557
3 2377 1267 883
3 1772 717 2036
3 1272 42 2421
3 1675 532 1719
3 1435 1961 2485
3 1212 2628 2423
3 1554 1887 366
3 874 1094 918
3 283 288 415
3 1188 2641 1232
3 2030 246 238
3 525 1374 2315
3 1634 757 1961
3 1096 2467 1140
3 2097 1610 1561
3 1268 2650 2321
3 284 350 819
3 1694 1738 242
3 2028 578 2072
3 1548 448 1504
3 2134 905 2135
3 653 905 861
3 609 861 905
3 2554 285 961
3 112 1389 861
3 610 654 1389
3 654 610 2630
3 2630 1828 2239
3 2194 1828 2630
3 875 919 1828
3 919 875 817
3 817 2195 2585
3 1095 1139 2585
3 1139 1095 2091
3 2091 2047 2196
3 2151 2047 2091
3 1052 1096 2047
3 1096 1052 1565
3 1565 2422 773
3 1097 1141 773
3 1141 1097 1212
3 2378 2628 1212
3 1054 1098 2628
3 1098 1054 1168
3 2566 334 2612
3 1168 2289 157
3 1187 1231 157
3 1231 1187 113
3 113 729 2640
3 2605 729 113
3 1144 1188 729
3 1188 1144 1344
3 1255 816 2070
3 1344 2606 2539
3 1455 1498 2539
3 1498 1455 1784
3 1784 685 1503
3 91 685 1784
3 1631 1675 685
3 1675 1631 2495
3 2040 2015 2084
3 2495 488 2003
3 1720 1764 2003
3 1764 1720 2450
3 2450 1521 401
3 357 1521 2450
3 1984 2028 1521
3 2028 1984 641
3 1947 1991 1946
3 641 534 1124
3 2206 2251 1124
3 2251 2206 597
3 1018 597 1080
3 974 1080 597
3 2432 1080 2405
3 2387 2405 1080
3 2349 2200 851
3 2404 553 2405
3 2433 2478 553
3 2478 2433 509
3 509 1300 1152
3 1108 1300 509
3 2479 2524 1300
3 2524 2479 2360
3 1420 1798 1753
3 2360 1373 1740
3 2645 55 1740
3 55 2645 465
3 465 2315 1374
3 1330 2315 465
3 232 276 2315
3 276 232 1959
3 1091 539 495
3 1959 1508 1916
3 497 541 1916
3 541 497 1478
3 1817 1478 421
3 1773 421 1478
3 498 421 1036
3 454 1036 421
3 574 1980 1468
3 2494 377 1036
3 455 499 377
3 499 455 992
3 992 69 1555
3 1511 69 992
3 324 368 69
3 368 324 25
3 25 1820 333
3 501 545 333
3 545 501 1256
3 1256 2270 1865
3 1821 2270 1256
3 590 634 2270
3 634 590 1696
3 360 2552 696
3 1696 1353 289
3 459 503 289
3 503 459 2225
3 2225 1911 1872
3 416 460 1872
3 460 416 2180
3 680 723 2219
3 618 2048 487
3 637 681 1434
3 681 637 245
3 2148 2597 1181
3 245 2000 1234
3 989 1033 1234
3 1033 989 201
3 1651 2545 2059
3 201 2267 948
3 946 990 948
3 990 946 2135
3 2178 2135 905
3 2223 2178 1245
3 653 697 1245
3 1523 420 1214
3 2310 621 577
3 1797 653 2244
3 654 698 2244
3 2391 1503 685
3 2284 2239 2245
3 919 962 2245
3 7 94 1049
3 2285 2240 2527
3 1139 1183 2527
3 2241 2196 1988
3 1096 1140 1988
3 2512 2467 2608
3 1141 1185 2608
3 1595 231 1551
3 1718 1698 310
3 2468 2423 347
3 1098 1142 347
3 2162 2207 1126
3 496 1830 1683
3 2379 2334 1891
3 1231 1275 1891
3 45 2640 1855
3 1188 1232 1855
3 2225 1872 1954
3 46 2641 1426
3 1498 1542 1426
3 1494 9 1495
3 135 1503 2391
3 1675 1719 2391
3 2180 1434 1824
3 576 532 2031
3 1764 1808 2031
3 2351 2013 862
3 445 401 2519
3 2028 2072 2519
3 622 578 1380
3 2296 1380 2251
3 2087 2219 904
3 1062 1018 462
3 2432 2477 462
3 2114 900 2124
3 1195 2432 2516
3 2478 2523 2516
3 1213 1067 891
3 746 1978 2182
3 1196 1152 1339
3 2524 2568 1339
3 2339 1844 1667
3 1926 246 1514
3 1463 1418 1114
3 55 99 1114
3 1419 1374 525
3 276 320 525
3 1769 2105 670
3 1596 1552 1987
3 585 1987 541
3 1893 1198 838
3 1861 1817 656
3 498 542 656
3 1642 498 444
3 499 543 444
3 593 2563 1706
3 1451 1405 1407
3 1599 1555 463
3 368 412 463
3 856 900 2114
3 1582 1581 1538
3 1908 1864 2247
3 545 589 2247
3 1585 1629 1766
3 1909 1865 1335
3 634 678 1335
3 1775 1774 1731
3 1991 1867 1079
3 1866 1822 1546
3 503 547 1546
3 1301 940 1369
3 2005 2596 1515
3 1998 1954 2292
3 460 504 2292
3 329 184 1971
3 683 1753 1137
3 1868 1824 2112
3 681 725 2112
3 85 1581 1625
3 2165 1961 2649
3 2088 2044 2077
3 1033 1077 2077
3 2079 980 1024
3 684 1346 699
3 2357 2312 1427
3 1034 1427 990
3 1215 2223 2268
3 741 688 2051
3 697 2051 688
3 1841 2051 1612
3 1797 1612 2051
3 742 1612 2318
3 698 2318 1612
3 2329 2318 1171
3 2284 1171 2318
3 1006 1171 644
3 962 644 1171
3 2330 644 1876
3 2285 1876 644
3 1227 1876 116
3 1183 116 1876
3 2286 116 2273
3 2241 2273 116
3 1184 2273 600
3 1140 600 2273
3 2556 600 1700
3 2512 1700 600
3 1229 1700 1127
3 1185 1127 1700
3 2513 1127 1083
3 2468 1083 1127
3 1186 1083 72
3 1142 72 1083
3 2424 72 1568
3 2379 1568 72
3 1319 1568 1039
3 1275 1039 1568
3 89 1039 2007
3 45 2007 1039
3 1276 2007 1524
3 1232 1524 2007
3 90 1524 2408
3 46 2408 1524
3 1586 2408 556
3 1542 556 2408
3 179 556 512
3 135 512 556
3 1763 512 1832
3 1719 1832 512
3 620 1832 28
3 576 28 1832
3 1852 28 2228
3 1808 2228 28
3 489 2228 468
3 445 468 2228
3 2116 468 1481
3 2072 1481 468
3 666 1481 424
3 622 424 1481
3 2341 424 995
3 2296 995 424
3 2 1106 1062
3 995 1062 1106
3 2522 2 1437
3 2477 1437 2
3 1239 1437 951
3 1195 951 1437
3 2567 951 1963
3 2523 1963 951
3 1240 1963 1392
3 1196 1392 1963
3 2614 1392 2183
3 2568 2183 1392
3 1506 2183 908
3 1463 908 2183
3 143 908 380
3 99 380 908
3 1464 380 1788
3 1419 1788 380
3 364 1788 2588
3 320 2588 1788
3 1640 2588 2138
3 1596 2138 2588
3 629 2138 336
3 585 336 2138
3 1656 1905 1861
3 336 1861 1905
3 586 1656 864
3 542 864 1656
3 1686 864 820
3 1642 820 864
3 587 820 2542
3 543 2542 820
3 1643 2542 1347
3 1599 1347 2542
3 456 1347 776
3 412 776 1347
3 1951 776 1920
3 1908 1920 776
3 633 1920 1303
3 589 1303 1920
3 1952 1303 2363
3 1909 2363 1303
3 722 2363 292
3 678 292 2363
3 1910 292 248
3 1866 248 292
3 591 248 1744
3 547 1744 248
3 2042 1744 2498
3 1998 2498 1744
3 548 2498 2094
3 504 2094 2498
3 1912 2094 204
3 1868 204 2094
3 769 204 1259
3 725 1259 204
3 2132 1259 160
3 2088 160 1259
3 1121 160 732
3 1077 732 160
3 2402 732 2453
3 2357 2453 732
3 1078 2453 1215
3 1034 1215 2453
3 688 2268 2223
3 2268 1922 866
3 785 1922 734
3 741 734 1922
3 1885 734 2410
3 1841 2410 734
3 786 2410 2230
3 742 2230 2410
3 2374 2230 822
3 2329 822 2230
3 1050 822 1878
3 1006 1878 822
3 2375 1878 690
3 2330 690 1878
3 1271 690 1702
3 1227 1702 690
3 2331 1702 1526
3 2286 1526 1702
3 1228 1526 1483
3 1184 1483 1526
3 2602 1483 646
3 2556 646 1483
3 557 646 2500
3 1229 2500 646
3 2557 2500 602
3 2513 602 2500
3 1230 602 1173
3 1186 1173 602
3 2469 1173 1129
3 2424 1129 1173
3 1363 1129 2053
3 1319 2053 1129
3 133 2053 558
3 89 558 2053
3 1320 558 2365
3 1276 2365 558
3 134 2365 2185
3 90 2185 2365
3 1630 2185 514
3 1586 514 2185
3 223 514 1834
3 179 1834 514
3 1807 1834 470
3 1763 470 1834
3 664 470 1658
3 620 1658 470
3 1896 1658 1439
3 1852 1439 1658
3 533 1439 1394
3 489 1394 1439
3 2160 1394 426
3 2116 426 1394
3 710 426 382
3 666 382 426
3 2386 382 338
3 2341 338 382
3 1150 338 1085
3 1106 1085 338
3 2566 1085 1041
3 2522 1041 1085
3 1283 1041 2009
3 1239 2009 1041
3 2613 2009 294
3 2567 294 2009
3 1284 294 2320
3 1240 2320 294
3 14 2320 2140
3 2614 2140 2320
3 1550 2140 778
3 1506 778 2140
3 187 778 1790
3 143 1790 778
3 1507 1790 250
3 1464 250 1790
3 408 250 1614
3 364 1614 250
3 1684 1614 1349
3 1640 1349 1614
3 673 1349 1305
3 629 1305 1349
3 1948 1305 206
3 1905 206 1305
3 630 206 2455
3 586 2455 206
3 1730 2455 162
3 1686 162 2455
3 631 162 997
3 587 997 162
3 1687 997 953
3 1643 953 997
3 500 953 1965
3 456 1965 953
3 1995 1965 118
3 1951 118 1965
3 677 118 2275
3 633 2275 118
3 1996 2275 2096
3 1952 2096 2275
3 766 2096 74
3 722 74 2096
3 1953 74 1746
3 1910 1746 74
3 635 1746 30
3 591 30 1746
3 2086 30 1570
3 2042 1570 30
3 592 1570 1261
3 548 1261 1570
3 1955 1261 1217
3 1912 1217 1261
3 813 1217 4
3 769 4 1217
3 2176 4 2590
3 2132 2590 4
3 1165 2590 2544
3 1121 2544 2590
3 2447 2544 910
3 2402 910 2544
3 1122 910 866
3 1078 866 910
3 2313 866 1922
3 2313 1216 2543
3 829 1216 645
3 785 645 1216
3 1929 645 821
3 1885 821 645
3 830 821 601
3 786 601 821
3 2419 601 1172
3 2374 1172 601
3 2173 986 1030
3 1701 2419 1172
3 721 1315 2039
3 2375 2229 1701
3 2376 1620 1128
3 1271 1128 2229
3 2376 1128 2499
3 2331 2499 1128
3 1272 2499 2454
3 1228 2454 2499
3 2639 2454 557
3 2602 557 2454
3 2201 2165 2021
3 132 1760 1804
3 1556 862 1246
3 2174 679 2130
3 2514 2603 1877
3 2231 2557 1877
3 2514 1877 513
3 2469 513 1877
3 1408 513 1613
3 1363 1613 513
3 177 1613 469
3 133 469 1613
3 1364 469 777
3 1320 777 469
3 983 940 1479
3 134 425 777
3 178 425 267
3 1630 1084 425
3 267 1084 1569
3 223 1569 1084
3 1851 1569 2184
3 1807 2184 1569
3 708 2184 1040
3 664 1040 2184
3 1940 1040 2409
3 1896 2409 1040
3 381 577 1564
3 533 381 2409
3 577 381 754
3 2160 337 381
3 754 337 1525
3 710 1525 337
3 2431 1525 2008
3 2386 2008 1525
3 1194 2008 2566
3 1150 2566 2008
3 293 1652 1137
3 1148 1874 2340
3 354 310 2411
3 643 2150 1302
3 1328 1327 249
3 334 1283 249
3 1328 249 733
3 1284 733 249
3 54 733 205
3 14 205 733
3 1594 205 996
3 1550 996 205
3 231 996 1438
3 187 1438 996
3 36 452 2635
3 1507 2139 1438
3 1551 2139 952
3 408 952 2139
3 1728 952 2364
3 1684 2364 952
3 717 2364 2319
3 673 2319 2364
3 1992 2319 161
3 1948 161 2319
3 674 161 1393
3 630 1393 161
3 1964 1774 1345
3 1730 1964 1393
3 1774 1964 1731
3 631 1789 1964
3 1731 1789 117
3 1687 117 1789
3 544 117 1348
3 500 1348 117
3 2039 1348 73
3 1995 73 1348
3 721 73 689
3 677 689 73
3 1313 1182 202
3 1996 29 689
3 2040 29 1997
3 766 909 29
3 1997 909 1304
3 1953 1304 909
3 679 1304 2095
3 635 2095 1304
3 2130 2095 865
3 2086 865 2095
3 636 865 2274
3 592 2274 865
3 1999 2274 3
3 1955 3 2274
3 857 3 2589
3 813 2589 3
3 2221 2589 1260
3 2176 1260 2589
3 1209 1260 1921
3 1165 1921 1260
3 2492 1921 1745
3 2447 1745 1921
3 1166 1745 2543
3 1122 2543 1745
3 2372 2543 1216
3 744 902 608
3 2005 1515 1155
3 2066 360 967
3 1929 830 828
3 1257 1431 1541
3 2419 2464 830
3 755 1651 2074
3 1928 774 1151
3 2420 1620 2465
3 2376 1272 2421
3 855 317 1549
3 2639 42 1272
3 42 2639 2540
3 1557 887 960
3 1389 2244 861
3 1647 2600 2052
3 1757 2291 2302
3 81 1179 1476
3 2514 1408 1221
3 466 1242 991
3 177 221 1408
3 221 177 391
3 1114 1418 1740
3 178 222 1364
3 2306 2262 2226
3 680 2131 2175
3 2316 327 1482
3 1576 1674 48
3 2247 1864 333
3 752 708 1940
3 621 1940 1564
3 1609 6 2150
3 1328 2186 1372
3 744 1512 933
3 798 754 2431
3 1194 1238 2431
3 1238 1194 1125
3 2292 1954 1872
3 2514 1221 2558
3 1460 1504 448
3 2497 2192 27
3 1328 54 2186
3 87 1362 1584
3 1594 1638 54
3 1638 1594 1799
3 1546 1822 289
3 178 1022 311
3 49 862 2013
3 549 593 1736
3 1772 1728 717
3 71 1037 511
3 1992 2036 717
3 2036 1992 674
3 2371 1708 1412
3 1818 674 1345
3 554 262 302
3 1791 335 1688
3 1775 1731 544
3 1891 2334 157
3 2039 2083 544
3 2083 2039 1315
3 2608 2467 773
3 2040 2084 721
3 1997 679 2015
3 2120 376 1750
3 2130 636 2043
3 2043 636 2582
3 1999 857 2582
3 2266 2221 1209
3 31 327 2605
3 2492 2536 1209
3 2536 2492 1816
3 917 2358 961
3 1545 2147 357
3 2417 873 2462
3 1004 2552 1983
3 828 874 873
3 2510 874 2464
3 400 356 1170
3 2465 1359 2510
3 1316 1359 2421
3 1810 2048 530
3 42 86 1316
3 2137 768 2309
3 8 43 2540
3 8 1318 43
3 1453 1318 1221
3 2558 1221 1318
3 221 265 1453
3 265 221 391
3 1972 448 1971
3 1718 222 311
3 752 1895 311
3 752 796 1895
3 2310 665 621
3 796 621 665
3 1873 422 718
3 798 2476 2205
3 1238 2476 798
3 1238 1282 2476
3 1371 1416 1125
3 1371 53 1416
3 98 53 2186
3 1372 2186 53
3 1638 1682 98
3 1682 1638 1799
3 1772 496 1595
3 1772 761 496
3 2036 761 1772
3 2036 2080 761
3 1685 224 1752
3 108 1862 1818
3 2080 1818 1862
3 26 2591 1064
3 1775 588 719
3 2083 588 1775
3 2083 2127 588
3 1237 993 2642
3 2084 2128 1315
3 2084 854 2128
3 854 2084 2015
3 2015 2174 854
3 1301 2226 1029
3 251 2617 339
3 977 2300 2570
3 901 2087 904
3 2043 2582 904
3 2266 1253 901
3 2536 1253 2266
3 2536 2581 1253
3 968 2471 1012
3 2217 898 767
3 1094 2016 918
3 873 2358 2462
3 918 2358 874
3 1537 1538 2601
3 48 872 1423
3 1326 1102 52
3 1073 1029 2129
3 2510 1359 1094
3 158 92 420
3 1359 1316 1257
3 1360 1431 1257
3 1361 1360 86
3 1316 86 1360
3 1362 1361 1598
3 86 43 1361
3 887 1181 2597
3 1741 2136 2149
3 1318 1453 1598
3 1362 1598 1540
3 1409 1496 265
3 1453 265 1496
3 266 1409 265
3 266 310 1409
3 266 1718 310
3 1718 1895 1698
3 310 1698 2411
3 665 1939 796
3 665 709 1939
3 842 709 2205
3 665 2205 709
3 2476 842 2205
3 2476 2521 842
3 12 2521 1282
3 2476 1282 2521
3 97 12 1742
3 1282 1416 12
3 2616 1461 1674
3 1433 2004 2192
3 53 98 1742
3 97 1742 186
3 275 142 1682
3 1639 275 1682
3 1639 1683 275
3 540 1683 1830
3 1639 496 1683
3 496 761 1830
3 623 540 371
3 1311 1840 876
3 2271 642 552
3 1862 805 2080
3 1862 1906 805
3 1819 1906 719
3 1862 719 1906
3 588 1819 719
3 588 632 1819
3 765 632 2127
3 588 2127 632
3 2172 765 2128
3 2127 2128 765
3 640 2172 854
3 1991 1079 1946
3 1061 446 608
3 680 2219 2131
3 2131 2087 2311
3 901 2311 2087
3 1253 2311 901
3 1253 1297 2311
3 1210 1297 2581
3 1253 2581 1297
3 2358 1210 2462
3 2581 2462 1210
3 2508 1657 1490
3 961 2016 2554
3 230 1884 186
3 961 918 2016
3 2181 947 728
3 1468 411 950
3 942 2307 1073
3 2291 1757 1713
3 1360 130 1431
3 1361 130 1360
3 87 130 1362
3 1925 2604 1881
3 396 288 1058
3 1496 1540 1598
3 354 1540 1409
3 1496 1409 1540
3 310 354 1409
3 859 2327 903
3 1602 355 1489
3 2300 977 1135
3 1939 840 1698
3 709 753 1939
3 709 2565 753
3 842 2565 709
3 2521 2565 842
3 2521 1326 2565
3 12 1326 2521
3 1326 12 97
3 1343 400 787
3 96 141 2446
3 142 186 1742
3 275 1727 772
3 186 142 772
3 1683 1727 275
3 1939 1895 796
3 2581 1816 2462
3 2296 2251 1018
3 1830 805 371
3 1975 1840 2076
3 1549 450 494
3 1906 1949 805
3 1906 676 1949
3 1819 676 1906
3 632 676 1819
3 632 2171 676
3 765 2171 632
3 898 2171 2141
3 2141 2172 640
3 2191 2182 1471
3 57 2175 2131
3 2131 944 57
3 2311 944 2131
3 2627 944 1297
3 2311 1297 944
3 1210 2627 1297
3 917 2627 1210
3 585 541 1817
3 2507 917 285
3 844 608 145
3 1159 170 2260
3 1645 2121 355
3 1854 1813 2059
3 353 1848 2361
3 2396 1027 1479
3 1813 652 2059
3 1361 1362 130
3 1540 1584 1362
3 1540 1454 1584
3 354 1454 1540
3 399 1454 354
3 1982 399 2411
3 840 2411 1698
3 840 797 1982
3 753 797 840
3 753 886 797
3 2565 886 753
3 1442 1681 1421
3 2565 1326 52
3 230 186 319
3 1860 319 1727
3 1993 849 371
3 623 371 849
3 1949 1863 1993
3 676 1863 1949
3 676 2171 809
3 809 2171 898
3 2141 767 898
3 2356 724 57
3 2175 57 724
3 1770 538 1918
3 57 944 2356
3 2627 2507 1341
3 917 2507 2627
3 1049 2551 1005
3 1069 2509 2438
3 1854 1956 1677
3 1406 1405 2466
3 1237 2466 1405
3 1547 227 2272
3 860 2106 409
3 1407 1406 87
3 199 1606 595
3 1628 1584 1454
3 306 1669 2317
3 399 398 1454
3 399 1762 398
3 1762 399 1982
3 2303 1068 2227
3 884 1982 797
3 1015 2248 2362
3 841 797 886
3 2354 1074 2407
3 2611 886 52
3 1982 2411 840
3 665 2310 2205
3 141 1169 2541
3 1884 230 1102
3 2114 2124 986
3 2146 2620 2102
3 1860 1771 319
3 1771 1860 2496
3 584 2496 2168
3 567 1089 1974
3 2168 849 1993
3 2584 2092 2259
3 2037 1993 1863
3 1035 1831 2299
3 720 1863 809
3 945 858 156
3 811 2217 767
3 811 767 724
3 1048 2238 2283
3 2220 724 2356
3 706 818 1938
3 23 988 1341
3 2356 1341 988
3 23 1341 2507
3 1190 746 1177
3 2403 2551 1049
3 242 2060 1340
3 1329 2079 2123
3 2483 2509 1113
3 2197 2076 1151
3 1405 2511 40
3 1451 2511 1405
3 1862 108 719
3 1453 1221 221
3 1685 256 1412
3 1370 2580 1003
3 1497 398 13
3 1771 2496 711
3 2026 884 885
3 841 930 885
3 2611 930 841
3 2611 96 930
3 96 2611 1169
3 58 1003 2580
3 1182 378 1449
3 618 530 2048
3 2070 816 224
3 363 1771 711
3 1653 2596 1423
3 893 2168 2081
3 2037 1907 2081
3 720 1907 2037
3 720 853 1907
3 2216 853 720
3 2406 1833 2309
3 2137 2220 2401
3 564 862 1556
3 503 1954 547
3 2403 1385 23
3 698 2239 2284
3 446 145 608
3 1384 2060 286
3 1387 2636 37
3 2511 1450 84
3 1451 174 1450
3 1452 174 1076
3 482 1889 748
3 442 1672 124
3 1806 442 13
3 1529 1681 1486
3 930 2644 929
3 96 1415 2644
3 185 1415 2446
3 2483 1288 1333
3 363 1815 362
3 628 1815 1274
3 2612 1327 1371
3 1639 1595 496
3 300 388 2065
3 1907 764 2125
3 853 2261 764
3 2406 941 2261
3 1093 1049 94
3 1553 1576 2488
3 2416 520 1146
3 2401 1385 2392
3 2403 67 1385
3 2403 960 67
3 1562 2583 1342
3 887 1557 2553
3 2553 1138 2599
3 84 2555 1138
3 1450 2555 84
3 1450 1493 2555
3 1494 1493 174
3 1450 174 1493
3 1452 1494 174
3 1494 1452 9
3 1672 9 1452
3 608 844 744
3 1672 442 2163
3 486 442 1806
3 928 2027 443
3 929 972 2027
3 929 973 972
3 2644 973 929
3 2644 51 973
3 140 51 1415
3 2644 1415 51
3 185 140 1415
3 140 185 1417
3 362 1417 185
3 362 407 1417
3 1815 407 362
3 1815 1859 407
3 1859 1815 628
3 2213 762 1904
3 2125 2169 762
3 2125 1950 2169
3 764 1950 2125
3 764 808 1950
3 897 808 2261
3 764 2261 808
3 941 897 2261
3 897 941 2041
3 899 2041 941
3 899 812 2041
3 2265 812 899
3 812 2265 2355
3 1430 1032 2392
3 67 1430 2392
3 67 1254 1430
3 960 1254 67
3 1285 1241 1038
3 2597 1254 887
3 2545 2104 1956
3 278 322 2497
3 1138 128 2599
3 1138 1404 128
3 2555 1404 1138
3 2555 1537 1404
3 1493 1537 2555
3 1493 218 1537
3 1494 218 1493
3 131 218 1494
3 1494 1495 131
3 1047 2488 146
3 309 1495 2163
3 2163 1810 309
3 530 309 1810
3 486 1810 2163
3 443 2048 1810
3 443 2027 971
3 971 972 1654
3 2027 972 971
3 973 95 1016
3 51 95 973
3 51 1460 95
3 140 1460 51
3 1504 1460 140
3 140 229 1504
3 1417 406 229
3 407 406 1417
3 407 1726 406
3 1903 1726 1859
3 407 1859 1726
3 1859 1904 1903
3 1991 1947 806
3 1541 1359 1257
3 2214 2258 2169
3 762 2169 2258
3 2214 2169 730
3 1950 852 730
3 808 852 1950
3 808 2306 852
3 897 2306 808
3 2262 2306 897
3 985 2262 2041
3 150 2332 1056
3 1843 985 2264
3 812 2264 985
3 1009 553 2404
3 1032 2355 2265
3 2491 2355 1032
3 1032 1475 2491
3 1430 1475 1032
3 1430 111 1475
3 1254 111 1430
3 2597 111 1254
3 2597 2148 2448
3 1181 2073 2148
3 2545 1956 2059
3 172 378 2073
3 2601 172 1404
3 128 1404 172
3 2601 1404 1537
3 258 2445 1164
3 144 994 1375
3 1537 218 1538
3 2139 1551 231
3 1495 44 131
3 44 1495 1145
3 274 363 318
3 1585 309 530
3 790 1732 2297
3 1628 1497 959
3 971 1267 2048
3 1267 971 1654
3 883 2250 2071
3 2214 730 2259
3 2638 2601 1538
3 1460 1972 95
3 1972 1460 448
3 973 1016 972
3 229 1462 1504
3 1462 229 406
3 1299 643 877
3 1726 451 406
3 451 1726 147
3 1726 1903 147
3 683 1778 1753
3 792 214 1697
3 806 2258 2092
3 2076 1786 1151
3 792 1697 2609
3 2306 1776 852
3 1776 2306 2226
3 985 2085 2262
3 2085 985 1843
3 2525 1589 2321
3 2490 258 1208
3 856 2264 2400
3 2355 2400 2264
3 2355 2491 2400
3 1407 1076 1451
3 1298 155 1475
3 111 1298 1475
3 1298 111 2448
3 2597 2448 111
3 2493 2448 2193
3 798 577 754
3 172 1449 378
3 2601 2638 172
3 1017 139 2295
3 44 175 131
3 487 2158 1894
3 1764 401 1808
3 530 618 1585
3 2129 2114 986
3 1139 2196 1183
3 1016 1060 883
3 95 1017 1060
3 812 2355 2264
3 448 1548 329
3 1316 2421 42
3 1498 1503 1542
3 1946 672 147
3 2491 1475 508
3 545 1865 589
3 2214 2259 2092
3 852 1994 2259
3 784 896 200
3 55 1374 99
3 1369 2226 1301
3 180 93 2103
3 2478 1152 2523
3 508 1120 2400
3 2400 2491 508
3 155 2535 508
3 2448 2493 1298
3 2022 1004 2153
3 2238 2193 70
3 1269 70 378
3 1182 1269 378
3 1709 216 521
3 2638 1581 1492
3 618 1629 1585
3 1538 1581 2638
3 1582 810 1626
3 88 1760 1539
3 883 2071 2377
3 1585 1766 1145
3 1005 2554 993
3 1850 618 487
3 1915 1159 531
3 2158 1267 2377
3 2250 1060 1017
3 139 1972 1971
3 1592 228 273
3 1505 273 1548
3 1505 450 317
3 2560 85 129
3 1505 451 2090
3 495 450 2090
3 451 147 2090
3 1091 1990 539
3 980 716 1079
3 479 2035 1685
3 596 555 968
3 980 1867 1024
3 2584 1867 2092
3 763 2259 1994
3 939 1776 1369
3 1301 2307 984
3 2129 986 1073
3 395 1846 1802
3 1772 1551 1728
3 373 1445 1370
3 1518 2535 155
3 1518 155 2583
3 2493 2583 1298
3 2493 1960 1342
3 1048 2636 1960
3 275 772 142
3 2283 2238 1269
3 1289 6 2151
3 1313 1269 1182
3 1538 1379 1582
3 1449 1492 260
3 1581 85 1492
3 584 711 2496
3 63 262 1330
3 1625 1581 1582
3 1762 13 398
3 219 1626 810
3 175 1539 219
3 147 1091 2090
3 1760 132 1539
3 2030 2065 1045
3 2146 189 2596
3 1804 1760 490
3 2165 2649 613
3 1673 1629 1850
3 1850 1894 662
3 355 686 1489
3 2158 575 1894
3 1016 1654 972
3 2252 1082 1107
3 2071 2203 2377
3 2250 2295 1104
3 1518 2583 1562
3 139 1105 2295
3 2034 1329 760
3 304 2560 1536
3 1971 184 139
3 34 2634 2618
3 273 317 1592
3 672 1079 716
3 450 1549 317
3 210 166 614
3 1754 652 1061
3 494 450 495
3 1766 490 1760
3 1329 1990 716
3 1654 883 1267
3 980 2079 716
3 1980 64 1468
3 850 1024 1867
3 1407 87 1584
3 763 807 2304
3 939 2038 807
3 1716 219 1539
3 185 2446 318
3 1029 1073 2307
3 986 2173 1073
3 1030 986 2124
3 900 515 2124
3 1120 1164 2445
3 1518 2626 1164
3 1092 37 1048
3 2636 1048 37
3 1048 2328 1092
3 2283 2328 1048
3 2283 1357 2328
3 1313 1357 2283
3 1008 921 106
3 1313 202 1357
3 1226 1270 202
3 1226 304 1270
3 260 304 1226
3 2560 304 260
3 129 1536 2560
3 85 1669 129
3 1625 1669 85
3 831 743 705
3 1625 2317 1669
3 1626 1670 2317
3 1626 263 1670
3 219 263 1626
3 1716 263 219
3 176 1583 1716
3 132 1848 176
3 1804 1848 132
3 149 1514 246
3 1804 2361 1848
3 1673 1717 2361
3 1673 706 1717
3 662 706 1673
3 818 706 662
3 619 1938 818
3 575 2248 619
3 2203 2248 575
3 1667 1001 2339
3 2203 2362 2248
3 2071 2115 2362
3 2071 1148 2115
3 1104 1148 2071
3 1874 1148 1104
3 1149 2340 1874
3 1105 227 1149
3 183 227 1105
3 1636 855 361
3 183 2272 227
3 228 272 2272
3 228 1636 272
3 1592 1636 228
3 855 1636 1592
3 1593 361 855
3 1549 538 1593
3 494 538 1549
3 2283 1269 1313
3 494 1918 538
3 539 583 1918
3 539 2034 583
3 1990 2034 539
3 1329 2034 1990
3 2123 760 1329
3 2079 1068 2123
3 1024 1068 2079
3 1301 984 940
3 1024 2227 1068
3 850 894 2227
3 850 2349 894
3 2304 2349 850
3 2200 2349 2304
3 2082 851 2200
3 2038 1027 2082
3 983 1027 2038
3 768 2401 2265
3 983 1479 1027
3 984 1028 1479
3 984 2352 1028
3 2307 2352 984
3 942 2352 2307
3 2218 1117 942
3 2173 1074 2218
3 1030 1074 2173
3 2137 2309 1833
3 1030 2407 1074
3 943 987 2407
3 943 2490 987
3 2445 2490 943
3 258 2490 2445
3 22 1208 258
3 1164 2626 258
3 2626 1606 22
3 1562 1606 2626
3 1562 595 1606
3 595 1342 2636
3 1065 1285 522
3 37 1092 2537
3 2328 2373 1092
3 2328 1402 2373
3 1357 1402 2328
3 1357 39 1402
3 1270 1314 39
3 1270 348 1314
3 304 348 1270
3 304 1536 348
3 129 173 1536
3 129 1713 173
3 1669 1713 129
3 1669 306 1713
3 1670 1714 306
3 1670 307 1714
3 263 307 1670
3 263 1583 307
3 176 220 1583
3 176 1892 220
3 1848 1892 176
3 1848 353 1892
3 1717 1761 353
3 1717 750 1761
3 706 750 1717
3 706 1938 750
3 619 663 1938
3 619 2293 663
3 2248 2293 619
3 2248 1015 2293
3 2115 2159 1015
3 2115 1192 2159
3 1148 1192 2115
3 1148 2340 1192
3 1149 1193 2340
3 1149 271 1193
3 227 271 1149
3 227 1547 271
3 272 316 1547
3 272 1680 316
3 1636 1680 272
3 1636 361 1680
3 1593 1637 361
3 1593 582 1637
3 538 582 1593
3 538 1770 582
3 583 627 1770
3 583 2078 627
3 2034 2078 583
3 2034 760 2078
3 2123 2167 760
3 2123 1112 2167
3 1068 1112 2123
3 1068 2303 1112
3 894 937 2303
3 894 2394 937
3 2349 2394 894
3 2349 851 2394
3 2082 2126 851
3 2082 1071 2126
3 1027 1071 2082
3 1027 2396 1071
3 1028 1072 2396
3 1028 2397 1072
3 2352 2397 1028
3 2352 1117 2397
3 2218 2263 1117
3 2218 1118 2263
3 1074 1118 2218
3 1074 2354 1118
3 987 1031 2354
3 987 2534 1031
3 2490 2534 987
3 2490 1208 2534
3 22 66 1208
3 22 1650 66
3 1606 1650 22
3 1606 199 1650
3 1387 1386 199
3 1387 2537 1386
3 37 2537 1387
3 2537 1136 81
3 1092 1136 2537
3 1092 2373 1136
3 1712 2418 349
3 1402 1447 2373
3 1402 83 1447
3 39 83 1402
3 39 1314 83
3 1191 1358 2384
3 348 392 1314
3 348 1580 392
3 1536 1580 348
3 1536 173 1580
3 935 217 2347
3 1713 1757 173
3 1713 306 2291
3 2302 2291 1473
3 2533 1758 1207
3 307 351 1714
3 307 1627 351
3 1583 1627 307
3 1583 220 1627
3 1448 264 171
3 215 264 1491
3 1892 1936 220
3 1892 397 1936
3 353 397 1892
3 353 1761 397
3 795 1805 2069
3 2113 1805 839
3 750 794 1761
3 750 1981 794
3 1938 1981 750
3 1938 663 1981
3 715 707 1902
3 1945 707 759
3 2293 2338 663
3 2293 1059 2338
3 1015 1059 2293
3 1015 2159 1059
3 2398 2204 1249
3 1293 2204 2443
3 1192 1236 2159
3 1192 2385 1236
3 2340 2385 1192
3 2340 1193 2385
3 2554 2642 993
3 1237 40 993
3 271 315 1193
3 271 1591 315
3 1547 1591 271
3 1547 316 1591
3 2551 2507 285
3 1680 1724 316
3 1680 405 1724
3 361 405 1680
3 361 1637 405
3 1806 2026 928
3 582 626 1637
3 582 1814 626
3 1770 1814 582
3 1770 627 1814
3 628 893 2213
3 2078 2122 627
3 2078 804 2122
3 760 804 2078
3 760 2167 804
3 1451 1450 2511
3 1112 1156 2167
3 1112 2348 1156
3 2303 2348 1112
3 2303 937 2348
3 2001 171 1490
3 1534 981 215
3 2394 2439 937
3 2394 851 510
3 1715 2170 439
3 483 2170 1759
3 1071 1115 2126
3 1071 2441 1115
3 2396 2441 1071
3 2396 1072 2441
3 191 2069 838
3 882 1116 2113
3 2397 2442 1072
3 2397 1161 2442
3 1117 1161 2397
3 1117 2263 1161
3 1679 2308 403
3 447 2308 1723
3 1118 1162 2263
3 1118 2399 1162
3 2354 2399 1118
3 2354 1031 2399
3 1469 1902 670
3 714 1075 1945
3 2534 2579 1031
3 2534 1252 2579
3 1208 1252 2534
3 1208 66 1252
3 2032 938 2529
3 2573 110 982
3 2049 675 107
3 329 228 184
3 1650 199 107
3 87 1406 130
3 720 809 1225
3 2537 81 1386
3 2373 2463 1136
3 2373 1447 2463
3 1314 1403 83
3 1314 392 1403
3 173 261 1580
3 173 1757 261
3 1714 1802 1473
3 1714 351 1802
3 220 308 1627
3 220 1936 308
3 1761 1849 397
3 1761 794 1849
3 663 751 1981
3 663 2338 751
3 2159 2249 1059
3 2159 1236 2249
3 1193 1281 2385
3 1193 315 1281
3 316 404 1591
3 316 1724 404
3 1637 1725 405
3 1637 626 1725
3 627 671 1814
3 627 2122 671
3 2167 2212 804
3 2167 1156 2212
3 937 1025 2348
3 937 2439 1025
3 2215 1516 510
3 2126 1115 2215
3 1072 1160 2441
3 1072 2442 1160
3 2263 2353 1161
3 2263 1162 2353
3 1031 1119 2399
3 1031 2579 1119
3 66 154 1252
3 154 66 675
3 1386 81 1476
3 1136 1180 125
3 1136 2463 1180
3 1657 1447 2456
3 83 127 2456
3 83 1403 127
3 392 436 1403
3 436 392 2574
3 1580 1624 2574
3 1580 261 1624
3 1757 1801 261
3 1801 1757 2302
3 1802 394 2302
3 351 395 1802
3 395 351 888
3 1627 1671 888
3 1627 308 1671
3 1936 1979 308
3 1979 1936 735
3 397 441 735
3 397 1849 441
3 1198 794 2501
3 1981 2025 2501
3 1981 751 2025
3 2338 2383 751
3 2383 2338 1377
3 1059 1103 1377
3 1059 2249 1103
3 1236 1280 2249
3 1280 1236 1042
3 2385 2430 1042
3 2385 1281 2430
3 315 359 1281
3 359 315 1101
3 1591 1635 1101
3 1591 404 1635
3 1724 1768 404
3 1768 1724 163
3 405 449 163
3 405 1725 449
3 2105 626 551
3 1814 1858 551
3 1814 671 1858
3 2122 2166 671
3 2166 2122 659
3 804 848 659
3 804 2212 848
3 1156 1200 2212
3 1200 1156 75
3 2348 2393 75
3 2348 1025 2393
3 2439 2484 1025
3 2484 2439 1516
3 1400 1137 1652
3 531 1115 1871
3 2441 2486 1871
3 2441 1160 2486
3 2442 2487 1160
3 2487 2442 1827
3 1161 1205 1827
3 1161 2353 1205
3 1162 1206 2353
3 1206 1162 1021
3 2399 2444 1021
3 2399 1119 2444
3 2579 2625 1119
3 2625 2579 978
3 1252 1296 978
3 1252 154 1296
3 81 125 1179
3 1650 675 66
3 1403 1448 127
3 1403 436 1448
3 261 305 1624
3 261 1801 305
3 394 1802 1846
3 308 352 1671
3 308 1979 352
3 1849 1893 441
3 1893 1849 1198
3 751 795 2025
3 751 2383 795
3 2249 2294 1103
3 2249 1280 2294
3 1281 1325 2430
3 1281 359 1325
3 404 492 1635
3 404 1768 492
3 1725 1769 449
3 1769 1725 2105
3 671 715 1858
3 671 2166 715
3 2212 2257 848
3 2212 1200 2257
3 1025 1069 2393
3 1025 2484 1069
3 319 274 230
3 1160 1204 2486
3 1160 2487 1204
3 2353 2398 1205
3 2353 1206 2398
3 1119 1163 2444
3 1119 2625 1163
3 154 198 1296
3 1694 198 154
3 1476 1519 243
3 1519 1476 1566
3 2525 1566 1589
3 2508 1224 1180
3 2001 1490 1657
3 941 2309 899
3 171 127 1448
3 436 480 1448
3 480 436 1559
3 1624 305 1668
3 1801 1845 305
3 1845 1801 1888
3 438 1888 394
3 395 439 1846
3 439 395 1424
3 1671 352 1715
3 1979 2023 352
3 2023 1979 2335
3 441 485 2335
3 485 441 1893
3 191 838 1198
3 2069 2025 795
3 2383 2428 795
3 2428 2383 194
3 1103 2294 1147
3 1280 1324 2294
3 1324 1280 1842
3 2430 2475 1842
3 2475 2430 1325
3 359 403 1325
3 403 359 2290
3 1635 492 1679
3 1768 1812 492
3 1812 1768 2109
3 449 493 2109
3 493 449 1769
3 1469 670 2105
3 1902 1858 715
3 2166 2211 715
3 2211 2166 2075
3 848 2257 892
3 1200 1244 2257
3 1244 1200 101
3 2393 2438 101
3 2438 2393 1069
3 2484 2529 1069
3 2529 2484 2032
3 895 938 2032
3 938 895 170
3 10 1978 749
3 2530 2486 1204
3 2487 2531 1204
3 2531 2487 2210
3 2210 1205 1249
3 1206 1250 2398
3 1250 1206 136
3 2444 1163 2489
3 2625 21 1163
3 21 2625 1509
3 1296 1340 1509
3 1340 1296 198
3 242 198 1694
3 287 890 1519
3 243 1519 890
3 2525 1563 1566
3 2525 2321 282
3 1268 2321 2246
3 1224 2246 2321
3 2598 2246 747
3 2508 747 2246
3 1534 747 981
3 1490 981 747
3 215 981 264
3 171 264 981
3 1491 264 2571
3 1448 2571 264
3 524 2571 241
3 480 241 2571
3 1712 241 2418
3 1668 2418 241
3 349 2418 17
3 305 17 2418
3 1845 1889 17
3 1889 1845 748
3 482 748 1722
3 438 1722 748
3 1890 1722 700
3 1846 700 1722
3 483 700 2170
3 439 2170 700
3 1759 2170 703
3 1715 703 2170
3 440 703 226
3 352 226 703
3 2023 2067 226
3 2067 2023 1678
3 529 1678 193
3 485 193 1678
3 1937 193 1533
3 1893 1533 193
3 882 1533 1116
3 838 1116 1533
3 2113 1116 1805
3 2069 1805 1116
3 839 1805 1590
3 795 1590 1805
3 2473 1590 20
3 2428 20 1590
3 1191 20 1358
3 1147 1358 20
3 2384 1358 1199
3 2294 1199 1358
3 1324 1368 1199
3 1368 1324 295
3 2520 295 1605
3 2475 1605 295
3 1414 1605 1057
3 1325 1057 1605
3 447 1057 2308
3 403 2308 1057
3 1723 2308 1958
3 1679 1958 2308
3 536 1958 1278
3 492 1278 1958
3 1812 1856 1278
3 1856 1812 1428
3 537 1428 889
3 493 889 1428
3 1857 889 523
3 1769 523 889
3 714 523 1075
3 670 1075 523
3 1945 1075 707
3 1902 707 1075
3 759 707 1367
3 715 1367 707
3 2256 1367 105
3 2211 105 1367
3 935 105 217
3 892 217 105
3 2347 217 1109
3 2257 1109 217
3 1244 1288 1109
3 1288 1244 1333
3 2483 1333 2509
3 2438 2509 1333
3 1113 2509 660
3 1069 660 2509
3 2573 660 110
3 2529 110 660
3 982 110 1189
3 938 1189 110
3 2305 1189 793
3 1203 793 213
3 1159 213 793
3 2575 213 924
3 2530 924 213
3 1248 924 638
3 1204 638 924
3 2576 638 911
3 2531 911 638
3 1293 911 2204
3 1249 2204 911
3 2443 2204 658
3 2398 658 2204
3 1294 658 103
3 1250 103 658
3 2533 103 1758
3 2489 1758 103
3 1207 1758 932
3 1163 932 1758
3 21 65 932
3 65 21 1755
3 1384 1755 2060
3 1340 2060 1755
3 286 2060 257
3 242 257 2060
3 1782 257 647
3 1738 647 257
3 331 647 137
3 287 137 647
3 1607 137 282
3 1563 282 137
3 2650 282 2321
3 1994 939 807
3 235 1246 49
3 2345 1535 1532
3 301 1886 212
3 520 1886 1146
3 1443 413 2620
3 80 2371 2103
3 2031 532 2003
3 2152 1786 1202
3 1558 686 2337
3 696 2380 1664
3 1151 2152 1928
3 67 2392 1385
3 39 1357 202
3 1957 2182 10
3 1311 1931 1932
3 1625 1582 2317
3 564 1556 1601
3 190 2488 1047
3 417 1445 784
3 639 330 2366
3 1530 2119 667
3 1268 1312 1432
3 2598 2637 1312
3 1534 1578 2637
3 215 259 1578
3 1491 1579 259
3 524 568 1579
3 1712 1756 568
3 349 437 1756
3 1889 1933 437
3 482 526 1933
3 1890 1934 526
3 483 527 1934
3 1759 1803 527
3 440 528 1803
3 2067 2111 528
3 529 573 2111
3 1937 2024 573
3 882 926 2024
3 2113 2157 926
3 839 927 2157
3 2473 2518 927
3 1191 1235 2518
3 2384 2429 1235
3 1368 1413 2429
3 2520 2564 1413
3 1414 1459 2564
3 447 491 1459
3 1723 1767 491
3 536 624 1767
3 1856 1900 624
3 537 581 1900
3 1857 1901 581
3 714 758 1901
3 1945 1989 758
3 759 803 1989
3 2256 2301 803
3 935 979 2301
3 2347 2437 979
3 1288 1332 2437
3 2483 2528 1332
3 1113 1157 2528
3 2573 2619 1157
3 982 1026 2619
3 2305 2350 1026
3 1203 1247 2350
3 2575 2621 1247
3 1248 1292 2621
3 2576 2622 1292
3 1293 1337 2622
3 2443 2532 1337
3 1294 1338 2532
3 2533 2578 1338
3 1207 1251 2578
3 65 109 1251
3 1384 1429 109
3 286 374 1429
3 1782 1826 374
3 331 375 1826
3 1607 1695 375
3 2650 1432 1695
3 561 169 1792
3 2188 1356 561
3 2143 38 2188
3 1219 1622 2143
3 1748 303 1219
3 77 1623 1748
3 1044 612 77
3 33 1800 1044
3 869 481 33
3 517 1976 869
3 2633 570 517
3 473 1977 2633
3 1704 571 473
3 1660 1847 1704
3 2099 572 1660
3 825 2155 2099
3 2593 617 825
3 2055 2068 2593
3 1175 969 2055
3 1616 2202 1175
3 429 970 1616
3 1000 2562 429
3 2547 1279 1000
3 781 2474 2547
3 385 1458 781
3 2503 2610 385
3 341 1502 2503
3 1572 535 341
3 1528 1811 1572
3 2011 668 1528
3 737 1943 2011
3 1967 625 737
3 1924 1944 1967
3 1131 802 1924
3 1485 2033 1131
3 2458 847 1485
3 956 2346 2458
3 2413 1023 956
3 693 2482 2413
3 297 1376 693
3 2368 2572 297
3 253 1201 2368
3 1441 2647 253
3 1396 1070 1441
3 1880 2395 1396
3 649 1291 1880
3 2323 18 649
3 1836 1336 2323
3 1087 19 1836
3 1351 1381 1087
3 209 2577 1351
3 913 1382 209
3 2278 2624 913
3 605 1295 2278
3 165 153 605
3 2233 1474 165
3 121 418 2233
3 1307 1870 121
3 1263 419 1307
3 1792 1739 1263
3 738 1783 254
3 694 1401 738
3 1001 1666 694
3 2020 1844 210
3 166 1081 614
3 122 616 2504
3 2459 661 122
3 650 1013 2459
3 606 1014 650
3 562 1323 606
3 957 1501 562
3 78 2643 957
3 518 579 78
3 474 712 518
3 430 669 474
3 914 846 430
3 1421 1067 34
3 2634 1273 2618
3 2594 2440 2414
3 2369 61 2594
3 386 62 2369
3 342 2623 386
3 298 2648 342
3 870 197 298
3 2548 1517 870
3 254 1914 2548
3 1968 507 2012
3 2324 82 1968
3 2279 82 2324
3 1925 1711 2279
3 1711 1925 1881
3 1793 2064 1837
3 2234 1935 1793
3 1749 1935 2234
3 1132 2156 1749
3 1661 11 1705
3 1617 50 1661
3 2189 1899 1617
3 1573 1899 2189
3 2144 713 1573
3 2100 713 2144
3 1529 934 2100
3 934 1529 1486
3 1397 1466 1442
3 2056 1158 1397
3 1352 1158 2056
3 1088 1425 1352
3 1308 1425 1088
3 1264 1472 1308
3 1220 1472 1264
3 1176 1561 1220
3 2012 507 1176
3 867 126 2097
3 779 613 867
3 823 1053 422
3 613 779 2021
3 1979 735 2335
3 603 2021 691
3 1280 1042 1842
3 559 2201 603
3 2276 566 2136
3 471 2201 559
3 427 1634 471
3 1634 427 757
3 383 757 954
3 1435 2649 1961
3 841 886 2611
3 189 1917 48
3 339 2617 383
3 2037 1863 720
3 1413 1368 2520
3 998 2485 251
3 207 2388 2591
3 2485 998 1470
3 1768 163 2109
3 2631 1383 119
3 1200 75 101
3 2524 1418 2568
3 31 2559 327
3 1317 2603 8
3 836 1190 2108
3 1034 990 2178
3 1340 1755 1509
3 2213 2081 2125
3 300 657 1556
3 2600 1489 2052
3 438 748 1888
3 2481 704 2646
3 654 2239 698
3 788 1146 702
3 399 354 2411
3 2112 1824 1434
3 99 1374 1419
3 331 1782 647
3 485 1678 2335
3 1799 1639 1682
3 497 800 1478
3 757 2617 1961
3 110 2529 938
3 1327 334 249
3 1293 2576 911
3 1252 978 2579
3 2403 1049 1093
3 2527 2240 2585
3 1560 2646 1603
3 2617 2485 1961
3 2438 1333 101
3 1289 1051 6
3 1634 2165 2201
3 2485 1470 1435
3 2206 1513 597
3 1426 2641 2539
3 557 2231 1317
3 63 2615 262
3 391 266 265
3 493 1428 2109
3 1383 550 126
3 946 594 2135
3 2603 2231 1877
3 2417 2462 1816
3 928 885 929
3 1601 657 2337
3 2398 1249 1205
3 276 1552 320
3 290 800 1729
3 126 2649 1435
3 1408 221 1221
3 2625 978 1509
3 1513 2161 642
3 594 903 947
